ms_timestamp,GSR,timestamp
1771432580462,863.0,2026-02-18 11:36:20.462
1771432580515,865.0,2026-02-18 11:36:20.515
1771432580565,865.0,2026-02-18 11:36:20.565
1771432580614,865.0,2026-02-18 11:36:20.614
1771432580663,865.0,2026-02-18 11:36:20.663
1771432580719,866.0,2026-02-18 11:36:20.719
1771432580765,866.0,2026-02-18 11:36:20.765
1771432580815,866.0,2026-02-18 11:36:20.815
1771432580868,866.0,2026-02-18 11:36:20.868
1771432580917,867.0,2026-02-18 11:36:20.917
1771432580968,867.0,2026-02-18 11:36:20.968
1771432581015,867.0,2026-02-18 11:36:21.015
1771432581070,867.0,2026-02-18 11:36:21.070
1771432581119,867.0,2026-02-18 11:36:21.119
1771432581169,868.0,2026-02-18 11:36:21.169
1771432581216,868.0,2026-02-18 11:36:21.216
1771432581270,868.0,2026-02-18 11:36:21.270
1771432581318,868.0,2026-02-18 11:36:21.318
1771432581368,869.0,2026-02-18 11:36:21.368
1771432581420,869.0,2026-02-18 11:36:21.420
1771432581470,870.0,2026-02-18 11:36:21.470
1771432581520,870.0,2026-02-18 11:36:21.520
1771432581568,870.0,2026-02-18 11:36:21.568
1771432581621,870.0,2026-02-18 11:36:21.621
1771432581671,871.0,2026-02-18 11:36:21.671
1771432581720,871.0,2026-02-18 11:36:21.720
1771432581773,871.0,2026-02-18 11:36:21.773
1771432581822,871.0,2026-02-18 11:36:21.822
1771432581871,871.0,2026-02-18 11:36:21.871
1771432581920,871.0,2026-02-18 11:36:21.920
1771432581973,871.0,2026-02-18 11:36:21.973
1771432582023,871.0,2026-02-18 11:36:22.023
1771432582072,871.0,2026-02-18 11:36:22.072
1771432582125,871.0,2026-02-18 11:36:22.125
1771432582174,870.0,2026-02-18 11:36:22.174
1771432582223,870.0,2026-02-18 11:36:22.223
1771432582272,870.0,2026-02-18 11:36:22.272
1771432582326,870.0,2026-02-18 11:36:22.326
1771432582375,869.0,2026-02-18 11:36:22.375
1771432582424,869.0,2026-02-18 11:36:22.424
1771432582473,869.0,2026-02-18 11:36:22.473
1771432582526,868.0,2026-02-18 11:36:22.526
1771432582575,868.0,2026-02-18 11:36:22.575
1771432582625,868.0,2026-02-18 11:36:22.625
1771432582678,868.0,2026-02-18 11:36:22.678
1771432582727,868.0,2026-02-18 11:36:22.727
1771432582776,868.0,2026-02-18 11:36:22.776
1771432582825,868.0,2026-02-18 11:36:22.825
1771432582879,868.0,2026-02-18 11:36:22.879
1771432582928,868.0,2026-02-18 11:36:22.928
1771432582977,868.0,2026-02-18 11:36:22.977
1771432583030,868.0,2026-02-18 11:36:23.030
1771432583079,868.0,2026-02-18 11:36:23.079
1771432583129,868.0,2026-02-18 11:36:23.129
1771432583178,868.0,2026-02-18 11:36:23.178
1771432583231,869.0,2026-02-18 11:36:23.231
1771432583280,869.0,2026-02-18 11:36:23.280
1771432583329,869.0,2026-02-18 11:36:23.329
1771432583383,869.0,2026-02-18 11:36:23.383
1771432583432,869.0,2026-02-18 11:36:23.432
1771432583481,869.0,2026-02-18 11:36:23.481
1771432583530,869.0,2026-02-18 11:36:23.530
1771432583583,869.0,2026-02-18 11:36:23.583
1771432583632,870.0,2026-02-18 11:36:23.632
1771432583684,870.0,2026-02-18 11:36:23.684
1771432583731,870.0,2026-02-18 11:36:23.731
1771432583785,870.0,2026-02-18 11:36:23.785
1771432583833,870.0,2026-02-18 11:36:23.833
1771432583882,870.0,2026-02-18 11:36:23.882
1771432583936,871.0,2026-02-18 11:36:23.936
1771432583984,871.0,2026-02-18 11:36:23.984
1771432584034,871.0,2026-02-18 11:36:24.034
1771432584084,872.0,2026-02-18 11:36:24.084
1771432584136,872.0,2026-02-18 11:36:24.136
1771432584185,873.0,2026-02-18 11:36:24.185
1771432584234,873.0,2026-02-18 11:36:24.234
1771432584288,873.0,2026-02-18 11:36:24.288
1771432584337,873.0,2026-02-18 11:36:24.337
1771432584386,874.0,2026-02-18 11:36:24.386
1771432584435,873.0,2026-02-18 11:36:24.435
1771432584488,874.0,2026-02-18 11:36:24.488
1771432584537,873.0,2026-02-18 11:36:24.537
1771432584587,874.0,2026-02-18 11:36:24.587
1771432584640,874.0,2026-02-18 11:36:24.640
1771432584689,873.0,2026-02-18 11:36:24.689
1771432584738,873.0,2026-02-18 11:36:24.738
1771432584787,873.0,2026-02-18 11:36:24.787
1771432584841,873.0,2026-02-18 11:36:24.841
1771432584890,873.0,2026-02-18 11:36:24.890
1771432584939,873.0,2026-02-18 11:36:24.939
1771432584988,872.0,2026-02-18 11:36:24.988
1771432585041,872.0,2026-02-18 11:36:25.041
1771432585091,871.0,2026-02-18 11:36:25.091
1771432585140,871.0,2026-02-18 11:36:25.140
1771432585193,871.0,2026-02-18 11:36:25.193
1771432585242,871.0,2026-02-18 11:36:25.242
1771432585291,870.0,2026-02-18 11:36:25.291
1771432585340,870.0,2026-02-18 11:36:25.340
1771432585393,870.0,2026-02-18 11:36:25.393
1771432585443,870.0,2026-02-18 11:36:25.443
1771432585492,870.0,2026-02-18 11:36:25.492
1771432585545,870.0,2026-02-18 11:36:25.545
1771432585594,870.0,2026-02-18 11:36:25.594
1771432585644,870.0,2026-02-18 11:36:25.644
1771432585693,870.0,2026-02-18 11:36:25.693
1771432585746,870.0,2026-02-18 11:36:25.746
1771432585795,870.0,2026-02-18 11:36:25.795
1771432585844,870.0,2026-02-18 11:36:25.844
1771432585897,870.0,2026-02-18 11:36:25.897
1771432585946,870.0,2026-02-18 11:36:25.946
1771432585996,870.0,2026-02-18 11:36:25.996
1771432586045,870.0,2026-02-18 11:36:26.045
1771432586098,870.0,2026-02-18 11:36:26.098
1771432586147,870.0,2026-02-18 11:36:26.147
1771432586196,870.0,2026-02-18 11:36:26.196
1771432586246,870.0,2026-02-18 11:36:26.246
1771432586299,870.0,2026-02-18 11:36:26.299
1771432586348,870.0,2026-02-18 11:36:26.348
1771432586397,870.0,2026-02-18 11:36:26.397
1771432586450,870.0,2026-02-18 11:36:26.450
1771432586499,870.0,2026-02-18 11:36:26.499
1771432586548,870.0,2026-02-18 11:36:26.548
1771432586598,871.0,2026-02-18 11:36:26.598
1771432586651,871.0,2026-02-18 11:36:26.651
1771432586703,871.0,2026-02-18 11:36:26.703
1771432586751,871.0,2026-02-18 11:36:26.751
1771432586803,872.0,2026-02-18 11:36:26.803
1771432586852,872.0,2026-02-18 11:36:26.852
1771432586901,872.0,2026-02-18 11:36:26.901
1771432586951,872.0,2026-02-18 11:36:26.951
1771432587003,872.0,2026-02-18 11:36:27.003
1771432587052,872.0,2026-02-18 11:36:27.052
1771432587104,872.0,2026-02-18 11:36:27.104
1771432587155,872.0,2026-02-18 11:36:27.155
1771432587204,872.0,2026-02-18 11:36:27.204
1771432587253,872.0,2026-02-18 11:36:27.253
1771432587303,872.0,2026-02-18 11:36:27.303
1771432587355,872.0,2026-02-18 11:36:27.355
1771432587405,872.0,2026-02-18 11:36:27.405
1771432587454,871.0,2026-02-18 11:36:27.454
1771432587503,871.0,2026-02-18 11:36:27.503
1771432587556,871.0,2026-02-18 11:36:27.556
1771432587605,871.0,2026-02-18 11:36:27.605
1771432587654,870.0,2026-02-18 11:36:27.654
1771432587708,870.0,2026-02-18 11:36:27.708
1771432587757,869.0,2026-02-18 11:36:27.757
1771432587806,869.0,2026-02-18 11:36:27.806
1771432587855,868.0,2026-02-18 11:36:27.855
1771432587909,868.0,2026-02-18 11:36:27.909
1771432587957,868.0,2026-02-18 11:36:27.957
1771432588007,868.0,2026-02-18 11:36:28.007
1771432588060,867.0,2026-02-18 11:36:28.060
1771432588109,867.0,2026-02-18 11:36:28.109
1771432588158,867.0,2026-02-18 11:36:28.158
1771432588207,867.0,2026-02-18 11:36:28.207
1771432588261,867.0,2026-02-18 11:36:28.261
1771432588310,867.0,2026-02-18 11:36:28.310
1771432588359,867.0,2026-02-18 11:36:28.359
1771432588412,867.0,2026-02-18 11:36:28.412
1771432588461,867.0,2026-02-18 11:36:28.461
1771432588510,867.0,2026-02-18 11:36:28.510
1771432588560,867.0,2026-02-18 11:36:28.560
1771432588613,867.0,2026-02-18 11:36:28.613
1771432588662,867.0,2026-02-18 11:36:28.662
1771432588711,867.0,2026-02-18 11:36:28.711
1771432588760,867.0,2026-02-18 11:36:28.760
1771432588813,867.0,2026-02-18 11:36:28.813
1771432588863,867.0,2026-02-18 11:36:28.863
1771432588912,867.0,2026-02-18 11:36:28.912
1771432588965,867.0,2026-02-18 11:36:28.965
1771432589014,867.0,2026-02-18 11:36:29.014
1771432589063,867.0,2026-02-18 11:36:29.063
1771432589113,867.0,2026-02-18 11:36:29.113
1771432589166,867.0,2026-02-18 11:36:29.166
1771432589215,867.0,2026-02-18 11:36:29.215
1771432589264,868.0,2026-02-18 11:36:29.264
1771432589317,868.0,2026-02-18 11:36:29.317
1771432589366,868.0,2026-02-18 11:36:29.366
1771432589416,868.0,2026-02-18 11:36:29.416
1771432589465,869.0,2026-02-18 11:36:29.465
1771432589518,869.0,2026-02-18 11:36:29.518
1771432589568,869.0,2026-02-18 11:36:29.568
1771432589618,869.0,2026-02-18 11:36:29.618
1771432589669,869.0,2026-02-18 11:36:29.669
1771432589719,869.0,2026-02-18 11:36:29.719
1771432589768,869.0,2026-02-18 11:36:29.768
1771432589817,869.0,2026-02-18 11:36:29.817
1771432589870,869.0,2026-02-18 11:36:29.870
1771432589919,869.0,2026-02-18 11:36:29.919
1771432589969,869.0,2026-02-18 11:36:29.969
1771432590018,869.0,2026-02-18 11:36:30.018
1771432590071,869.0,2026-02-18 11:36:30.071
1771432590120,869.0,2026-02-18 11:36:30.120
1771432590169,868.0,2026-02-18 11:36:30.169
1771432590222,868.0,2026-02-18 11:36:30.222
1771432590272,867.0,2026-02-18 11:36:30.272
1771432590321,867.0,2026-02-18 11:36:30.321
1771432590370,867.0,2026-02-18 11:36:30.370
1771432590423,866.0,2026-02-18 11:36:30.423
1771432590472,866.0,2026-02-18 11:36:30.472
1771432590521,865.0,2026-02-18 11:36:30.521
1771432590575,865.0,2026-02-18 11:36:30.575
1771432590624,865.0,2026-02-18 11:36:30.624
1771432590673,865.0,2026-02-18 11:36:30.673
1771432590722,865.0,2026-02-18 11:36:30.722
1771432590775,865.0,2026-02-18 11:36:30.775
1771432590825,865.0,2026-02-18 11:36:30.825
1771432590874,865.0,2026-02-18 11:36:30.874
1771432590927,865.0,2026-02-18 11:36:30.927
1771432590976,865.0,2026-02-18 11:36:30.976
1771432591025,864.0,2026-02-18 11:36:31.025
1771432591074,865.0,2026-02-18 11:36:31.074
1771432591128,865.0,2026-02-18 11:36:31.128
1771432591177,865.0,2026-02-18 11:36:31.177
1771432591226,865.0,2026-02-18 11:36:31.226
1771432591275,865.0,2026-02-18 11:36:31.275
1771432591328,865.0,2026-02-18 11:36:31.328
1771432591377,865.0,2026-02-18 11:36:31.377
1771432591427,865.0,2026-02-18 11:36:31.427
1771432591480,865.0,2026-02-18 11:36:31.480
1771432591529,865.0,2026-02-18 11:36:31.529
1771432591578,865.0,2026-02-18 11:36:31.578
1771432591627,865.0,2026-02-18 11:36:31.627
1771432591681,865.0,2026-02-18 11:36:31.681
1771432591730,865.0,2026-02-18 11:36:31.730
1771432591779,865.0,2026-02-18 11:36:31.779
1771432591832,865.0,2026-02-18 11:36:31.832
1771432591881,866.0,2026-02-18 11:36:31.881
1771432591930,866.0,2026-02-18 11:36:31.930
1771432591980,866.0,2026-02-18 11:36:31.980
1771432592038,866.0,2026-02-18 11:36:32.038
1771432592082,867.0,2026-02-18 11:36:32.082
1771432592131,867.0,2026-02-18 11:36:32.131
1771432592184,867.0,2026-02-18 11:36:32.184
1771432592234,867.0,2026-02-18 11:36:32.234
1771432592283,868.0,2026-02-18 11:36:32.283
1771432592332,868.0,2026-02-18 11:36:32.332
1771432592385,868.0,2026-02-18 11:36:32.385
1771432592434,867.0,2026-02-18 11:36:32.434
1771432592483,867.0,2026-02-18 11:36:32.483
1771432592533,867.0,2026-02-18 11:36:32.533
1771432592586,867.0,2026-02-18 11:36:32.586
1771432592635,867.0,2026-02-18 11:36:32.635
1771432592684,867.0,2026-02-18 11:36:32.684
1771432592737,867.0,2026-02-18 11:36:32.737
1771432592786,866.0,2026-02-18 11:36:32.786
1771432592836,866.0,2026-02-18 11:36:32.836
1771432592885,866.0,2026-02-18 11:36:32.885
1771432592938,865.0,2026-02-18 11:36:32.938
1771432592987,865.0,2026-02-18 11:36:32.987
1771432593036,865.0,2026-02-18 11:36:33.036
1771432593089,864.0,2026-02-18 11:36:33.089
1771432593139,864.0,2026-02-18 11:36:33.139
1771432593188,864.0,2026-02-18 11:36:33.188
1771432593237,863.0,2026-02-18 11:36:33.237
1771432593304,863.0,2026-02-18 11:36:33.304
1771432593339,863.0,2026-02-18 11:36:33.339
1771432593388,863.0,2026-02-18 11:36:33.388
1771432593442,863.0,2026-02-18 11:36:33.442
1771432593491,863.0,2026-02-18 11:36:33.491
1771432593540,863.0,2026-02-18 11:36:33.540
1771432593589,863.0,2026-02-18 11:36:33.589
1771432593642,863.0,2026-02-18 11:36:33.642
1771432593692,863.0,2026-02-18 11:36:33.692
1771432593741,863.0,2026-02-18 11:36:33.741
1771432593791,863.0,2026-02-18 11:36:33.791
1771432593843,863.0,2026-02-18 11:36:33.843
1771432593893,863.0,2026-02-18 11:36:33.893
1771432593942,863.0,2026-02-18 11:36:33.942
1771432593995,863.0,2026-02-18 11:36:33.995
1771432594044,863.0,2026-02-18 11:36:34.044
1771432594093,863.0,2026-02-18 11:36:34.093
1771432594142,863.0,2026-02-18 11:36:34.142
1771432594195,863.0,2026-02-18 11:36:34.195
1771432594244,863.0,2026-02-18 11:36:34.244
1771432594294,863.0,2026-02-18 11:36:34.294
1771432594347,863.0,2026-02-18 11:36:34.347
1771432594396,863.0,2026-02-18 11:36:34.396
1771432594445,864.0,2026-02-18 11:36:34.445
1771432594494,864.0,2026-02-18 11:36:34.494
1771432594548,864.0,2026-02-18 11:36:34.548
1771432594597,865.0,2026-02-18 11:36:34.597
1771432594646,865.0,2026-02-18 11:36:34.646
1771432594699,865.0,2026-02-18 11:36:34.699
1771432594748,866.0,2026-02-18 11:36:34.748
1771432594798,866.0,2026-02-18 11:36:34.798
1771432594847,866.0,2026-02-18 11:36:34.847
1771432594900,866.0,2026-02-18 11:36:34.900
1771432594952,866.0,2026-02-18 11:36:34.952
1771432594998,866.0,2026-02-18 11:36:34.998
1771432595047,867.0,2026-02-18 11:36:35.047
1771432595101,867.0,2026-02-18 11:36:35.101
1771432595152,867.0,2026-02-18 11:36:35.152
1771432595199,866.0,2026-02-18 11:36:35.199
1771432595252,867.0,2026-02-18 11:36:35.252
1771432595301,867.0,2026-02-18 11:36:35.301
1771432595350,866.0,2026-02-18 11:36:35.350
1771432595399,866.0,2026-02-18 11:36:35.399
1771432595453,866.0,2026-02-18 11:36:35.453
1771432595502,866.0,2026-02-18 11:36:35.502
1771432595552,865.0,2026-02-18 11:36:35.552
1771432595605,865.0,2026-02-18 11:36:35.605
1771432595654,865.0,2026-02-18 11:36:35.654
1771432595703,865.0,2026-02-18 11:36:35.703
1771432595752,864.0,2026-02-18 11:36:35.752
1771432595805,864.0,2026-02-18 11:36:35.805
1771432595854,863.0,2026-02-18 11:36:35.854
1771432595905,863.0,2026-02-18 11:36:35.905
1771432595957,863.0,2026-02-18 11:36:35.957
1771432596006,863.0,2026-02-18 11:36:36.006
1771432596055,863.0,2026-02-18 11:36:36.055
1771432596104,863.0,2026-02-18 11:36:36.104
1771432596157,863.0,2026-02-18 11:36:36.157
1771432596206,863.0,2026-02-18 11:36:36.206
1771432596256,863.0,2026-02-18 11:36:36.256
1771432596305,863.0,2026-02-18 11:36:36.305
1771432596358,863.0,2026-02-18 11:36:36.358
1771432596407,863.0,2026-02-18 11:36:36.407
1771432596456,863.0,2026-02-18 11:36:36.456
1771432596509,864.0,2026-02-18 11:36:36.509
1771432596559,864.0,2026-02-18 11:36:36.559
1771432596608,864.0,2026-02-18 11:36:36.608
1771432596657,864.0,2026-02-18 11:36:36.657
1771432596710,864.0,2026-02-18 11:36:36.710
1771432596759,864.0,2026-02-18 11:36:36.759
1771432596809,864.0,2026-02-18 11:36:36.809
1771432596862,864.0,2026-02-18 11:36:36.862
1771432596911,864.0,2026-02-18 11:36:36.911
1771432596960,864.0,2026-02-18 11:36:36.960
1771432597009,864.0,2026-02-18 11:36:37.009
1771432597063,865.0,2026-02-18 11:36:37.063
1771432597112,864.0,2026-02-18 11:36:37.112
1771432597161,865.0,2026-02-18 11:36:37.161
1771432597214,865.0,2026-02-18 11:36:37.214
1771432597263,866.0,2026-02-18 11:36:37.263
1771432597312,866.0,2026-02-18 11:36:37.312
1771432597362,866.0,2026-02-18 11:36:37.362
1771432597415,867.0,2026-02-18 11:36:37.415
1771432597464,867.0,2026-02-18 11:36:37.464
1771432597513,867.0,2026-02-18 11:36:37.513
1771432597562,867.0,2026-02-18 11:36:37.562
1771432597615,868.0,2026-02-18 11:36:37.615
1771432597665,868.0,2026-02-18 11:36:37.665
1771432597714,868.0,2026-02-18 11:36:37.714
1771432597767,868.0,2026-02-18 11:36:37.767
1771432597816,868.0,2026-02-18 11:36:37.816
1771432597865,868.0,2026-02-18 11:36:37.865
1771432597915,868.0,2026-02-18 11:36:37.915
1771432597969,868.0,2026-02-18 11:36:37.969
1771432598017,867.0,2026-02-18 11:36:38.017
1771432598066,867.0,2026-02-18 11:36:38.066
1771432598119,867.0,2026-02-18 11:36:38.119
1771432598170,867.0,2026-02-18 11:36:38.170
1771432598220,866.0,2026-02-18 11:36:38.220
1771432598267,866.0,2026-02-18 11:36:38.267
1771432598320,866.0,2026-02-18 11:36:38.320
1771432598369,865.0,2026-02-18 11:36:38.369
1771432598418,865.0,2026-02-18 11:36:38.418
1771432598471,864.0,2026-02-18 11:36:38.471
1771432598521,864.0,2026-02-18 11:36:38.521
1771432598570,864.0,2026-02-18 11:36:38.570
1771432598619,864.0,2026-02-18 11:36:38.619
1771432598672,864.0,2026-02-18 11:36:38.672
1771432598721,864.0,2026-02-18 11:36:38.721
1771432598772,864.0,2026-02-18 11:36:38.772
1771432598820,864.0,2026-02-18 11:36:38.820
1771432598873,864.0,2026-02-18 11:36:38.873
1771432598922,864.0,2026-02-18 11:36:38.922
1771432598971,864.0,2026-02-18 11:36:38.971
1771432599024,864.0,2026-02-18 11:36:39.024
1771432599073,864.0,2026-02-18 11:36:39.073
1771432599123,864.0,2026-02-18 11:36:39.123
1771432599172,864.0,2026-02-18 11:36:39.172
1771432599225,864.0,2026-02-18 11:36:39.225
1771432599275,865.0,2026-02-18 11:36:39.275
1771432599323,864.0,2026-02-18 11:36:39.323
1771432599377,865.0,2026-02-18 11:36:39.377
1771432599426,865.0,2026-02-18 11:36:39.426
1771432599475,865.0,2026-02-18 11:36:39.475
1771432599524,865.0,2026-02-18 11:36:39.524
1771432599577,865.0,2026-02-18 11:36:39.577
1771432599627,865.0,2026-02-18 11:36:39.627
1771432599676,865.0,2026-02-18 11:36:39.676
1771432599729,866.0,2026-02-18 11:36:39.729
1771432599778,866.0,2026-02-18 11:36:39.778
1771432599827,866.0,2026-02-18 11:36:39.827
1771432599876,866.0,2026-02-18 11:36:39.876
1771432599930,866.0,2026-02-18 11:36:39.930
1771432599979,867.0,2026-02-18 11:36:39.979
1771432600028,867.0,2026-02-18 11:36:40.028
1771432600077,867.0,2026-02-18 11:36:40.077
1771432600130,868.0,2026-02-18 11:36:40.130
1771432600179,868.0,2026-02-18 11:36:40.179
1771432600229,868.0,2026-02-18 11:36:40.229
1771432600282,869.0,2026-02-18 11:36:40.282
1771432600331,869.0,2026-02-18 11:36:40.331
1771432600380,869.0,2026-02-18 11:36:40.380
1771432600429,869.0,2026-02-18 11:36:40.429
1771432600482,869.0,2026-02-18 11:36:40.482
1771432600532,869.0,2026-02-18 11:36:40.532
1771432600581,869.0,2026-02-18 11:36:40.581
1771432600634,869.0,2026-02-18 11:36:40.634
1771432600683,868.0,2026-02-18 11:36:40.683
1771432600732,868.0,2026-02-18 11:36:40.732
1771432600781,868.0,2026-02-18 11:36:40.781
1771432600835,868.0,2026-02-18 11:36:40.835
1771432600884,867.0,2026-02-18 11:36:40.884
1771432600933,867.0,2026-02-18 11:36:40.933
1771432600986,867.0,2026-02-18 11:36:40.986
1771432601035,866.0,2026-02-18 11:36:41.035
1771432601085,866.0,2026-02-18 11:36:41.085
1771432601134,866.0,2026-02-18 11:36:41.134
1771432601187,865.0,2026-02-18 11:36:41.187
1771432601236,865.0,2026-02-18 11:36:41.236
1771432601285,865.0,2026-02-18 11:36:41.285
1771432601339,865.0,2026-02-18 11:36:41.339
1771432601388,865.0,2026-02-18 11:36:41.388
1771432601437,865.0,2026-02-18 11:36:41.437
1771432601486,866.0,2026-02-18 11:36:41.486
1771432601539,866.0,2026-02-18 11:36:41.539
1771432601588,866.0,2026-02-18 11:36:41.588
1771432601638,866.0,2026-02-18 11:36:41.638
1771432601687,866.0,2026-02-18 11:36:41.687
1771432601740,866.0,2026-02-18 11:36:41.740
1771432601789,866.0,2026-02-18 11:36:41.789
1771432601838,866.0,2026-02-18 11:36:41.838
1771432601891,866.0,2026-02-18 11:36:41.891
1771432601941,867.0,2026-02-18 11:36:41.941
1771432601990,867.0,2026-02-18 11:36:41.990
1771432602039,867.0,2026-02-18 11:36:42.039
1771432602092,867.0,2026-02-18 11:36:42.092
1771432602141,867.0,2026-02-18 11:36:42.141
1771432602190,868.0,2026-02-18 11:36:42.190
1771432602244,868.0,2026-02-18 11:36:42.244
1771432602293,868.0,2026-02-18 11:36:42.293
1771432602342,868.0,2026-02-18 11:36:42.342
1771432602391,868.0,2026-02-18 11:36:42.391
1771432602444,868.0,2026-02-18 11:36:42.444
1771432602494,868.0,2026-02-18 11:36:42.494
1771432602543,869.0,2026-02-18 11:36:42.543
1771432602592,869.0,2026-02-18 11:36:42.592
1771432602645,870.0,2026-02-18 11:36:42.645
1771432602694,870.0,2026-02-18 11:36:42.694
1771432602744,871.0,2026-02-18 11:36:42.744
1771432602797,871.0,2026-02-18 11:36:42.797
1771432602846,871.0,2026-02-18 11:36:42.846
1771432602895,871.0,2026-02-18 11:36:42.895
1771432602944,872.0,2026-02-18 11:36:42.944
1771432602997,872.0,2026-02-18 11:36:42.997
1771432603046,872.0,2026-02-18 11:36:43.046
1771432603096,872.0,2026-02-18 11:36:43.096
1771432603149,872.0,2026-02-18 11:36:43.149
1771432603198,872.0,2026-02-18 11:36:43.198
1771432603247,872.0,2026-02-18 11:36:43.247
1771432603296,872.0,2026-02-18 11:36:43.296
1771432603349,872.0,2026-02-18 11:36:43.349
1771432603399,872.0,2026-02-18 11:36:43.399
1771432603448,872.0,2026-02-18 11:36:43.448
1771432603501,871.0,2026-02-18 11:36:43.501
1771432603550,871.0,2026-02-18 11:36:43.550
1771432603601,871.0,2026-02-18 11:36:43.601
1771432603649,871.0,2026-02-18 11:36:43.649
1771432603702,870.0,2026-02-18 11:36:43.702
1771432603752,870.0,2026-02-18 11:36:43.752
1771432603800,869.0,2026-02-18 11:36:43.800
1771432603849,869.0,2026-02-18 11:36:43.849
1771432603903,869.0,2026-02-18 11:36:43.903
1771432603953,869.0,2026-02-18 11:36:43.953
1771432604001,869.0,2026-02-18 11:36:44.001
1771432604054,869.0,2026-02-18 11:36:44.054
1771432604103,869.0,2026-02-18 11:36:44.103
1771432604152,869.0,2026-02-18 11:36:44.152
1771432604201,869.0,2026-02-18 11:36:44.201
1771432604255,869.0,2026-02-18 11:36:44.255
1771432604304,869.0,2026-02-18 11:36:44.304
1771432604354,869.0,2026-02-18 11:36:44.354
1771432604406,869.0,2026-02-18 11:36:44.406
1771432604455,869.0,2026-02-18 11:36:44.455
1771432604506,869.0,2026-02-18 11:36:44.506
1771432604554,869.0,2026-02-18 11:36:44.554
1771432604607,869.0,2026-02-18 11:36:44.607
1771432604656,869.0,2026-02-18 11:36:44.656
1771432604705,869.0,2026-02-18 11:36:44.705
1771432604758,869.0,2026-02-18 11:36:44.758
1771432604808,869.0,2026-02-18 11:36:44.808
1771432604857,869.0,2026-02-18 11:36:44.857
1771432604906,869.0,2026-02-18 11:36:44.906
1771432604959,869.0,2026-02-18 11:36:44.959
1771432605011,869.0,2026-02-18 11:36:45.011
1771432605058,870.0,2026-02-18 11:36:45.058
1771432605111,870.0,2026-02-18 11:36:45.111
1771432605160,870.0,2026-02-18 11:36:45.160
1771432605210,870.0,2026-02-18 11:36:45.210
1771432605258,870.0,2026-02-18 11:36:45.258
1771432605311,871.0,2026-02-18 11:36:45.311
1771432605361,871.0,2026-02-18 11:36:45.361
1771432605410,871.0,2026-02-18 11:36:45.410
1771432605460,871.0,2026-02-18 11:36:45.460
1771432605512,871.0,2026-02-18 11:36:45.512
1771432605561,872.0,2026-02-18 11:36:45.561
1771432605611,872.0,2026-02-18 11:36:45.611
1771432605674,872.0,2026-02-18 11:36:45.674
1771432605713,872.0,2026-02-18 11:36:45.713
1771432605762,872.0,2026-02-18 11:36:45.762
1771432605811,872.0,2026-02-18 11:36:45.811
1771432605864,872.0,2026-02-18 11:36:45.864
1771432605914,872.0,2026-02-18 11:36:45.914
1771432605963,872.0,2026-02-18 11:36:45.963
1771432606016,871.0,2026-02-18 11:36:46.016
1771432606065,871.0,2026-02-18 11:36:46.065
1771432606114,871.0,2026-02-18 11:36:46.114
1771432606164,870.0,2026-02-18 11:36:46.164
1771432606217,870.0,2026-02-18 11:36:46.217
1771432606266,870.0,2026-02-18 11:36:46.266
1771432606315,869.0,2026-02-18 11:36:46.315
1771432606368,869.0,2026-02-18 11:36:46.368
1771432606417,868.0,2026-02-18 11:36:46.417
1771432606466,868.0,2026-02-18 11:36:46.466
1771432606516,867.0,2026-02-18 11:36:46.516
1771432606569,867.0,2026-02-18 11:36:46.569
1771432606618,867.0,2026-02-18 11:36:46.618
1771432606667,867.0,2026-02-18 11:36:46.667
1771432606716,867.0,2026-02-18 11:36:46.716
1771432606770,867.0,2026-02-18 11:36:46.770
1771432606821,867.0,2026-02-18 11:36:46.821
1771432606868,867.0,2026-02-18 11:36:46.868
1771432606922,867.0,2026-02-18 11:36:46.922
1771432606970,867.0,2026-02-18 11:36:46.970
1771432607019,867.0,2026-02-18 11:36:47.019
1771432607069,867.0,2026-02-18 11:36:47.069
1771432607122,867.0,2026-02-18 11:36:47.122
1771432607171,867.0,2026-02-18 11:36:47.171
1771432607220,867.0,2026-02-18 11:36:47.220
1771432607273,867.0,2026-02-18 11:36:47.273
1771432607322,867.0,2026-02-18 11:36:47.322
1771432607372,867.0,2026-02-18 11:36:47.372
1771432607421,867.0,2026-02-18 11:36:47.421
1771432607474,867.0,2026-02-18 11:36:47.474
1771432607523,868.0,2026-02-18 11:36:47.523
1771432607572,868.0,2026-02-18 11:36:47.572
1771432607626,868.0,2026-02-18 11:36:47.626
1771432607675,868.0,2026-02-18 11:36:47.675
1771432607724,868.0,2026-02-18 11:36:47.724
1771432607773,868.0,2026-02-18 11:36:47.773
1771432607826,868.0,2026-02-18 11:36:47.826
1771432607875,869.0,2026-02-18 11:36:47.875
1771432607924,869.0,2026-02-18 11:36:47.924
1771432607974,870.0,2026-02-18 11:36:47.974
1771432608027,870.0,2026-02-18 11:36:48.027
1771432608076,870.0,2026-02-18 11:36:48.076
1771432608125,871.0,2026-02-18 11:36:48.125
1771432608178,871.0,2026-02-18 11:36:48.178
1771432608228,872.0,2026-02-18 11:36:48.228
1771432608278,872.0,2026-02-18 11:36:48.278
1771432608326,872.0,2026-02-18 11:36:48.326
1771432608379,872.0,2026-02-18 11:36:48.379
1771432608428,872.0,2026-02-18 11:36:48.428
1771432608478,872.0,2026-02-18 11:36:48.478
1771432608531,873.0,2026-02-18 11:36:48.531
1771432608580,872.0,2026-02-18 11:36:48.580
1771432608629,873.0,2026-02-18 11:36:48.629
1771432608678,873.0,2026-02-18 11:36:48.678
1771432608731,873.0,2026-02-18 11:36:48.731
1771432608781,872.0,2026-02-18 11:36:48.781
1771432608830,872.0,2026-02-18 11:36:48.830
1771432608883,872.0,2026-02-18 11:36:48.883
1771432608932,872.0,2026-02-18 11:36:48.932
1771432608981,871.0,2026-02-18 11:36:48.981
1771432609031,871.0,2026-02-18 11:36:49.031
1771432609084,871.0,2026-02-18 11:36:49.084
1771432609133,871.0,2026-02-18 11:36:49.133
1771432609182,870.0,2026-02-18 11:36:49.182
1771432609231,870.0,2026-02-18 11:36:49.231
1771432609284,870.0,2026-02-18 11:36:49.284
1771432609333,869.0,2026-02-18 11:36:49.333
1771432609383,869.0,2026-02-18 11:36:49.383
1771432609436,870.0,2026-02-18 11:36:49.436
1771432609485,870.0,2026-02-18 11:36:49.485
1771432609534,870.0,2026-02-18 11:36:49.534
1771432609583,870.0,2026-02-18 11:36:49.583
1771432609637,870.0,2026-02-18 11:36:49.637
1771432609686,870.0,2026-02-18 11:36:49.686
1771432609735,870.0,2026-02-18 11:36:49.735
1771432609788,870.0,2026-02-18 11:36:49.788
1771432609838,870.0,2026-02-18 11:36:49.838
1771432609887,870.0,2026-02-18 11:36:49.887
1771432609936,870.0,2026-02-18 11:36:49.936
1771432609989,870.0,2026-02-18 11:36:49.989
1771432610038,870.0,2026-02-18 11:36:50.038
1771432610093,870.0,2026-02-18 11:36:50.093
1771432610140,870.0,2026-02-18 11:36:50.140
1771432610194,871.0,2026-02-18 11:36:50.194
1771432610239,871.0,2026-02-18 11:36:50.239
1771432610288,871.0,2026-02-18 11:36:50.288
1771432610341,871.0,2026-02-18 11:36:50.341
1771432610390,871.0,2026-02-18 11:36:50.390
1771432610439,871.0,2026-02-18 11:36:50.439
1771432610489,871.0,2026-02-18 11:36:50.489
1771432610542,871.0,2026-02-18 11:36:50.542
1771432610591,871.0,2026-02-18 11:36:50.591
1771432610640,872.0,2026-02-18 11:36:50.640
1771432610694,872.0,2026-02-18 11:36:50.694
1771432610742,872.0,2026-02-18 11:36:50.742
1771432610792,873.0,2026-02-18 11:36:50.792
1771432610841,873.0,2026-02-18 11:36:50.841
1771432610894,873.0,2026-02-18 11:36:50.894
1771432610943,873.0,2026-02-18 11:36:50.943
1771432610992,874.0,2026-02-18 11:36:50.992
1771432611046,873.0,2026-02-18 11:36:51.046
1771432611095,873.0,2026-02-18 11:36:51.095
1771432611144,873.0,2026-02-18 11:36:51.144
1771432611193,873.0,2026-02-18 11:36:51.193
1771432611246,873.0,2026-02-18 11:36:51.246
1771432611295,873.0,2026-02-18 11:36:51.295
1771432611345,873.0,2026-02-18 11:36:51.345
1771432611398,873.0,2026-02-18 11:36:51.398
1771432611447,873.0,2026-02-18 11:36:51.447
1771432611496,872.0,2026-02-18 11:36:51.496
1771432611545,872.0,2026-02-18 11:36:51.545
1771432611599,871.0,2026-02-18 11:36:51.599
1771432611648,871.0,2026-02-18 11:36:51.648
1771432611697,871.0,2026-02-18 11:36:51.697
1771432611746,870.0,2026-02-18 11:36:51.746
1771432611799,870.0,2026-02-18 11:36:51.799
1771432611848,870.0,2026-02-18 11:36:51.848
1771432611898,869.0,2026-02-18 11:36:51.898
1771432611951,869.0,2026-02-18 11:36:51.951
1771432612000,869.0,2026-02-18 11:36:52.000
1771432612049,869.0,2026-02-18 11:36:52.049
1771432612098,869.0,2026-02-18 11:36:52.098
1771432612151,869.0,2026-02-18 11:36:52.151
1771432612201,869.0,2026-02-18 11:36:52.201
1771432612250,869.0,2026-02-18 11:36:52.250
1771432612303,868.0,2026-02-18 11:36:52.303
1771432612352,869.0,2026-02-18 11:36:52.352
1771432612401,869.0,2026-02-18 11:36:52.401
1771432612451,869.0,2026-02-18 11:36:52.451
1771432612504,868.0,2026-02-18 11:36:52.504
1771432612553,869.0,2026-02-18 11:36:52.553
1771432612602,869.0,2026-02-18 11:36:52.602
1771432612655,869.0,2026-02-18 11:36:52.655
1771432612704,869.0,2026-02-18 11:36:52.704
1771432612754,869.0,2026-02-18 11:36:52.754
1771432612803,869.0,2026-02-18 11:36:52.803
1771432612856,869.0,2026-02-18 11:36:52.856
1771432612905,869.0,2026-02-18 11:36:52.905
1771432612954,869.0,2026-02-18 11:36:52.954
1771432613003,869.0,2026-02-18 11:36:53.003
1771432613057,869.0,2026-02-18 11:36:53.057
1771432613106,869.0,2026-02-18 11:36:53.106
1771432613155,869.0,2026-02-18 11:36:53.155
1771432613208,869.0,2026-02-18 11:36:53.208
1771432613257,869.0,2026-02-18 11:36:53.257
1771432613307,870.0,2026-02-18 11:36:53.307
1771432613356,870.0,2026-02-18 11:36:53.356
1771432613409,870.0,2026-02-18 11:36:53.409
1771432613458,870.0,2026-02-18 11:36:53.458
1771432613507,871.0,2026-02-18 11:36:53.507
1771432613560,871.0,2026-02-18 11:36:53.560
1771432613610,871.0,2026-02-18 11:36:53.610
1771432613659,871.0,2026-02-18 11:36:53.659
1771432613708,871.0,2026-02-18 11:36:53.708
1771432613761,871.0,2026-02-18 11:36:53.761
1771432613812,871.0,2026-02-18 11:36:53.812
1771432613860,871.0,2026-02-18 11:36:53.860
1771432613913,871.0,2026-02-18 11:36:53.913
1771432613962,871.0,2026-02-18 11:36:53.962
1771432614011,871.0,2026-02-18 11:36:54.011
1771432614060,871.0,2026-02-18 11:36:54.060
1771432614113,870.0,2026-02-18 11:36:54.113
1771432614162,870.0,2026-02-18 11:36:54.162
1771432614212,870.0,2026-02-18 11:36:54.212
1771432614261,869.0,2026-02-18 11:36:54.261
1771432614314,869.0,2026-02-18 11:36:54.314
1771432614363,869.0,2026-02-18 11:36:54.363
1771432614412,868.0,2026-02-18 11:36:54.412
1771432614466,868.0,2026-02-18 11:36:54.466
1771432614515,867.0,2026-02-18 11:36:54.515
1771432614564,867.0,2026-02-18 11:36:54.564
1771432614613,867.0,2026-02-18 11:36:54.613
1771432614666,866.0,2026-02-18 11:36:54.666
1771432614715,866.0,2026-02-18 11:36:54.715
1771432614765,866.0,2026-02-18 11:36:54.765
1771432614819,866.0,2026-02-18 11:36:54.819
1771432614867,866.0,2026-02-18 11:36:54.867
1771432614916,866.0,2026-02-18 11:36:54.916
1771432614965,866.0,2026-02-18 11:36:54.965
1771432615020,866.0,2026-02-18 11:36:55.020
1771432615068,866.0,2026-02-18 11:36:55.068
1771432615117,866.0,2026-02-18 11:36:55.117
1771432615171,866.0,2026-02-18 11:36:55.171
1771432615219,866.0,2026-02-18 11:36:55.219
1771432615270,866.0,2026-02-18 11:36:55.270
1771432615318,866.0,2026-02-18 11:36:55.318
1771432615371,866.0,2026-02-18 11:36:55.371
1771432615421,866.0,2026-02-18 11:36:55.421
1771432615469,866.0,2026-02-18 11:36:55.469
1771432615519,866.0,2026-02-18 11:36:55.519
1771432615571,866.0,2026-02-18 11:36:55.571
1771432615621,866.0,2026-02-18 11:36:55.621
1771432615670,866.0,2026-02-18 11:36:55.670
1771432615723,867.0,2026-02-18 11:36:55.723
1771432615772,866.0,2026-02-18 11:36:55.772
1771432615821,866.0,2026-02-18 11:36:55.821
1771432615870,867.0,2026-02-18 11:36:55.870
1771432615924,867.0,2026-02-18 11:36:55.924
1771432615973,867.0,2026-02-18 11:36:55.973
1771432616022,867.0,2026-02-18 11:36:56.022
1771432616078,868.0,2026-02-18 11:36:56.078
1771432616124,868.0,2026-02-18 11:36:56.124
1771432616174,868.0,2026-02-18 11:36:56.174
1771432616223,868.0,2026-02-18 11:36:56.223
1771432616276,869.0,2026-02-18 11:36:56.276
1771432616325,869.0,2026-02-18 11:36:56.325
1771432616374,869.0,2026-02-18 11:36:56.374
1771432616428,869.0,2026-02-18 11:36:56.428
1771432616477,869.0,2026-02-18 11:36:56.477
1771432616526,869.0,2026-02-18 11:36:56.526
1771432616575,869.0,2026-02-18 11:36:56.575
1771432616628,869.0,2026-02-18 11:36:56.628
1771432616678,868.0,2026-02-18 11:36:56.678
1771432616727,868.0,2026-02-18 11:36:56.727
1771432616776,868.0,2026-02-18 11:36:56.776
1771432616829,868.0,2026-02-18 11:36:56.829
1771432616878,868.0,2026-02-18 11:36:56.878
1771432616927,867.0,2026-02-18 11:36:56.927
1771432616980,867.0,2026-02-18 11:36:56.980
1771432617030,867.0,2026-02-18 11:36:57.030
1771432617079,866.0,2026-02-18 11:36:57.079
1771432617128,866.0,2026-02-18 11:36:57.128
1771432617181,865.0,2026-02-18 11:36:57.181
1771432617230,865.0,2026-02-18 11:36:57.230
1771432617279,865.0,2026-02-18 11:36:57.279
1771432617333,864.0,2026-02-18 11:36:57.333
1771432617382,864.0,2026-02-18 11:36:57.382
1771432617431,864.0,2026-02-18 11:36:57.431
1771432617480,864.0,2026-02-18 11:36:57.480
1771432617533,864.0,2026-02-18 11:36:57.533
1771432617584,864.0,2026-02-18 11:36:57.584
1771432617632,864.0,2026-02-18 11:36:57.632
1771432617685,864.0,2026-02-18 11:36:57.685
1771432617734,864.0,2026-02-18 11:36:57.734
1771432617785,864.0,2026-02-18 11:36:57.785
1771432617832,864.0,2026-02-18 11:36:57.832
1771432617887,864.0,2026-02-18 11:36:57.887
1771432617935,864.0,2026-02-18 11:36:57.935
1771432617984,864.0,2026-02-18 11:36:57.984
1771432618033,864.0,2026-02-18 11:36:58.033
1771432618086,864.0,2026-02-18 11:36:58.086
1771432618136,864.0,2026-02-18 11:36:58.136
1771432618185,864.0,2026-02-18 11:36:58.185
1771432618238,864.0,2026-02-18 11:36:58.238
1771432618287,864.0,2026-02-18 11:36:58.287
1771432618336,865.0,2026-02-18 11:36:58.336
1771432618385,865.0,2026-02-18 11:36:58.385
1771432618439,864.0,2026-02-18 11:36:58.439
1771432618488,865.0,2026-02-18 11:36:58.488
1771432618537,865.0,2026-02-18 11:36:58.537
1771432618590,865.0,2026-02-18 11:36:58.590
1771432618639,865.0,2026-02-18 11:36:58.639
1771432618688,865.0,2026-02-18 11:36:58.688
1771432618738,866.0,2026-02-18 11:36:58.738
1771432618791,866.0,2026-02-18 11:36:58.791
1771432618840,866.0,2026-02-18 11:36:58.840
1771432618889,866.0,2026-02-18 11:36:58.889
1771432618945,867.0,2026-02-18 11:36:58.945
1771432618991,867.0,2026-02-18 11:36:58.991
1771432619041,867.0,2026-02-18 11:36:59.041
1771432619091,867.0,2026-02-18 11:36:59.091
1771432619143,867.0,2026-02-18 11:36:59.143
1771432619193,867.0,2026-02-18 11:36:59.193
1771432619241,867.0,2026-02-18 11:36:59.241
1771432619291,867.0,2026-02-18 11:36:59.291
1771432619344,867.0,2026-02-18 11:36:59.344
1771432619393,867.0,2026-02-18 11:36:59.393
1771432619443,867.0,2026-02-18 11:36:59.443
1771432619495,867.0,2026-02-18 11:36:59.495
1771432619544,866.0,2026-02-18 11:36:59.544
1771432619594,866.0,2026-02-18 11:36:59.594
1771432619643,866.0,2026-02-18 11:36:59.643
1771432619696,865.0,2026-02-18 11:36:59.696
1771432619745,865.0,2026-02-18 11:36:59.745
1771432619794,865.0,2026-02-18 11:36:59.794
1771432619848,864.0,2026-02-18 11:36:59.848
1771432619897,864.0,2026-02-18 11:36:59.897
1771432619947,864.0,2026-02-18 11:36:59.947
1771432619995,863.0,2026-02-18 11:36:59.995
1771432620048,863.0,2026-02-18 11:37:00.048
1771432620097,863.0,2026-02-18 11:37:00.097
1771432620147,863.0,2026-02-18 11:37:00.147
1771432620200,863.0,2026-02-18 11:37:00.200
1771432620249,863.0,2026-02-18 11:37:00.249
1771432620298,863.0,2026-02-18 11:37:00.298
1771432620347,863.0,2026-02-18 11:37:00.347
1771432620400,863.0,2026-02-18 11:37:00.400
1771432620453,863.0,2026-02-18 11:37:00.453
1771432620499,863.0,2026-02-18 11:37:00.499
1771432620548,862.0,2026-02-18 11:37:00.548
1771432620606,863.0,2026-02-18 11:37:00.606
1771432620650,863.0,2026-02-18 11:37:00.650
1771432620700,863.0,2026-02-18 11:37:00.700
1771432620753,863.0,2026-02-18 11:37:00.753
1771432620802,863.0,2026-02-18 11:37:00.802
1771432620851,863.0,2026-02-18 11:37:00.851
1771432620902,863.0,2026-02-18 11:37:00.902
1771432620953,863.0,2026-02-18 11:37:00.953
1771432621003,863.0,2026-02-18 11:37:01.003
1771432621053,863.0,2026-02-18 11:37:01.053
1771432621105,863.0,2026-02-18 11:37:01.105
1771432621154,863.0,2026-02-18 11:37:01.154
1771432621203,863.0,2026-02-18 11:37:01.203
1771432621252,863.0,2026-02-18 11:37:01.252
1771432621306,863.0,2026-02-18 11:37:01.306
1771432621355,864.0,2026-02-18 11:37:01.355
1771432621404,864.0,2026-02-18 11:37:01.404
1771432621457,864.0,2026-02-18 11:37:01.457
1771432621506,864.0,2026-02-18 11:37:01.506
1771432621556,865.0,2026-02-18 11:37:01.556
1771432621605,865.0,2026-02-18 11:37:01.605
1771432621658,865.0,2026-02-18 11:37:01.658
1771432621707,865.0,2026-02-18 11:37:01.707
1771432621756,866.0,2026-02-18 11:37:01.756
1771432621805,866.0,2026-02-18 11:37:01.805
1771432621859,866.0,2026-02-18 11:37:01.859
1771432621908,866.0,2026-02-18 11:37:01.908
1771432621957,866.0,2026-02-18 11:37:01.957
1771432622010,866.0,2026-02-18 11:37:02.010
1771432622059,866.0,2026-02-18 11:37:02.059
1771432622108,865.0,2026-02-18 11:37:02.108
1771432622158,866.0,2026-02-18 11:37:02.158
1771432622211,865.0,2026-02-18 11:37:02.211
1771432622260,865.0,2026-02-18 11:37:02.260
1771432622309,865.0,2026-02-18 11:37:02.309
1771432622362,864.0,2026-02-18 11:37:02.362
1771432622411,864.0,2026-02-18 11:37:02.411
1771432622461,864.0,2026-02-18 11:37:02.461
1771432622510,863.0,2026-02-18 11:37:02.510
1771432622563,863.0,2026-02-18 11:37:02.563
1771432622612,863.0,2026-02-18 11:37:02.612
1771432622661,862.0,2026-02-18 11:37:02.661
1771432622715,862.0,2026-02-18 11:37:02.715
1771432622764,862.0,2026-02-18 11:37:02.764
1771432622813,861.0,2026-02-18 11:37:02.813
1771432622862,861.0,2026-02-18 11:37:02.862
1771432622916,861.0,2026-02-18 11:37:02.916
1771432622964,861.0,2026-02-18 11:37:02.964
1771432623014,861.0,2026-02-18 11:37:03.014
1771432623063,862.0,2026-02-18 11:37:03.063
1771432623116,862.0,2026-02-18 11:37:03.116
1771432623165,862.0,2026-02-18 11:37:03.165
1771432623214,862.0,2026-02-18 11:37:03.214
1771432623268,861.0,2026-02-18 11:37:03.268
1771432623317,862.0,2026-02-18 11:37:03.317
1771432623366,862.0,2026-02-18 11:37:03.366
1771432623415,862.0,2026-02-18 11:37:03.415
1771432623468,862.0,2026-02-18 11:37:03.468
1771432623518,862.0,2026-02-18 11:37:03.518
1771432623567,862.0,2026-02-18 11:37:03.567
1771432623620,862.0,2026-02-18 11:37:03.620
1771432623669,862.0,2026-02-18 11:37:03.669
1771432623718,862.0,2026-02-18 11:37:03.718
1771432623768,862.0,2026-02-18 11:37:03.768
1771432623821,862.0,2026-02-18 11:37:03.821
1771432623870,862.0,2026-02-18 11:37:03.870
1771432623919,862.0,2026-02-18 11:37:03.919
1771432623972,862.0,2026-02-18 11:37:03.972
1771432624021,862.0,2026-02-18 11:37:04.021
1771432624070,862.0,2026-02-18 11:37:04.070
1771432624120,863.0,2026-02-18 11:37:04.120
1771432624173,863.0,2026-02-18 11:37:04.173
1771432624222,863.0,2026-02-18 11:37:04.222
1771432624271,863.0,2026-02-18 11:37:04.271
1771432624320,864.0,2026-02-18 11:37:04.320
1771432624373,864.0,2026-02-18 11:37:04.373
1771432624422,864.0,2026-02-18 11:37:04.422
1771432624472,865.0,2026-02-18 11:37:04.472
1771432624525,865.0,2026-02-18 11:37:04.525
1771432624574,865.0,2026-02-18 11:37:04.574
1771432624623,865.0,2026-02-18 11:37:04.623
1771432624672,865.0,2026-02-18 11:37:04.672
1771432624726,865.0,2026-02-18 11:37:04.726
1771432624781,865.0,2026-02-18 11:37:04.781
1771432624824,865.0,2026-02-18 11:37:04.824
1771432624878,864.0,2026-02-18 11:37:04.878
1771432624926,864.0,2026-02-18 11:37:04.926
1771432624975,864.0,2026-02-18 11:37:04.975
1771432625025,864.0,2026-02-18 11:37:05.025
1771432625078,864.0,2026-02-18 11:37:05.078
1771432625127,863.0,2026-02-18 11:37:05.127
1771432625176,863.0,2026-02-18 11:37:05.176
1771432625229,863.0,2026-02-18 11:37:05.229
1771432625279,863.0,2026-02-18 11:37:05.279
1771432625328,862.0,2026-02-18 11:37:05.328
1771432625377,862.0,2026-02-18 11:37:05.377
1771432625430,861.0,2026-02-18 11:37:05.430
1771432625479,861.0,2026-02-18 11:37:05.479
1771432625528,861.0,2026-02-18 11:37:05.528
1771432625578,861.0,2026-02-18 11:37:05.578
1771432625631,860.0,2026-02-18 11:37:05.631
1771432625680,861.0,2026-02-18 11:37:05.680
1771432625729,861.0,2026-02-18 11:37:05.729
1771432625783,861.0,2026-02-18 11:37:05.783
1771432625831,861.0,2026-02-18 11:37:05.831
1771432625881,861.0,2026-02-18 11:37:05.881
1771432625930,861.0,2026-02-18 11:37:05.930
1771432625984,861.0,2026-02-18 11:37:05.984
1771432626033,860.0,2026-02-18 11:37:06.033
1771432626081,861.0,2026-02-18 11:37:06.081
1771432626135,861.0,2026-02-18 11:37:06.135
1771432626184,861.0,2026-02-18 11:37:06.184
1771432626233,861.0,2026-02-18 11:37:06.233
1771432626282,861.0,2026-02-18 11:37:06.282
1771432626335,861.0,2026-02-18 11:37:06.335
1771432626385,861.0,2026-02-18 11:37:06.385
1771432626434,861.0,2026-02-18 11:37:06.434
1771432626487,861.0,2026-02-18 11:37:06.487
1771432626536,861.0,2026-02-18 11:37:06.536
1771432626586,861.0,2026-02-18 11:37:06.586
1771432626637,861.0,2026-02-18 11:37:06.637
1771432626688,861.0,2026-02-18 11:37:06.688
1771432626737,861.0,2026-02-18 11:37:06.737
1771432626786,861.0,2026-02-18 11:37:06.786
1771432626835,862.0,2026-02-18 11:37:06.835
1771432626888,862.0,2026-02-18 11:37:06.888
1771432626938,862.0,2026-02-18 11:37:06.938
1771432626987,863.0,2026-02-18 11:37:06.987
1771432627040,863.0,2026-02-18 11:37:07.040
1771432627089,863.0,2026-02-18 11:37:07.089
1771432627138,864.0,2026-02-18 11:37:07.138
1771432627188,864.0,2026-02-18 11:37:07.188
1771432627240,864.0,2026-02-18 11:37:07.240
1771432627290,864.0,2026-02-18 11:37:07.290
1771432627339,864.0,2026-02-18 11:37:07.339
1771432627392,864.0,2026-02-18 11:37:07.392
1771432627441,864.0,2026-02-18 11:37:07.441
1771432627490,864.0,2026-02-18 11:37:07.490
1771432627540,864.0,2026-02-18 11:37:07.540
1771432627593,864.0,2026-02-18 11:37:07.593
1771432627643,864.0,2026-02-18 11:37:07.643
1771432627691,864.0,2026-02-18 11:37:07.691
1771432627745,864.0,2026-02-18 11:37:07.745
1771432627793,863.0,2026-02-18 11:37:07.793
1771432627843,863.0,2026-02-18 11:37:07.843
1771432627892,863.0,2026-02-18 11:37:07.892
1771432627945,863.0,2026-02-18 11:37:07.945
1771432627994,862.0,2026-02-18 11:37:07.994
1771432628043,862.0,2026-02-18 11:37:08.043
1771432628092,862.0,2026-02-18 11:37:08.092
1771432628146,861.0,2026-02-18 11:37:08.146
1771432628195,861.0,2026-02-18 11:37:08.195
1771432628244,861.0,2026-02-18 11:37:08.244
1771432628297,861.0,2026-02-18 11:37:08.297
1771432628346,860.0,2026-02-18 11:37:08.346
1771432628395,860.0,2026-02-18 11:37:08.395
1771432628445,861.0,2026-02-18 11:37:08.445
1771432628498,861.0,2026-02-18 11:37:08.498
1771432628547,861.0,2026-02-18 11:37:08.547
1771432628596,861.0,2026-02-18 11:37:08.596
1771432628649,861.0,2026-02-18 11:37:08.649
1771432628699,861.0,2026-02-18 11:37:08.699
1771432628748,861.0,2026-02-18 11:37:08.748
1771432628800,861.0,2026-02-18 11:37:08.800
1771432628852,861.0,2026-02-18 11:37:08.852
1771432628901,861.0,2026-02-18 11:37:08.901
1771432628948,861.0,2026-02-18 11:37:08.948
1771432629002,861.0,2026-02-18 11:37:09.002
1771432629051,861.0,2026-02-18 11:37:09.051
1771432629101,861.0,2026-02-18 11:37:09.101
1771432629153,861.0,2026-02-18 11:37:09.153
1771432629202,861.0,2026-02-18 11:37:09.202
1771432629251,862.0,2026-02-18 11:37:09.251
1771432629301,862.0,2026-02-18 11:37:09.301
1771432629350,862.0,2026-02-18 11:37:09.350
1771432629403,862.0,2026-02-18 11:37:09.403
1771432629452,862.0,2026-02-18 11:37:09.452
1771432629501,862.0,2026-02-18 11:37:09.501
1771432629557,862.0,2026-02-18 11:37:09.557
1771432629604,863.0,2026-02-18 11:37:09.604
1771432629653,863.0,2026-02-18 11:37:09.653
1771432629702,863.0,2026-02-18 11:37:09.702
1771432629755,864.0,2026-02-18 11:37:09.755
1771432629805,864.0,2026-02-18 11:37:09.805
1771432629854,864.0,2026-02-18 11:37:09.854
1771432629907,864.0,2026-02-18 11:37:09.907
1771432629956,865.0,2026-02-18 11:37:09.956
1771432630005,865.0,2026-02-18 11:37:10.005
1771432630054,865.0,2026-02-18 11:37:10.054
1771432630108,865.0,2026-02-18 11:37:10.108
1771432630157,865.0,2026-02-18 11:37:10.157
1771432630206,865.0,2026-02-18 11:37:10.206
1771432630259,865.0,2026-02-18 11:37:10.259
1771432630308,865.0,2026-02-18 11:37:10.308
1771432630357,865.0,2026-02-18 11:37:10.357
1771432630407,865.0,2026-02-18 11:37:10.407
1771432630460,865.0,2026-02-18 11:37:10.460
1771432630509,864.0,2026-02-18 11:37:10.509
1771432630558,864.0,2026-02-18 11:37:10.558
1771432630608,864.0,2026-02-18 11:37:10.608
1771432630661,864.0,2026-02-18 11:37:10.661
1771432630710,863.0,2026-02-18 11:37:10.710
1771432630759,863.0,2026-02-18 11:37:10.759
1771432630812,863.0,2026-02-18 11:37:10.812
1771432630861,862.0,2026-02-18 11:37:10.861
1771432630921,862.0,2026-02-18 11:37:10.921
1771432630960,862.0,2026-02-18 11:37:10.960
1771432631013,861.0,2026-02-18 11:37:11.013
1771432631062,861.0,2026-02-18 11:37:11.062
1771432631111,861.0,2026-02-18 11:37:11.111
1771432631164,861.0,2026-02-18 11:37:11.164
1771432631213,861.0,2026-02-18 11:37:11.213
1771432631263,861.0,2026-02-18 11:37:11.263
1771432631312,861.0,2026-02-18 11:37:11.312
1771432631365,861.0,2026-02-18 11:37:11.365
1771432631414,862.0,2026-02-18 11:37:11.414
1771432631463,861.0,2026-02-18 11:37:11.463
1771432631520,861.0,2026-02-18 11:37:11.520
1771432631566,861.0,2026-02-18 11:37:11.566
1771432631615,862.0,2026-02-18 11:37:11.615
1771432631664,862.0,2026-02-18 11:37:11.664
1771432631718,862.0,2026-02-18 11:37:11.718
1771432631766,862.0,2026-02-18 11:37:11.766
1771432631815,862.0,2026-02-18 11:37:11.815
1771432631869,862.0,2026-02-18 11:37:11.869
1771432631918,862.0,2026-02-18 11:37:11.918
1771432631967,862.0,2026-02-18 11:37:11.967
1771432632016,862.0,2026-02-18 11:37:12.016
1771432632070,862.0,2026-02-18 11:37:12.070
1771432632119,863.0,2026-02-18 11:37:12.119
1771432632168,863.0,2026-02-18 11:37:12.168
1771432632217,863.0,2026-02-18 11:37:12.217
1771432632270,863.0,2026-02-18 11:37:12.270
1771432632319,863.0,2026-02-18 11:37:12.319
1771432632369,863.0,2026-02-18 11:37:12.369
1771432632422,864.0,2026-02-18 11:37:12.422
1771432632471,864.0,2026-02-18 11:37:12.471
1771432632520,864.0,2026-02-18 11:37:12.520
1771432632569,865.0,2026-02-18 11:37:12.569
1771432632627,865.0,2026-02-18 11:37:12.627
1771432632671,865.0,2026-02-18 11:37:12.671
1771432632721,865.0,2026-02-18 11:37:12.721
1771432632775,865.0,2026-02-18 11:37:12.775
1771432632823,865.0,2026-02-18 11:37:12.823
1771432632872,866.0,2026-02-18 11:37:12.872
1771432632921,865.0,2026-02-18 11:37:12.921
1771432632975,866.0,2026-02-18 11:37:12.975
1771432633024,866.0,2026-02-18 11:37:13.024
1771432633073,865.0,2026-02-18 11:37:13.073
1771432633126,865.0,2026-02-18 11:37:13.126
1771432633175,865.0,2026-02-18 11:37:13.175
1771432633224,865.0,2026-02-18 11:37:13.224
1771432633274,865.0,2026-02-18 11:37:13.274
1771432633327,865.0,2026-02-18 11:37:13.327
1771432633377,864.0,2026-02-18 11:37:13.377
1771432633425,864.0,2026-02-18 11:37:13.425
1771432633474,864.0,2026-02-18 11:37:13.474
1771432633528,863.0,2026-02-18 11:37:13.528
1771432633577,863.0,2026-02-18 11:37:13.577
1771432633626,863.0,2026-02-18 11:37:13.626
1771432633679,862.0,2026-02-18 11:37:13.679
1771432633728,862.0,2026-02-18 11:37:13.728
1771432633778,862.0,2026-02-18 11:37:13.778
1771432633827,862.0,2026-02-18 11:37:13.827
1771432633880,862.0,2026-02-18 11:37:13.880
1771432633929,862.0,2026-02-18 11:37:13.929
1771432633978,862.0,2026-02-18 11:37:13.978
1771432634031,862.0,2026-02-18 11:37:14.031
1771432634081,862.0,2026-02-18 11:37:14.081
1771432634130,862.0,2026-02-18 11:37:14.130
1771432634179,862.0,2026-02-18 11:37:14.179
1771432634233,862.0,2026-02-18 11:37:14.233
1771432634281,862.0,2026-02-18 11:37:14.281
1771432634331,862.0,2026-02-18 11:37:14.331
1771432634383,863.0,2026-02-18 11:37:14.383
1771432634433,863.0,2026-02-18 11:37:14.433
1771432634482,863.0,2026-02-18 11:37:14.482
1771432634531,863.0,2026-02-18 11:37:14.531
1771432634584,863.0,2026-02-18 11:37:14.584
1771432634644,863.0,2026-02-18 11:37:14.644
1771432634683,863.0,2026-02-18 11:37:14.683
1771432634732,863.0,2026-02-18 11:37:14.732
1771432634785,863.0,2026-02-18 11:37:14.785
1771432634834,864.0,2026-02-18 11:37:14.834
1771432634883,864.0,2026-02-18 11:37:14.883
1771432634936,864.0,2026-02-18 11:37:14.936
1771432634986,864.0,2026-02-18 11:37:14.986
1771432635035,864.0,2026-02-18 11:37:15.035
1771432635086,865.0,2026-02-18 11:37:15.086
1771432635137,865.0,2026-02-18 11:37:15.137
1771432635186,865.0,2026-02-18 11:37:15.186
1771432635236,866.0,2026-02-18 11:37:15.236
1771432635289,866.0,2026-02-18 11:37:15.289
1771432635338,866.0,2026-02-18 11:37:15.338
1771432635387,867.0,2026-02-18 11:37:15.387
1771432635436,867.0,2026-02-18 11:37:15.436
1771432635495,867.0,2026-02-18 11:37:15.495
1771432635539,867.0,2026-02-18 11:37:15.539
1771432635588,868.0,2026-02-18 11:37:15.588
1771432635641,868.0,2026-02-18 11:37:15.641
1771432635690,868.0,2026-02-18 11:37:15.690
1771432635739,868.0,2026-02-18 11:37:15.739
1771432635789,868.0,2026-02-18 11:37:15.789
1771432635842,868.0,2026-02-18 11:37:15.842
1771432635891,867.0,2026-02-18 11:37:15.891
1771432635940,868.0,2026-02-18 11:37:15.940
1771432635989,867.0,2026-02-18 11:37:15.989
1771432636043,867.0,2026-02-18 11:37:16.043
1771432636093,867.0,2026-02-18 11:37:16.093
1771432636141,866.0,2026-02-18 11:37:16.141
1771432636194,866.0,2026-02-18 11:37:16.194
1771432636243,866.0,2026-02-18 11:37:16.243
1771432636292,866.0,2026-02-18 11:37:16.292
1771432636341,866.0,2026-02-18 11:37:16.341
1771432636395,865.0,2026-02-18 11:37:16.395
1771432636444,865.0,2026-02-18 11:37:16.444
1771432636494,865.0,2026-02-18 11:37:16.494
1771432636546,864.0,2026-02-18 11:37:16.546
1771432636595,864.0,2026-02-18 11:37:16.595
1771432636645,864.0,2026-02-18 11:37:16.645
1771432636694,864.0,2026-02-18 11:37:16.694
1771432636747,864.0,2026-02-18 11:37:16.747
1771432636796,864.0,2026-02-18 11:37:16.796
1771432636845,864.0,2026-02-18 11:37:16.845
1771432636898,865.0,2026-02-18 11:37:16.898
1771432636948,864.0,2026-02-18 11:37:16.948
1771432636997,865.0,2026-02-18 11:37:16.997
1771432637046,864.0,2026-02-18 11:37:17.046
1771432637100,864.0,2026-02-18 11:37:17.100
1771432637148,865.0,2026-02-18 11:37:17.148
1771432637197,865.0,2026-02-18 11:37:17.197
1771432637247,865.0,2026-02-18 11:37:17.247
1771432637300,865.0,2026-02-18 11:37:17.300
1771432637353,865.0,2026-02-18 11:37:17.353
1771432637398,865.0,2026-02-18 11:37:17.398
1771432637451,865.0,2026-02-18 11:37:17.451
1771432637500,866.0,2026-02-18 11:37:17.500
1771432637553,866.0,2026-02-18 11:37:17.553
1771432637599,866.0,2026-02-18 11:37:17.599
1771432637655,866.0,2026-02-18 11:37:17.655
1771432637701,866.0,2026-02-18 11:37:17.701
1771432637750,866.0,2026-02-18 11:37:17.750
1771432637804,866.0,2026-02-18 11:37:17.804
1771432637853,866.0,2026-02-18 11:37:17.853
1771432637902,867.0,2026-02-18 11:37:17.902
1771432637953,867.0,2026-02-18 11:37:17.953
1771432638004,868.0,2026-02-18 11:37:18.004
1771432638053,868.0,2026-02-18 11:37:18.053
1771432638103,869.0,2026-02-18 11:37:18.103
1771432638156,869.0,2026-02-18 11:37:18.156
1771432638205,869.0,2026-02-18 11:37:18.205
1771432638254,869.0,2026-02-18 11:37:18.254
1771432638303,869.0,2026-02-18 11:37:18.303
1771432638356,869.0,2026-02-18 11:37:18.356
1771432638406,869.0,2026-02-18 11:37:18.406
1771432638455,869.0,2026-02-18 11:37:18.455
1771432638504,869.0,2026-02-18 11:37:18.504
1771432638557,870.0,2026-02-18 11:37:18.557
1771432638606,869.0,2026-02-18 11:37:18.606
1771432638656,869.0,2026-02-18 11:37:18.656
1771432638709,869.0,2026-02-18 11:37:18.709
1771432638758,869.0,2026-02-18 11:37:18.758
1771432638807,869.0,2026-02-18 11:37:18.807
1771432638856,869.0,2026-02-18 11:37:18.856
1771432638910,868.0,2026-02-18 11:37:18.910
1771432638960,868.0,2026-02-18 11:37:18.960
1771432639008,868.0,2026-02-18 11:37:19.008
1771432639061,867.0,2026-02-18 11:37:19.061
1771432639111,867.0,2026-02-18 11:37:19.111
1771432639159,866.0,2026-02-18 11:37:19.159
1771432639208,866.0,2026-02-18 11:37:19.208
1771432639262,866.0,2026-02-18 11:37:19.262
1771432639311,866.0,2026-02-18 11:37:19.311
1771432639361,866.0,2026-02-18 11:37:19.361
1771432639413,866.0,2026-02-18 11:37:19.413
1771432639462,866.0,2026-02-18 11:37:19.462
1771432639511,866.0,2026-02-18 11:37:19.511
1771432639561,866.0,2026-02-18 11:37:19.561
1771432639614,866.0,2026-02-18 11:37:19.614
1771432639663,866.0,2026-02-18 11:37:19.663
1771432639712,866.0,2026-02-18 11:37:19.712
1771432639762,866.0,2026-02-18 11:37:19.762
1771432639815,866.0,2026-02-18 11:37:19.815
1771432639864,866.0,2026-02-18 11:37:19.864
1771432639913,866.0,2026-02-18 11:37:19.913
1771432639966,866.0,2026-02-18 11:37:19.966
1771432640015,866.0,2026-02-18 11:37:20.015
1771432640064,866.0,2026-02-18 11:37:20.064
1771432640114,866.0,2026-02-18 11:37:20.114
1771432640167,866.0,2026-02-18 11:37:20.167
1771432640217,866.0,2026-02-18 11:37:20.217
1771432640265,866.0,2026-02-18 11:37:20.265
1771432640318,866.0,2026-02-18 11:37:20.318
1771432640368,866.0,2026-02-18 11:37:20.368
1771432640417,867.0,2026-02-18 11:37:20.417
1771432640467,867.0,2026-02-18 11:37:20.467
1771432640520,867.0,2026-02-18 11:37:20.520
1771432640569,867.0,2026-02-18 11:37:20.569
1771432640618,868.0,2026-02-18 11:37:20.618
1771432640671,868.0,2026-02-18 11:37:20.671
1771432640720,868.0,2026-02-18 11:37:20.720
1771432640769,868.0,2026-02-18 11:37:20.769
1771432640818,869.0,2026-02-18 11:37:20.818
1771432640872,869.0,2026-02-18 11:37:20.872
1771432640921,869.0,2026-02-18 11:37:20.921
1771432640972,869.0,2026-02-18 11:37:20.972
1771432641019,869.0,2026-02-18 11:37:21.019
1771432641072,869.0,2026-02-18 11:37:21.072
1771432641121,869.0,2026-02-18 11:37:21.121
1771432641170,869.0,2026-02-18 11:37:21.170
1771432641224,869.0,2026-02-18 11:37:21.224
1771432641273,869.0,2026-02-18 11:37:21.273
1771432641322,869.0,2026-02-18 11:37:21.322
1771432641371,869.0,2026-02-18 11:37:21.371
1771432641424,869.0,2026-02-18 11:37:21.424
1771432641473,868.0,2026-02-18 11:37:21.473
1771432641523,868.0,2026-02-18 11:37:21.523
1771432641576,868.0,2026-02-18 11:37:21.576
1771432641626,868.0,2026-02-18 11:37:21.626
1771432641674,867.0,2026-02-18 11:37:21.674
1771432641723,867.0,2026-02-18 11:37:21.723
1771432641777,867.0,2026-02-18 11:37:21.777
1771432641826,866.0,2026-02-18 11:37:21.826
1771432641875,866.0,2026-02-18 11:37:21.875
1771432641928,865.0,2026-02-18 11:37:21.928
1771432641977,865.0,2026-02-18 11:37:21.977
1771432642027,865.0,2026-02-18 11:37:22.027
1771432642076,865.0,2026-02-18 11:37:22.076
1771432642129,865.0,2026-02-18 11:37:22.129
1771432642178,865.0,2026-02-18 11:37:22.178
1771432642227,865.0,2026-02-18 11:37:22.227
1771432642276,865.0,2026-02-18 11:37:22.276
1771432642329,865.0,2026-02-18 11:37:22.329
1771432642379,865.0,2026-02-18 11:37:22.379
1771432642428,865.0,2026-02-18 11:37:22.428
1771432642481,865.0,2026-02-18 11:37:22.481
1771432642530,865.0,2026-02-18 11:37:22.530
1771432642579,866.0,2026-02-18 11:37:22.579
1771432642629,866.0,2026-02-18 11:37:22.629
1771432642682,866.0,2026-02-18 11:37:22.682
1771432642732,866.0,2026-02-18 11:37:22.732
1771432642780,866.0,2026-02-18 11:37:22.780
1771432642833,866.0,2026-02-18 11:37:22.833
1771432642882,866.0,2026-02-18 11:37:22.882
1771432642932,866.0,2026-02-18 11:37:22.932
1771432642981,866.0,2026-02-18 11:37:22.981
1771432643034,866.0,2026-02-18 11:37:23.034
1771432643083,866.0,2026-02-18 11:37:23.083
1771432643132,867.0,2026-02-18 11:37:23.132
1771432643185,867.0,2026-02-18 11:37:23.185
1771432643235,867.0,2026-02-18 11:37:23.235
1771432643284,867.0,2026-02-18 11:37:23.284
1771432643334,868.0,2026-02-18 11:37:23.334
1771432643386,868.0,2026-02-18 11:37:23.386
1771432643435,868.0,2026-02-18 11:37:23.435
1771432643485,869.0,2026-02-18 11:37:23.485
1771432643534,869.0,2026-02-18 11:37:23.534
1771432643587,869.0,2026-02-18 11:37:23.587
1771432643636,869.0,2026-02-18 11:37:23.636
1771432643685,869.0,2026-02-18 11:37:23.685
1771432643738,869.0,2026-02-18 11:37:23.738
1771432643788,869.0,2026-02-18 11:37:23.788
1771432643837,869.0,2026-02-18 11:37:23.837
1771432643886,869.0,2026-02-18 11:37:23.886
1771432643939,869.0,2026-02-18 11:37:23.939
1771432643988,869.0,2026-02-18 11:37:23.988
1771432644037,869.0,2026-02-18 11:37:24.037
1771432644091,869.0,2026-02-18 11:37:24.091
1771432644140,868.0,2026-02-18 11:37:24.140
1771432644189,868.0,2026-02-18 11:37:24.189
1771432644238,868.0,2026-02-18 11:37:24.238
1771432644291,868.0,2026-02-18 11:37:24.291
1771432644342,867.0,2026-02-18 11:37:24.342
1771432644390,867.0,2026-02-18 11:37:24.390
1771432644443,867.0,2026-02-18 11:37:24.443
1771432644492,866.0,2026-02-18 11:37:24.492
1771432644542,866.0,2026-02-18 11:37:24.542
1771432644590,865.0,2026-02-18 11:37:24.590
1771432644644,865.0,2026-02-18 11:37:24.644
1771432644693,865.0,2026-02-18 11:37:24.693
1771432644744,865.0,2026-02-18 11:37:24.744
1771432644791,865.0,2026-02-18 11:37:24.791
1771432644844,865.0,2026-02-18 11:37:24.844
1771432644895,865.0,2026-02-18 11:37:24.895
1771432644945,865.0,2026-02-18 11:37:24.945
1771432644996,865.0,2026-02-18 11:37:24.996
1771432645045,865.0,2026-02-18 11:37:25.045
1771432645094,865.0,2026-02-18 11:37:25.094
1771432645143,865.0,2026-02-18 11:37:25.143
1771432645197,865.0,2026-02-18 11:37:25.197
1771432645246,865.0,2026-02-18 11:37:25.246
1771432645295,865.0,2026-02-18 11:37:25.295
1771432645348,866.0,2026-02-18 11:37:25.348
1771432645397,866.0,2026-02-18 11:37:25.397
1771432645446,866.0,2026-02-18 11:37:25.446
1771432645496,866.0,2026-02-18 11:37:25.496
1771432645549,866.0,2026-02-18 11:37:25.549
1771432645598,866.0,2026-02-18 11:37:25.598
1771432645647,866.0,2026-02-18 11:37:25.647
1771432645700,866.0,2026-02-18 11:37:25.700
1771432645750,866.0,2026-02-18 11:37:25.750
1771432645799,866.0,2026-02-18 11:37:25.799
1771432645848,867.0,2026-02-18 11:37:25.848
1771432645901,867.0,2026-02-18 11:37:25.901
1771432645952,867.0,2026-02-18 11:37:25.952
1771432646000,868.0,2026-02-18 11:37:26.000
1771432646048,868.0,2026-02-18 11:37:26.048
1771432646102,868.0,2026-02-18 11:37:26.102
1771432646151,869.0,2026-02-18 11:37:26.151
1771432646200,869.0,2026-02-18 11:37:26.200
1771432646254,869.0,2026-02-18 11:37:26.254
1771432646302,869.0,2026-02-18 11:37:26.302
1771432646352,870.0,2026-02-18 11:37:26.352
1771432646401,870.0,2026-02-18 11:37:26.401
1771432646454,870.0,2026-02-18 11:37:26.454
1771432646503,870.0,2026-02-18 11:37:26.503
1771432646552,869.0,2026-02-18 11:37:26.552
1771432646605,870.0,2026-02-18 11:37:26.605
1771432646655,869.0,2026-02-18 11:37:26.655
1771432646704,870.0,2026-02-18 11:37:26.704
1771432646753,869.0,2026-02-18 11:37:26.753
1771432646806,869.0,2026-02-18 11:37:26.806
1771432646855,869.0,2026-02-18 11:37:26.855
1771432646904,869.0,2026-02-18 11:37:26.904
1771432646958,868.0,2026-02-18 11:37:26.958
1771432647009,868.0,2026-02-18 11:37:27.009
1771432647056,867.0,2026-02-18 11:37:27.056
1771432647105,867.0,2026-02-18 11:37:27.105
1771432647158,867.0,2026-02-18 11:37:27.158
1771432647207,867.0,2026-02-18 11:37:27.207
1771432647257,866.0,2026-02-18 11:37:27.257
1771432647306,866.0,2026-02-18 11:37:27.306
1771432647359,866.0,2026-02-18 11:37:27.359
1771432647408,866.0,2026-02-18 11:37:27.408
1771432647457,866.0,2026-02-18 11:37:27.457
1771432647511,866.0,2026-02-18 11:37:27.511
1771432647565,867.0,2026-02-18 11:37:27.565
1771432647609,867.0,2026-02-18 11:37:27.609
1771432647658,867.0,2026-02-18 11:37:27.658
1771432647711,866.0,2026-02-18 11:37:27.711
1771432647760,867.0,2026-02-18 11:37:27.760
1771432647810,867.0,2026-02-18 11:37:27.810
1771432647863,867.0,2026-02-18 11:37:27.863
1771432647912,867.0,2026-02-18 11:37:27.912
1771432647961,867.0,2026-02-18 11:37:27.961
1771432648010,867.0,2026-02-18 11:37:28.010
1771432648064,867.0,2026-02-18 11:37:28.064
1771432648113,868.0,2026-02-18 11:37:28.113
1771432648162,868.0,2026-02-18 11:37:28.162
1771432648215,868.0,2026-02-18 11:37:28.215
1771432648264,868.0,2026-02-18 11:37:28.264
1771432648314,868.0,2026-02-18 11:37:28.314
1771432648363,868.0,2026-02-18 11:37:28.363
1771432648418,868.0,2026-02-18 11:37:28.418
1771432648465,868.0,2026-02-18 11:37:28.465
1771432648516,869.0,2026-02-18 11:37:28.516
1771432648563,869.0,2026-02-18 11:37:28.563
1771432648618,869.0,2026-02-18 11:37:28.618
1771432648666,870.0,2026-02-18 11:37:28.666
1771432648715,870.0,2026-02-18 11:37:28.715
1771432648768,870.0,2026-02-18 11:37:28.768
1771432648818,871.0,2026-02-18 11:37:28.818
1771432648868,871.0,2026-02-18 11:37:28.868
1771432648917,871.0,2026-02-18 11:37:28.917
1771432648969,871.0,2026-02-18 11:37:28.969
1771432649018,871.0,2026-02-18 11:37:29.018
1771432649068,871.0,2026-02-18 11:37:29.068
1771432649120,871.0,2026-02-18 11:37:29.120
1771432649169,871.0,2026-02-18 11:37:29.169
1771432649219,871.0,2026-02-18 11:37:29.219
1771432649268,871.0,2026-02-18 11:37:29.268
1771432649321,871.0,2026-02-18 11:37:29.321
1771432649370,871.0,2026-02-18 11:37:29.370
1771432649420,871.0,2026-02-18 11:37:29.420
1771432649473,870.0,2026-02-18 11:37:29.473
1771432649522,870.0,2026-02-18 11:37:29.522
1771432649571,870.0,2026-02-18 11:37:29.571
1771432649620,870.0,2026-02-18 11:37:29.620
1771432649673,869.0,2026-02-18 11:37:29.673
1771432649722,869.0,2026-02-18 11:37:29.722
1771432649772,868.0,2026-02-18 11:37:29.772
1771432649821,868.0,2026-02-18 11:37:29.821
1771432649875,868.0,2026-02-18 11:37:29.875
1771432649923,868.0,2026-02-18 11:37:29.923
1771432649972,868.0,2026-02-18 11:37:29.972
1771432650025,867.0,2026-02-18 11:37:30.025
1771432650075,868.0,2026-02-18 11:37:30.075
1771432650124,867.0,2026-02-18 11:37:30.124
1771432650173,868.0,2026-02-18 11:37:30.173
1771432650227,868.0,2026-02-18 11:37:30.227
1771432650275,868.0,2026-02-18 11:37:30.275
1771432650324,867.0,2026-02-18 11:37:30.324
1771432650378,868.0,2026-02-18 11:37:30.378
1771432650427,868.0,2026-02-18 11:37:30.427
1771432650476,868.0,2026-02-18 11:37:30.476
1771432650525,868.0,2026-02-18 11:37:30.525
1771432650578,868.0,2026-02-18 11:37:30.578
1771432650627,868.0,2026-02-18 11:37:30.627
1771432650677,868.0,2026-02-18 11:37:30.677
1771432650730,868.0,2026-02-18 11:37:30.730
1771432650779,868.0,2026-02-18 11:37:30.779
1771432650828,868.0,2026-02-18 11:37:30.828
1771432650877,868.0,2026-02-18 11:37:30.877
1771432650931,868.0,2026-02-18 11:37:30.931
1771432650980,868.0,2026-02-18 11:37:30.980
1771432651029,868.0,2026-02-18 11:37:31.029
1771432651078,868.0,2026-02-18 11:37:31.078
1771432651131,868.0,2026-02-18 11:37:31.131
1771432651180,868.0,2026-02-18 11:37:31.180
1771432651230,869.0,2026-02-18 11:37:31.230
1771432651283,869.0,2026-02-18 11:37:31.283
1771432651335,869.0,2026-02-18 11:37:31.335
1771432651381,870.0,2026-02-18 11:37:31.381
1771432651430,870.0,2026-02-18 11:37:31.430
1771432651484,870.0,2026-02-18 11:37:31.484
1771432651535,870.0,2026-02-18 11:37:31.535
1771432651582,870.0,2026-02-18 11:37:31.582
1771432651636,871.0,2026-02-18 11:37:31.636
1771432651684,871.0,2026-02-18 11:37:31.684
1771432651733,871.0,2026-02-18 11:37:31.733
1771432651783,871.0,2026-02-18 11:37:31.783
1771432651836,870.0,2026-02-18 11:37:31.836
1771432651885,871.0,2026-02-18 11:37:31.885
1771432651934,871.0,2026-02-18 11:37:31.934
1771432651987,871.0,2026-02-18 11:37:31.987
1771432652037,870.0,2026-02-18 11:37:32.037
1771432652086,870.0,2026-02-18 11:37:32.086
1771432652135,870.0,2026-02-18 11:37:32.135
1771432652188,869.0,2026-02-18 11:37:32.188
1771432652237,869.0,2026-02-18 11:37:32.237
1771432652286,869.0,2026-02-18 11:37:32.286
1771432652340,868.0,2026-02-18 11:37:32.340
1771432652389,868.0,2026-02-18 11:37:32.389
1771432652438,867.0,2026-02-18 11:37:32.438
1771432652487,867.0,2026-02-18 11:37:32.487
1771432652540,867.0,2026-02-18 11:37:32.540
1771432652590,867.0,2026-02-18 11:37:32.590
1771432652639,867.0,2026-02-18 11:37:32.639
1771432652688,867.0,2026-02-18 11:37:32.688
1771432652741,867.0,2026-02-18 11:37:32.741
1771432652790,867.0,2026-02-18 11:37:32.790
1771432652839,867.0,2026-02-18 11:37:32.839
1771432652895,867.0,2026-02-18 11:37:32.895
1771432652942,867.0,2026-02-18 11:37:32.942
1771432652991,866.0,2026-02-18 11:37:32.991
1771432653040,867.0,2026-02-18 11:37:33.040
1771432653094,867.0,2026-02-18 11:37:33.094
1771432653142,867.0,2026-02-18 11:37:33.142
1771432653192,867.0,2026-02-18 11:37:33.192
1771432653245,867.0,2026-02-18 11:37:33.245
1771432653294,867.0,2026-02-18 11:37:33.294
1771432653343,867.0,2026-02-18 11:37:33.343
1771432653392,867.0,2026-02-18 11:37:33.392
1771432653445,867.0,2026-02-18 11:37:33.445
1771432653495,867.0,2026-02-18 11:37:33.495
1771432653544,867.0,2026-02-18 11:37:33.544
1771432653597,867.0,2026-02-18 11:37:33.597
1771432653646,867.0,2026-02-18 11:37:33.646
1771432653695,867.0,2026-02-18 11:37:33.695
1771432653745,867.0,2026-02-18 11:37:33.745
1771432653798,867.0,2026-02-18 11:37:33.798
1771432653847,868.0,2026-02-18 11:37:33.847
1771432653896,868.0,2026-02-18 11:37:33.896
1771432653945,868.0,2026-02-18 11:37:33.945
1771432653998,869.0,2026-02-18 11:37:33.998
1771432654048,869.0,2026-02-18 11:37:34.048
1771432654097,869.0,2026-02-18 11:37:34.097
1771432654150,869.0,2026-02-18 11:37:34.150
1771432654201,869.0,2026-02-18 11:37:34.201
1771432654248,870.0,2026-02-18 11:37:34.248
1771432654298,870.0,2026-02-18 11:37:34.298
1771432654351,870.0,2026-02-18 11:37:34.351
1771432654403,870.0,2026-02-18 11:37:34.403
1771432654449,869.0,2026-02-18 11:37:34.449
1771432654502,869.0,2026-02-18 11:37:34.502
1771432654552,869.0,2026-02-18 11:37:34.552
1771432654600,869.0,2026-02-18 11:37:34.600
1771432654650,869.0,2026-02-18 11:37:34.650
1771432654703,869.0,2026-02-18 11:37:34.703
1771432654752,868.0,2026-02-18 11:37:34.752
1771432654801,868.0,2026-02-18 11:37:34.801
1771432654854,868.0,2026-02-18 11:37:34.854
1771432654904,867.0,2026-02-18 11:37:34.904
1771432654953,867.0,2026-02-18 11:37:34.953
1771432655002,867.0,2026-02-18 11:37:35.002
1771432655055,866.0,2026-02-18 11:37:35.055
1771432655104,866.0,2026-02-18 11:37:35.104
1771432655153,866.0,2026-02-18 11:37:35.153
1771432655204,865.0,2026-02-18 11:37:35.204
1771432655256,865.0,2026-02-18 11:37:35.256
1771432655305,865.0,2026-02-18 11:37:35.305
1771432655354,865.0,2026-02-18 11:37:35.354
1771432655407,865.0,2026-02-18 11:37:35.407
1771432655457,865.0,2026-02-18 11:37:35.457
1771432655506,865.0,2026-02-18 11:37:35.506
1771432655555,865.0,2026-02-18 11:37:35.555
1771432655608,865.0,2026-02-18 11:37:35.608
1771432655657,865.0,2026-02-18 11:37:35.657
1771432655706,865.0,2026-02-18 11:37:35.706
1771432655760,865.0,2026-02-18 11:37:35.760
1771432655809,865.0,2026-02-18 11:37:35.809
1771432655858,865.0,2026-02-18 11:37:35.858
1771432655907,865.0,2026-02-18 11:37:35.907
1771432655960,865.0,2026-02-18 11:37:35.960
1771432656010,866.0,2026-02-18 11:37:36.010
1771432656059,866.0,2026-02-18 11:37:36.059
1771432656112,866.0,2026-02-18 11:37:36.112
1771432656161,866.0,2026-02-18 11:37:36.161
1771432656210,866.0,2026-02-18 11:37:36.210
1771432656259,866.0,2026-02-18 11:37:36.259
1771432656312,866.0,2026-02-18 11:37:36.312
1771432656362,866.0,2026-02-18 11:37:36.362
1771432656411,866.0,2026-02-18 11:37:36.411
1771432656460,866.0,2026-02-18 11:37:36.460
1771432656513,867.0,2026-02-18 11:37:36.513
1771432656563,867.0,2026-02-18 11:37:36.563
1771432656614,867.0,2026-02-18 11:37:36.614
1771432656665,867.0,2026-02-18 11:37:36.665
1771432656714,868.0,2026-02-18 11:37:36.714
1771432656763,868.0,2026-02-18 11:37:36.763
1771432656812,868.0,2026-02-18 11:37:36.812
1771432656866,868.0,2026-02-18 11:37:36.866
1771432656915,868.0,2026-02-18 11:37:36.915
1771432656964,868.0,2026-02-18 11:37:36.964
1771432657017,868.0,2026-02-18 11:37:37.017
1771432657066,868.0,2026-02-18 11:37:37.066
1771432657117,868.0,2026-02-18 11:37:37.117
1771432657165,868.0,2026-02-18 11:37:37.165
1771432657218,868.0,2026-02-18 11:37:37.218
1771432657267,868.0,2026-02-18 11:37:37.267
1771432657316,867.0,2026-02-18 11:37:37.316
1771432657369,867.0,2026-02-18 11:37:37.369
1771432657418,867.0,2026-02-18 11:37:37.418
1771432657468,867.0,2026-02-18 11:37:37.468
1771432657517,866.0,2026-02-18 11:37:37.517
1771432657570,866.0,2026-02-18 11:37:37.570
1771432657620,865.0,2026-02-18 11:37:37.620
1771432657668,865.0,2026-02-18 11:37:37.668
1771432657717,865.0,2026-02-18 11:37:37.717
1771432657771,864.0,2026-02-18 11:37:37.771
1771432657820,864.0,2026-02-18 11:37:37.820
1771432657869,864.0,2026-02-18 11:37:37.869
1771432657922,864.0,2026-02-18 11:37:37.922
1771432657971,864.0,2026-02-18 11:37:37.971
1771432658021,864.0,2026-02-18 11:37:38.021
1771432658070,864.0,2026-02-18 11:37:38.070
1771432658123,864.0,2026-02-18 11:37:38.123
1771432658172,864.0,2026-02-18 11:37:38.172
1771432658221,864.0,2026-02-18 11:37:38.221
1771432658274,864.0,2026-02-18 11:37:38.274
1771432658324,864.0,2026-02-18 11:37:38.324
1771432658373,864.0,2026-02-18 11:37:38.373
1771432658422,864.0,2026-02-18 11:37:38.422
1771432658475,864.0,2026-02-18 11:37:38.475
1771432658524,864.0,2026-02-18 11:37:38.524
1771432658573,864.0,2026-02-18 11:37:38.573
1771432658627,865.0,2026-02-18 11:37:38.627
1771432658679,865.0,2026-02-18 11:37:38.679
1771432658725,865.0,2026-02-18 11:37:38.725
1771432658774,865.0,2026-02-18 11:37:38.774
1771432658827,865.0,2026-02-18 11:37:38.827
1771432658877,865.0,2026-02-18 11:37:38.877
1771432658926,865.0,2026-02-18 11:37:38.926
1771432658975,865.0,2026-02-18 11:37:38.975
1771432659028,865.0,2026-02-18 11:37:39.028
1771432659077,865.0,2026-02-18 11:37:39.077
1771432659126,866.0,2026-02-18 11:37:39.126
1771432659180,866.0,2026-02-18 11:37:39.180
1771432659229,866.0,2026-02-18 11:37:39.229
1771432659278,866.0,2026-02-18 11:37:39.278
1771432659328,867.0,2026-02-18 11:37:39.328
1771432659381,867.0,2026-02-18 11:37:39.381
1771432659430,867.0,2026-02-18 11:37:39.430
1771432659479,867.0,2026-02-18 11:37:39.479
1771432659532,867.0,2026-02-18 11:37:39.532
1771432659581,867.0,2026-02-18 11:37:39.581
1771432659630,867.0,2026-02-18 11:37:39.630
1771432659679,867.0,2026-02-18 11:37:39.679
1771432659733,867.0,2026-02-18 11:37:39.733
1771432659782,867.0,2026-02-18 11:37:39.782
1771432659831,867.0,2026-02-18 11:37:39.831
1771432659884,867.0,2026-02-18 11:37:39.884
1771432659933,867.0,2026-02-18 11:37:39.933
1771432659982,866.0,2026-02-18 11:37:39.982
1771432660032,866.0,2026-02-18 11:37:40.032
1771432660085,865.0,2026-02-18 11:37:40.085
1771432660134,865.0,2026-02-18 11:37:40.134
1771432660187,865.0,2026-02-18 11:37:40.187
1771432660234,865.0,2026-02-18 11:37:40.234
1771432660286,864.0,2026-02-18 11:37:40.286
1771432660335,864.0,2026-02-18 11:37:40.335
1771432660384,863.0,2026-02-18 11:37:40.384
1771432660437,863.0,2026-02-18 11:37:40.437
1771432660486,863.0,2026-02-18 11:37:40.486
1771432660536,863.0,2026-02-18 11:37:40.536
1771432660585,863.0,2026-02-18 11:37:40.585
1771432660638,863.0,2026-02-18 11:37:40.638
1771432660687,863.0,2026-02-18 11:37:40.687
1771432660736,863.0,2026-02-18 11:37:40.736
1771432660789,863.0,2026-02-18 11:37:40.789
1771432660838,863.0,2026-02-18 11:37:40.838
1771432660888,863.0,2026-02-18 11:37:40.888
1771432660937,863.0,2026-02-18 11:37:40.937
1771432660990,864.0,2026-02-18 11:37:40.990
1771432661039,863.0,2026-02-18 11:37:41.039
1771432661088,864.0,2026-02-18 11:37:41.088
1771432661141,864.0,2026-02-18 11:37:41.141
1771432661191,864.0,2026-02-18 11:37:41.191
1771432661240,864.0,2026-02-18 11:37:41.240
1771432661289,864.0,2026-02-18 11:37:41.289
1771432661348,864.0,2026-02-18 11:37:41.348
1771432661391,864.0,2026-02-18 11:37:41.391
1771432661441,864.0,2026-02-18 11:37:41.441
1771432661490,864.0,2026-02-18 11:37:41.490
1771432661543,864.0,2026-02-18 11:37:41.543
1771432661592,864.0,2026-02-18 11:37:41.592
1771432661641,864.0,2026-02-18 11:37:41.641
1771432661694,865.0,2026-02-18 11:37:41.694
1771432661744,865.0,2026-02-18 11:37:41.744
1771432661793,865.0,2026-02-18 11:37:41.793
1771432661842,865.0,2026-02-18 11:37:41.842
1771432661895,866.0,2026-02-18 11:37:41.895
1771432661945,866.0,2026-02-18 11:37:41.945
1771432661994,866.0,2026-02-18 11:37:41.994
1771432662047,866.0,2026-02-18 11:37:42.047
1771432662096,866.0,2026-02-18 11:37:42.096
1771432662145,866.0,2026-02-18 11:37:42.145
1771432662194,866.0,2026-02-18 11:37:42.194
1771432662247,866.0,2026-02-18 11:37:42.247
1771432662297,866.0,2026-02-18 11:37:42.297
1771432662346,866.0,2026-02-18 11:37:42.346
1771432662400,866.0,2026-02-18 11:37:42.400
1771432662448,866.0,2026-02-18 11:37:42.448
1771432662497,866.0,2026-02-18 11:37:42.497
1771432662546,865.0,2026-02-18 11:37:42.546
1771432662603,865.0,2026-02-18 11:37:42.603
1771432662649,865.0,2026-02-18 11:37:42.649
1771432662698,864.0,2026-02-18 11:37:42.698
1771432662747,864.0,2026-02-18 11:37:42.747
1771432662802,864.0,2026-02-18 11:37:42.802
1771432662852,863.0,2026-02-18 11:37:42.852
1771432662900,863.0,2026-02-18 11:37:42.900
1771432662952,863.0,2026-02-18 11:37:42.952
1771432663003,862.0,2026-02-18 11:37:43.003
1771432663054,862.0,2026-02-18 11:37:43.054
1771432663099,862.0,2026-02-18 11:37:43.099
1771432663153,862.0,2026-02-18 11:37:43.153
1771432663202,862.0,2026-02-18 11:37:43.202
1771432663252,862.0,2026-02-18 11:37:43.252
1771432663304,862.0,2026-02-18 11:37:43.304
1771432663354,862.0,2026-02-18 11:37:43.354
1771432663402,862.0,2026-02-18 11:37:43.402
1771432663452,862.0,2026-02-18 11:37:43.452
1771432663505,862.0,2026-02-18 11:37:43.505
1771432663554,862.0,2026-02-18 11:37:43.554
1771432663604,862.0,2026-02-18 11:37:43.604
1771432663656,862.0,2026-02-18 11:37:43.656
1771432663706,862.0,2026-02-18 11:37:43.706
1771432663755,863.0,2026-02-18 11:37:43.755
1771432663804,862.0,2026-02-18 11:37:43.804
1771432663857,863.0,2026-02-18 11:37:43.857
1771432663906,863.0,2026-02-18 11:37:43.906
1771432663955,863.0,2026-02-18 11:37:43.955
1771432664005,863.0,2026-02-18 11:37:44.005
1771432664058,863.0,2026-02-18 11:37:44.058
1771432664107,863.0,2026-02-18 11:37:44.107
1771432664156,863.0,2026-02-18 11:37:44.156
1771432664209,863.0,2026-02-18 11:37:44.209
1771432664259,863.0,2026-02-18 11:37:44.259
1771432664308,864.0,2026-02-18 11:37:44.308
1771432664357,864.0,2026-02-18 11:37:44.357
1771432664410,864.0,2026-02-18 11:37:44.410
1771432664459,864.0,2026-02-18 11:37:44.459
1771432664508,865.0,2026-02-18 11:37:44.508
1771432664562,865.0,2026-02-18 11:37:44.562
1771432664611,865.0,2026-02-18 11:37:44.611
1771432664660,865.0,2026-02-18 11:37:44.660
1771432664709,866.0,2026-02-18 11:37:44.709
1771432664762,866.0,2026-02-18 11:37:44.762
1771432664811,866.0,2026-02-18 11:37:44.811
1771432664861,866.0,2026-02-18 11:37:44.861
1771432664914,866.0,2026-02-18 11:37:44.914
1771432664963,866.0,2026-02-18 11:37:44.963
1771432665012,866.0,2026-02-18 11:37:45.012
1771432665061,866.0,2026-02-18 11:37:45.061
1771432665114,866.0,2026-02-18 11:37:45.114
1771432665164,865.0,2026-02-18 11:37:45.164
1771432665213,865.0,2026-02-18 11:37:45.213
1771432665262,864.0,2026-02-18 11:37:45.262
1771432665317,864.0,2026-02-18 11:37:45.317
1771432665364,864.0,2026-02-18 11:37:45.364
1771432665414,864.0,2026-02-18 11:37:45.414
1771432665467,863.0,2026-02-18 11:37:45.467
1771432665518,863.0,2026-02-18 11:37:45.518
1771432665565,863.0,2026-02-18 11:37:45.565
1771432665614,862.0,2026-02-18 11:37:45.614
1771432665667,862.0,2026-02-18 11:37:45.667
1771432665718,862.0,2026-02-18 11:37:45.718
1771432665766,862.0,2026-02-18 11:37:45.766
1771432665819,862.0,2026-02-18 11:37:45.819
1771432665868,862.0,2026-02-18 11:37:45.868
1771432665919,862.0,2026-02-18 11:37:45.919
1771432665966,862.0,2026-02-18 11:37:45.966
1771432666020,862.0,2026-02-18 11:37:46.020
1771432666069,862.0,2026-02-18 11:37:46.069
1771432666118,862.0,2026-02-18 11:37:46.118
1771432666171,862.0,2026-02-18 11:37:46.171
1771432666220,862.0,2026-02-18 11:37:46.220
1771432666270,862.0,2026-02-18 11:37:46.270
1771432666319,862.0,2026-02-18 11:37:46.319
1771432666372,862.0,2026-02-18 11:37:46.372
1771432666421,862.0,2026-02-18 11:37:46.421
1771432666470,862.0,2026-02-18 11:37:46.470
1771432666523,862.0,2026-02-18 11:37:46.523
1771432666573,862.0,2026-02-18 11:37:46.573
1771432666622,862.0,2026-02-18 11:37:46.622
1771432666671,863.0,2026-02-18 11:37:46.671
1771432666724,862.0,2026-02-18 11:37:46.724
1771432666775,863.0,2026-02-18 11:37:46.775
1771432666822,863.0,2026-02-18 11:37:46.822
1771432666872,863.0,2026-02-18 11:37:46.872
1771432666925,863.0,2026-02-18 11:37:46.925
1771432666974,863.0,2026-02-18 11:37:46.974
1771432667023,864.0,2026-02-18 11:37:47.023
1771432667077,864.0,2026-02-18 11:37:47.077
1771432667126,864.0,2026-02-18 11:37:47.126
1771432667175,865.0,2026-02-18 11:37:47.175
1771432667226,865.0,2026-02-18 11:37:47.226
1771432667277,865.0,2026-02-18 11:37:47.277
1771432667328,866.0,2026-02-18 11:37:47.328
1771432667376,866.0,2026-02-18 11:37:47.376
1771432667429,866.0,2026-02-18 11:37:47.429
1771432667478,866.0,2026-02-18 11:37:47.478
1771432667528,866.0,2026-02-18 11:37:47.528
1771432667577,866.0,2026-02-18 11:37:47.577
1771432667629,867.0,2026-02-18 11:37:47.629
1771432667679,867.0,2026-02-18 11:37:47.679
1771432667728,867.0,2026-02-18 11:37:47.728
1771432667781,867.0,2026-02-18 11:37:47.781
1771432667830,867.0,2026-02-18 11:37:47.830
1771432667879,867.0,2026-02-18 11:37:47.879
1771432667928,867.0,2026-02-18 11:37:47.928
1771432667982,867.0,2026-02-18 11:37:47.982
1771432668031,866.0,2026-02-18 11:37:48.031
1771432668080,866.0,2026-02-18 11:37:48.080
1771432668129,866.0,2026-02-18 11:37:48.129
1771432668184,865.0,2026-02-18 11:37:48.184
1771432668232,865.0,2026-02-18 11:37:48.232
1771432668280,865.0,2026-02-18 11:37:48.280
1771432668334,865.0,2026-02-18 11:37:48.334
1771432668383,865.0,2026-02-18 11:37:48.383
1771432668432,865.0,2026-02-18 11:37:48.432
1771432668481,865.0,2026-02-18 11:37:48.481
1771432668536,865.0,2026-02-18 11:37:48.536
1771432668584,865.0,2026-02-18 11:37:48.584
1771432668633,865.0,2026-02-18 11:37:48.633
1771432668686,865.0,2026-02-18 11:37:48.686
1771432668735,865.0,2026-02-18 11:37:48.735
1771432668784,866.0,2026-02-18 11:37:48.784
1771432668835,866.0,2026-02-18 11:37:48.835
1771432668887,866.0,2026-02-18 11:37:48.887
1771432668936,866.0,2026-02-18 11:37:48.936
1771432668985,866.0,2026-02-18 11:37:48.985
1771432669038,866.0,2026-02-18 11:37:49.038
1771432669087,866.0,2026-02-18 11:37:49.087
1771432669137,866.0,2026-02-18 11:37:49.137
1771432669186,866.0,2026-02-18 11:37:49.186
1771432669239,866.0,2026-02-18 11:37:49.239
1771432669288,866.0,2026-02-18 11:37:49.288
1771432669337,866.0,2026-02-18 11:37:49.337
1771432669386,867.0,2026-02-18 11:37:49.386
1771432669440,867.0,2026-02-18 11:37:49.440
1771432669489,867.0,2026-02-18 11:37:49.489
1771432669538,867.0,2026-02-18 11:37:49.538
1771432669591,867.0,2026-02-18 11:37:49.591
1771432669640,867.0,2026-02-18 11:37:49.640
1771432669689,868.0,2026-02-18 11:37:49.689
1771432669739,868.0,2026-02-18 11:37:49.739
1771432669792,869.0,2026-02-18 11:37:49.792
1771432669841,869.0,2026-02-18 11:37:49.841
1771432669890,869.0,2026-02-18 11:37:49.890
1771432669943,869.0,2026-02-18 11:37:49.943
1771432669993,869.0,2026-02-18 11:37:49.993
1771432670042,870.0,2026-02-18 11:37:50.042
1771432670091,869.0,2026-02-18 11:37:50.091
1771432670144,869.0,2026-02-18 11:37:50.144
1771432670194,870.0,2026-02-18 11:37:50.194
1771432670242,870.0,2026-02-18 11:37:50.242
1771432670296,870.0,2026-02-18 11:37:50.296
1771432670345,869.0,2026-02-18 11:37:50.345
1771432670394,869.0,2026-02-18 11:37:50.394
1771432670444,869.0,2026-02-18 11:37:50.444
1771432670496,869.0,2026-02-18 11:37:50.496
1771432670546,868.0,2026-02-18 11:37:50.546
1771432670595,868.0,2026-02-18 11:37:50.595
1771432670644,868.0,2026-02-18 11:37:50.644
1771432670697,867.0,2026-02-18 11:37:50.697
1771432670746,867.0,2026-02-18 11:37:50.746
1771432670795,867.0,2026-02-18 11:37:50.795
1771432670849,866.0,2026-02-18 11:37:50.849
1771432670898,866.0,2026-02-18 11:37:50.898
1771432670947,866.0,2026-02-18 11:37:50.947
1771432670996,866.0,2026-02-18 11:37:50.996
1771432671049,866.0,2026-02-18 11:37:51.049
1771432671098,866.0,2026-02-18 11:37:51.098
1771432671148,866.0,2026-02-18 11:37:51.148
1771432671201,866.0,2026-02-18 11:37:51.201
1771432671250,866.0,2026-02-18 11:37:51.250
1771432671299,866.0,2026-02-18 11:37:51.299
1771432671348,866.0,2026-02-18 11:37:51.348
1771432671402,866.0,2026-02-18 11:37:51.402
1771432671451,866.0,2026-02-18 11:37:51.451
1771432671500,866.0,2026-02-18 11:37:51.500
1771432671553,866.0,2026-02-18 11:37:51.553
1771432671602,866.0,2026-02-18 11:37:51.602
1771432671651,866.0,2026-02-18 11:37:51.651
1771432671701,866.0,2026-02-18 11:37:51.701
1771432671754,866.0,2026-02-18 11:37:51.754
1771432671803,866.0,2026-02-18 11:37:51.803
1771432671852,866.0,2026-02-18 11:37:51.852
1771432671901,866.0,2026-02-18 11:37:51.901
1771432671954,866.0,2026-02-18 11:37:51.954
1771432672004,867.0,2026-02-18 11:37:52.004
1771432672053,867.0,2026-02-18 11:37:52.053
1771432672106,867.0,2026-02-18 11:37:52.106
1771432672155,867.0,2026-02-18 11:37:52.155
1771432672204,867.0,2026-02-18 11:37:52.204
1771432672253,867.0,2026-02-18 11:37:52.253
1771432672309,868.0,2026-02-18 11:37:52.309
1771432672356,868.0,2026-02-18 11:37:52.356
1771432672405,868.0,2026-02-18 11:37:52.405
1771432672458,869.0,2026-02-18 11:37:52.458
1771432672508,869.0,2026-02-18 11:37:52.508
1771432672557,869.0,2026-02-18 11:37:52.557
1771432672606,869.0,2026-02-18 11:37:52.606
1771432672659,869.0,2026-02-18 11:37:52.659
1771432672708,869.0,2026-02-18 11:37:52.708
1771432672757,869.0,2026-02-18 11:37:52.757
1771432672811,869.0,2026-02-18 11:37:52.811
1771432672860,869.0,2026-02-18 11:37:52.860
1771432672909,869.0,2026-02-18 11:37:52.909
1771432672958,869.0,2026-02-18 11:37:52.958
1771432673012,869.0,2026-02-18 11:37:53.012
1771432673060,869.0,2026-02-18 11:37:53.060
1771432673110,869.0,2026-02-18 11:37:53.110
1771432673159,869.0,2026-02-18 11:37:53.159
1771432673212,868.0,2026-02-18 11:37:53.212
1771432673261,868.0,2026-02-18 11:37:53.261
1771432673310,868.0,2026-02-18 11:37:53.310
1771432673363,868.0,2026-02-18 11:37:53.363
1771432673413,867.0,2026-02-18 11:37:53.413
1771432673462,867.0,2026-02-18 11:37:53.462
1771432673513,867.0,2026-02-18 11:37:53.513
1771432673564,867.0,2026-02-18 11:37:53.564
1771432673613,867.0,2026-02-18 11:37:53.613
1771432673662,867.0,2026-02-18 11:37:53.662
1771432673716,867.0,2026-02-18 11:37:53.716
1771432673765,867.0,2026-02-18 11:37:53.765
1771432673814,867.0,2026-02-18 11:37:53.814
1771432673863,868.0,2026-02-18 11:37:53.863
1771432673917,868.0,2026-02-18 11:37:53.917
1771432673966,868.0,2026-02-18 11:37:53.966
1771432674015,868.0,2026-02-18 11:37:54.015
1771432674068,869.0,2026-02-18 11:37:54.068
1771432674117,869.0,2026-02-18 11:37:54.117
1771432674166,869.0,2026-02-18 11:37:54.166
1771432674215,870.0,2026-02-18 11:37:54.215
1771432674269,870.0,2026-02-18 11:37:54.269
1771432674320,870.0,2026-02-18 11:37:54.320
1771432674367,871.0,2026-02-18 11:37:54.367
1771432674416,871.0,2026-02-18 11:37:54.416
1771432674469,872.0,2026-02-18 11:37:54.469
1771432674518,872.0,2026-02-18 11:37:54.518
1771432674568,872.0,2026-02-18 11:37:54.568
1771432674621,872.0,2026-02-18 11:37:54.621
1771432674670,873.0,2026-02-18 11:37:54.670
1771432674719,873.0,2026-02-18 11:37:54.719
1771432674768,873.0,2026-02-18 11:37:54.768
1771432674822,874.0,2026-02-18 11:37:54.822
1771432674871,875.0,2026-02-18 11:37:54.871
1771432674920,875.0,2026-02-18 11:37:54.920
1771432674973,876.0,2026-02-18 11:37:54.973
1771432675022,876.0,2026-02-18 11:37:55.022
1771432675073,877.0,2026-02-18 11:37:55.073
1771432675121,877.0,2026-02-18 11:37:55.121
1771432675178,878.0,2026-02-18 11:37:55.178
1771432675223,878.0,2026-02-18 11:37:55.223
1771432675272,878.0,2026-02-18 11:37:55.272
1771432675325,879.0,2026-02-18 11:37:55.325
1771432675374,879.0,2026-02-18 11:37:55.374
1771432675424,879.0,2026-02-18 11:37:55.424
1771432675473,879.0,2026-02-18 11:37:55.473
1771432675526,879.0,2026-02-18 11:37:55.526
1771432675575,879.0,2026-02-18 11:37:55.575
1771432675624,879.0,2026-02-18 11:37:55.624
1771432675673,879.0,2026-02-18 11:37:55.673
1771432675727,879.0,2026-02-18 11:37:55.727
1771432675776,879.0,2026-02-18 11:37:55.776
1771432675825,879.0,2026-02-18 11:37:55.825
1771432675878,878.0,2026-02-18 11:37:55.878
1771432675928,878.0,2026-02-18 11:37:55.928
1771432675977,878.0,2026-02-18 11:37:55.977
1771432676026,878.0,2026-02-18 11:37:56.026
1771432676079,877.0,2026-02-18 11:37:56.079
1771432676128,877.0,2026-02-18 11:37:56.128
1771432676178,877.0,2026-02-18 11:37:56.178
1771432676230,877.0,2026-02-18 11:37:56.230
1771432676280,876.0,2026-02-18 11:37:56.280
1771432676329,876.0,2026-02-18 11:37:56.329
1771432676378,876.0,2026-02-18 11:37:56.378
1771432676431,877.0,2026-02-18 11:37:56.431
1771432676480,877.0,2026-02-18 11:37:56.480
1771432676531,877.0,2026-02-18 11:37:56.531
1771432676583,877.0,2026-02-18 11:37:56.583
1771432676632,877.0,2026-02-18 11:37:56.632
1771432676681,877.0,2026-02-18 11:37:56.681
1771432676730,877.0,2026-02-18 11:37:56.730
1771432676783,877.0,2026-02-18 11:37:56.783
1771432676833,877.0,2026-02-18 11:37:56.833
1771432676883,877.0,2026-02-18 11:37:56.883
1771432676935,877.0,2026-02-18 11:37:56.935
1771432676984,877.0,2026-02-18 11:37:56.984
1771432677033,877.0,2026-02-18 11:37:57.033
1771432677085,877.0,2026-02-18 11:37:57.085
1771432677136,877.0,2026-02-18 11:37:57.136
1771432677185,878.0,2026-02-18 11:37:57.185
1771432677234,878.0,2026-02-18 11:37:57.234
1771432677283,878.0,2026-02-18 11:37:57.283
1771432677336,878.0,2026-02-18 11:37:57.336
1771432677386,878.0,2026-02-18 11:37:57.386
1771432677435,878.0,2026-02-18 11:37:57.435
1771432677488,878.0,2026-02-18 11:37:57.488
1771432677537,878.0,2026-02-18 11:37:57.537
1771432677586,879.0,2026-02-18 11:37:57.586
1771432677635,879.0,2026-02-18 11:37:57.635
1771432677690,879.0,2026-02-18 11:37:57.690
1771432677738,880.0,2026-02-18 11:37:57.738
1771432677787,880.0,2026-02-18 11:37:57.787
1771432677840,880.0,2026-02-18 11:37:57.840
1771432677889,880.0,2026-02-18 11:37:57.889
1771432677939,880.0,2026-02-18 11:37:57.939
1771432677988,880.0,2026-02-18 11:37:57.988
1771432678041,880.0,2026-02-18 11:37:58.041
1771432678090,880.0,2026-02-18 11:37:58.090
1771432678139,880.0,2026-02-18 11:37:58.139
1771432678192,880.0,2026-02-18 11:37:58.192
1771432678243,880.0,2026-02-18 11:37:58.243
1771432678291,880.0,2026-02-18 11:37:58.291
1771432678340,880.0,2026-02-18 11:37:58.340
1771432678393,880.0,2026-02-18 11:37:58.393
1771432678442,879.0,2026-02-18 11:37:58.442
1771432678492,879.0,2026-02-18 11:37:58.492
1771432678541,879.0,2026-02-18 11:37:58.541
1771432678594,878.0,2026-02-18 11:37:58.594
1771432678643,878.0,2026-02-18 11:37:58.643
1771432678693,877.0,2026-02-18 11:37:58.693
1771432678745,877.0,2026-02-18 11:37:58.745
1771432678794,877.0,2026-02-18 11:37:58.794
1771432678844,876.0,2026-02-18 11:37:58.844
1771432678893,876.0,2026-02-18 11:37:58.893
1771432678946,876.0,2026-02-18 11:37:58.946
1771432678995,876.0,2026-02-18 11:37:58.995
1771432679045,876.0,2026-02-18 11:37:59.045
1771432679098,876.0,2026-02-18 11:37:59.098
1771432679147,876.0,2026-02-18 11:37:59.147
1771432679196,876.0,2026-02-18 11:37:59.196
1771432679245,876.0,2026-02-18 11:37:59.245
1771432679298,876.0,2026-02-18 11:37:59.298
1771432679347,876.0,2026-02-18 11:37:59.347
1771432679397,876.0,2026-02-18 11:37:59.397
1771432679450,876.0,2026-02-18 11:37:59.450
1771432679501,876.0,2026-02-18 11:37:59.501
1771432679548,876.0,2026-02-18 11:37:59.548
1771432679597,876.0,2026-02-18 11:37:59.597
1771432679650,876.0,2026-02-18 11:37:59.650
1771432679700,876.0,2026-02-18 11:37:59.700
1771432679749,876.0,2026-02-18 11:37:59.749
1771432679798,876.0,2026-02-18 11:37:59.798
1771432679851,876.0,2026-02-18 11:37:59.851
1771432679900,876.0,2026-02-18 11:37:59.900
1771432679950,876.0,2026-02-18 11:37:59.950
1771432680003,876.0,2026-02-18 11:38:00.003
1771432680052,876.0,2026-02-18 11:38:00.052
1771432680101,876.0,2026-02-18 11:38:00.101
1771432680150,876.0,2026-02-18 11:38:00.150
1771432680203,877.0,2026-02-18 11:38:00.203
1771432680253,877.0,2026-02-18 11:38:00.253
1771432680302,877.0,2026-02-18 11:38:00.302
1771432680355,878.0,2026-02-18 11:38:00.355
1771432680404,878.0,2026-02-18 11:38:00.404
1771432680454,878.0,2026-02-18 11:38:00.454
1771432680503,878.0,2026-02-18 11:38:00.503
1771432680556,878.0,2026-02-18 11:38:00.556
1771432680614,878.0,2026-02-18 11:38:00.614
1771432680656,878.0,2026-02-18 11:38:00.656
1771432680707,878.0,2026-02-18 11:38:00.707
1771432680756,878.0,2026-02-18 11:38:00.756
1771432680806,878.0,2026-02-18 11:38:00.806
1771432680855,878.0,2026-02-18 11:38:00.855
1771432680908,878.0,2026-02-18 11:38:00.908
1771432680957,878.0,2026-02-18 11:38:00.957
1771432681006,877.0,2026-02-18 11:38:01.006
1771432681055,877.0,2026-02-18 11:38:01.055
1771432681109,877.0,2026-02-18 11:38:01.109
1771432681158,876.0,2026-02-18 11:38:01.158
1771432681207,876.0,2026-02-18 11:38:01.207
1771432681260,876.0,2026-02-18 11:38:01.260
1771432681309,875.0,2026-02-18 11:38:01.309
1771432681359,875.0,2026-02-18 11:38:01.359
1771432681408,875.0,2026-02-18 11:38:01.408
1771432681461,874.0,2026-02-18 11:38:01.461
1771432681510,874.0,2026-02-18 11:38:01.510
1771432681559,874.0,2026-02-18 11:38:01.559
1771432681613,873.0,2026-02-18 11:38:01.613
1771432681662,873.0,2026-02-18 11:38:01.662
1771432681711,873.0,2026-02-18 11:38:01.711
1771432681760,873.0,2026-02-18 11:38:01.760
1771432681813,873.0,2026-02-18 11:38:01.813
1771432681862,873.0,2026-02-18 11:38:01.862
1771432681911,873.0,2026-02-18 11:38:01.911
1771432681965,873.0,2026-02-18 11:38:01.965
1771432682014,873.0,2026-02-18 11:38:02.014
1771432682063,873.0,2026-02-18 11:38:02.063
1771432682112,873.0,2026-02-18 11:38:02.112
1771432682165,874.0,2026-02-18 11:38:02.165
1771432682215,874.0,2026-02-18 11:38:02.215
1771432682264,874.0,2026-02-18 11:38:02.264
1771432682313,874.0,2026-02-18 11:38:02.313
1771432682367,874.0,2026-02-18 11:38:02.367
1771432682419,874.0,2026-02-18 11:38:02.419
1771432682464,874.0,2026-02-18 11:38:02.464
1771432682518,874.0,2026-02-18 11:38:02.518
1771432682569,874.0,2026-02-18 11:38:02.569
1771432682616,874.0,2026-02-18 11:38:02.616
1771432682665,874.0,2026-02-18 11:38:02.665
1771432682720,875.0,2026-02-18 11:38:02.720
1771432682768,875.0,2026-02-18 11:38:02.768
1771432682817,875.0,2026-02-18 11:38:02.817
1771432682870,876.0,2026-02-18 11:38:02.870
1771432682919,876.0,2026-02-18 11:38:02.919
1771432682968,876.0,2026-02-18 11:38:02.968
1771432683019,877.0,2026-02-18 11:38:03.019
1771432683071,877.0,2026-02-18 11:38:03.071
1771432683120,877.0,2026-02-18 11:38:03.120
1771432683169,877.0,2026-02-18 11:38:03.169
1771432683222,878.0,2026-02-18 11:38:03.222
1771432683271,878.0,2026-02-18 11:38:03.271
1771432683320,878.0,2026-02-18 11:38:03.320
1771432683370,878.0,2026-02-18 11:38:03.370
1771432683425,878.0,2026-02-18 11:38:03.425
1771432683472,878.0,2026-02-18 11:38:03.472
1771432683521,878.0,2026-02-18 11:38:03.521
1771432683570,878.0,2026-02-18 11:38:03.570
1771432683623,878.0,2026-02-18 11:38:03.623
1771432683673,878.0,2026-02-18 11:38:03.673
1771432683722,877.0,2026-02-18 11:38:03.722
1771432683775,877.0,2026-02-18 11:38:03.775
1771432683825,877.0,2026-02-18 11:38:03.825
1771432683874,877.0,2026-02-18 11:38:03.874
1771432683922,876.0,2026-02-18 11:38:03.922
1771432683976,876.0,2026-02-18 11:38:03.976
1771432684025,876.0,2026-02-18 11:38:04.025
1771432684074,875.0,2026-02-18 11:38:04.074
1771432684127,875.0,2026-02-18 11:38:04.127
1771432684176,875.0,2026-02-18 11:38:04.176
1771432684226,874.0,2026-02-18 11:38:04.226
1771432684275,874.0,2026-02-18 11:38:04.275
1771432684328,874.0,2026-02-18 11:38:04.328
1771432684377,874.0,2026-02-18 11:38:04.377
1771432684426,874.0,2026-02-18 11:38:04.426
1771432684479,874.0,2026-02-18 11:38:04.479
1771432684529,875.0,2026-02-18 11:38:04.529
1771432684578,875.0,2026-02-18 11:38:04.578
1771432684627,875.0,2026-02-18 11:38:04.627
1771432684680,875.0,2026-02-18 11:38:04.680
1771432684729,875.0,2026-02-18 11:38:04.729
1771432684779,875.0,2026-02-18 11:38:04.779
1771432684828,875.0,2026-02-18 11:38:04.828
1771432684882,875.0,2026-02-18 11:38:04.882
1771432684930,875.0,2026-02-18 11:38:04.930
1771432684979,875.0,2026-02-18 11:38:04.979
1771432685033,875.0,2026-02-18 11:38:05.033
1771432685082,875.0,2026-02-18 11:38:05.082
1771432685131,875.0,2026-02-18 11:38:05.131
1771432685180,875.0,2026-02-18 11:38:05.180
1771432685233,876.0,2026-02-18 11:38:05.233
1771432685282,876.0,2026-02-18 11:38:05.282
1771432685331,876.0,2026-02-18 11:38:05.331
1771432685385,876.0,2026-02-18 11:38:05.385
1771432685434,876.0,2026-02-18 11:38:05.434
1771432685483,876.0,2026-02-18 11:38:05.483
1771432685532,876.0,2026-02-18 11:38:05.532
1771432685585,877.0,2026-02-18 11:38:05.585
1771432685634,877.0,2026-02-18 11:38:05.634
1771432685684,878.0,2026-02-18 11:38:05.684
1771432685737,878.0,2026-02-18 11:38:05.737
1771432685786,878.0,2026-02-18 11:38:05.786
1771432685835,878.0,2026-02-18 11:38:05.835
1771432685884,879.0,2026-02-18 11:38:05.884
1771432685938,879.0,2026-02-18 11:38:05.938
1771432685987,879.0,2026-02-18 11:38:05.987
1771432686036,879.0,2026-02-18 11:38:06.036
1771432686085,879.0,2026-02-18 11:38:06.085
1771432686139,879.0,2026-02-18 11:38:06.139
1771432686187,879.0,2026-02-18 11:38:06.187
1771432686237,878.0,2026-02-18 11:38:06.237
1771432686290,878.0,2026-02-18 11:38:06.290
1771432686339,878.0,2026-02-18 11:38:06.339
1771432686388,878.0,2026-02-18 11:38:06.388
1771432686437,878.0,2026-02-18 11:38:06.437
1771432686491,877.0,2026-02-18 11:38:06.491
1771432686540,877.0,2026-02-18 11:38:06.540
1771432686589,877.0,2026-02-18 11:38:06.589
1771432686643,876.0,2026-02-18 11:38:06.643
1771432686691,876.0,2026-02-18 11:38:06.691
1771432686740,876.0,2026-02-18 11:38:06.740
1771432686792,875.0,2026-02-18 11:38:06.792
1771432686843,875.0,2026-02-18 11:38:06.843
1771432686892,875.0,2026-02-18 11:38:06.892
1771432686941,875.0,2026-02-18 11:38:06.941
1771432686994,875.0,2026-02-18 11:38:06.994
1771432687044,875.0,2026-02-18 11:38:07.044
1771432687093,874.0,2026-02-18 11:38:07.093
1771432687142,875.0,2026-02-18 11:38:07.142
1771432687195,875.0,2026-02-18 11:38:07.195
1771432687245,875.0,2026-02-18 11:38:07.245
1771432687294,874.0,2026-02-18 11:38:07.294
1771432687343,875.0,2026-02-18 11:38:07.343
1771432687396,875.0,2026-02-18 11:38:07.396
1771432687445,874.0,2026-02-18 11:38:07.445
1771432687494,875.0,2026-02-18 11:38:07.494
1771432687548,875.0,2026-02-18 11:38:07.548
1771432687596,875.0,2026-02-18 11:38:07.596
1771432687646,875.0,2026-02-18 11:38:07.646
1771432687695,875.0,2026-02-18 11:38:07.695
1771432687748,875.0,2026-02-18 11:38:07.748
1771432687798,875.0,2026-02-18 11:38:07.798
1771432687846,875.0,2026-02-18 11:38:07.846
1771432687900,875.0,2026-02-18 11:38:07.900
1771432687949,875.0,2026-02-18 11:38:07.949
1771432687998,875.0,2026-02-18 11:38:07.998
1771432688047,875.0,2026-02-18 11:38:08.047
1771432688100,875.0,2026-02-18 11:38:08.100
1771432688149,875.0,2026-02-18 11:38:08.149
1771432688199,876.0,2026-02-18 11:38:08.199
1771432688252,876.0,2026-02-18 11:38:08.252
1771432688301,876.0,2026-02-18 11:38:08.301
1771432688350,877.0,2026-02-18 11:38:08.350
1771432688399,877.0,2026-02-18 11:38:08.399
1771432688452,877.0,2026-02-18 11:38:08.452
1771432688502,877.0,2026-02-18 11:38:08.502
1771432688558,877.0,2026-02-18 11:38:08.558
1771432688600,877.0,2026-02-18 11:38:08.600
1771432688653,877.0,2026-02-18 11:38:08.653
1771432688702,877.0,2026-02-18 11:38:08.702
1771432688752,877.0,2026-02-18 11:38:08.752
1771432688805,877.0,2026-02-18 11:38:08.805
1771432688854,877.0,2026-02-18 11:38:08.854
1771432688903,877.0,2026-02-18 11:38:08.903
1771432688952,877.0,2026-02-18 11:38:08.952
1771432689005,877.0,2026-02-18 11:38:09.005
1771432689055,876.0,2026-02-18 11:38:09.055
1771432689104,876.0,2026-02-18 11:38:09.104
1771432689157,876.0,2026-02-18 11:38:09.157
1771432689206,875.0,2026-02-18 11:38:09.206
1771432689255,875.0,2026-02-18 11:38:09.255
1771432689304,875.0,2026-02-18 11:38:09.304
1771432689358,874.0,2026-02-18 11:38:09.358
1771432689407,874.0,2026-02-18 11:38:09.407
1771432689456,874.0,2026-02-18 11:38:09.456
1771432689509,873.0,2026-02-18 11:38:09.509
1771432689558,873.0,2026-02-18 11:38:09.558
1771432689608,873.0,2026-02-18 11:38:09.608
1771432689657,873.0,2026-02-18 11:38:09.657
1771432689710,874.0,2026-02-18 11:38:09.710
1771432689759,873.0,2026-02-18 11:38:09.759
1771432689808,873.0,2026-02-18 11:38:09.808
1771432689859,874.0,2026-02-18 11:38:09.859
1771432689911,873.0,2026-02-18 11:38:09.911
1771432689960,873.0,2026-02-18 11:38:09.960
1771432690009,873.0,2026-02-18 11:38:10.009
1771432690062,873.0,2026-02-18 11:38:10.062
1771432690111,874.0,2026-02-18 11:38:10.111
1771432690161,874.0,2026-02-18 11:38:10.161
1771432690210,874.0,2026-02-18 11:38:10.210
1771432690263,874.0,2026-02-18 11:38:10.263
1771432690312,874.0,2026-02-18 11:38:10.312
1771432690367,874.0,2026-02-18 11:38:10.367
1771432690414,874.0,2026-02-18 11:38:10.414
1771432690463,874.0,2026-02-18 11:38:10.463
1771432690513,874.0,2026-02-18 11:38:10.513
1771432690562,874.0,2026-02-18 11:38:10.562
1771432690615,874.0,2026-02-18 11:38:10.615
1771432690664,874.0,2026-02-18 11:38:10.664
1771432690713,874.0,2026-02-18 11:38:10.713
1771432690769,875.0,2026-02-18 11:38:10.769
1771432690819,875.0,2026-02-18 11:38:10.819
1771432690865,875.0,2026-02-18 11:38:10.865
1771432690914,875.0,2026-02-18 11:38:10.914
1771432690967,876.0,2026-02-18 11:38:10.967
1771432691016,876.0,2026-02-18 11:38:11.016
1771432691066,876.0,2026-02-18 11:38:11.066
1771432691115,876.0,2026-02-18 11:38:11.115
1771432691168,877.0,2026-02-18 11:38:11.168
1771432691217,877.0,2026-02-18 11:38:11.217
1771432691266,877.0,2026-02-18 11:38:11.266
1771432691319,877.0,2026-02-18 11:38:11.319
1771432691369,877.0,2026-02-18 11:38:11.369
1771432691418,876.0,2026-02-18 11:38:11.418
1771432691468,876.0,2026-02-18 11:38:11.468
1771432691520,876.0,2026-02-18 11:38:11.520
1771432691569,876.0,2026-02-18 11:38:11.569
1771432691620,876.0,2026-02-18 11:38:11.620
1771432691672,876.0,2026-02-18 11:38:11.672
1771432691721,875.0,2026-02-18 11:38:11.721
1771432691770,875.0,2026-02-18 11:38:11.770
1771432691819,875.0,2026-02-18 11:38:11.819
1771432691872,874.0,2026-02-18 11:38:11.872
1771432691922,874.0,2026-02-18 11:38:11.922
1771432691971,874.0,2026-02-18 11:38:11.971
1771432692024,873.0,2026-02-18 11:38:12.024
1771432692073,873.0,2026-02-18 11:38:12.073
1771432692122,873.0,2026-02-18 11:38:12.122
1771432692171,872.0,2026-02-18 11:38:12.171
1771432692225,872.0,2026-02-18 11:38:12.225
1771432692275,872.0,2026-02-18 11:38:12.275
1771432692323,872.0,2026-02-18 11:38:12.323
1771432692372,872.0,2026-02-18 11:38:12.372
1771432692425,872.0,2026-02-18 11:38:12.425
1771432692476,873.0,2026-02-18 11:38:12.476
1771432692524,872.0,2026-02-18 11:38:12.524
1771432692577,872.0,2026-02-18 11:38:12.577
1771432692626,872.0,2026-02-18 11:38:12.626
1771432692675,872.0,2026-02-18 11:38:12.675
1771432692724,872.0,2026-02-18 11:38:12.724
1771432692778,872.0,2026-02-18 11:38:12.778
1771432692828,872.0,2026-02-18 11:38:12.828
1771432692876,873.0,2026-02-18 11:38:12.876
1771432692929,873.0,2026-02-18 11:38:12.929
1771432692978,872.0,2026-02-18 11:38:12.978
1771432693027,873.0,2026-02-18 11:38:13.027
1771432693077,873.0,2026-02-18 11:38:13.077
1771432693130,873.0,2026-02-18 11:38:13.130
1771432693179,873.0,2026-02-18 11:38:13.179
1771432693229,873.0,2026-02-18 11:38:13.229
1771432693281,873.0,2026-02-18 11:38:13.281
1771432693331,873.0,2026-02-18 11:38:13.331
1771432693380,873.0,2026-02-18 11:38:13.380
1771432693429,874.0,2026-02-18 11:38:13.429
1771432693482,874.0,2026-02-18 11:38:13.482
1771432693531,874.0,2026-02-18 11:38:13.531
1771432693580,874.0,2026-02-18 11:38:13.580
1771432693634,875.0,2026-02-18 11:38:13.634
1771432693683,875.0,2026-02-18 11:38:13.683
1771432693736,875.0,2026-02-18 11:38:13.736
1771432693781,875.0,2026-02-18 11:38:13.781
1771432693834,875.0,2026-02-18 11:38:13.834
1771432693883,875.0,2026-02-18 11:38:13.883
1771432693933,875.0,2026-02-18 11:38:13.933
1771432693982,875.0,2026-02-18 11:38:13.982
1771432694035,875.0,2026-02-18 11:38:14.035
1771432694084,875.0,2026-02-18 11:38:14.084
1771432694133,875.0,2026-02-18 11:38:14.133
1771432694186,875.0,2026-02-18 11:38:14.186
1771432694236,875.0,2026-02-18 11:38:14.236
1771432694285,874.0,2026-02-18 11:38:14.285
1771432694334,874.0,2026-02-18 11:38:14.334
1771432694387,874.0,2026-02-18 11:38:14.387
1771432694436,873.0,2026-02-18 11:38:14.436
1771432694486,873.0,2026-02-18 11:38:14.486
1771432694539,873.0,2026-02-18 11:38:14.539
1771432694588,872.0,2026-02-18 11:38:14.588
1771432694641,872.0,2026-02-18 11:38:14.641
1771432694686,871.0,2026-02-18 11:38:14.686
1771432694739,871.0,2026-02-18 11:38:14.739
1771432694789,871.0,2026-02-18 11:38:14.789
1771432694838,871.0,2026-02-18 11:38:14.838
1771432694891,871.0,2026-02-18 11:38:14.891
1771432694940,871.0,2026-02-18 11:38:14.940
1771432694990,871.0,2026-02-18 11:38:14.990
1771432695039,871.0,2026-02-18 11:38:15.039
1771432695092,871.0,2026-02-18 11:38:15.092
1771432695142,871.0,2026-02-18 11:38:15.142
1771432695190,871.0,2026-02-18 11:38:15.190
1771432695239,871.0,2026-02-18 11:38:15.239
1771432695292,871.0,2026-02-18 11:38:15.292
1771432695342,871.0,2026-02-18 11:38:15.342
1771432695391,871.0,2026-02-18 11:38:15.391
1771432695444,871.0,2026-02-18 11:38:15.444
1771432695493,871.0,2026-02-18 11:38:15.493
1771432695542,871.0,2026-02-18 11:38:15.542
1771432695592,872.0,2026-02-18 11:38:15.592
1771432695645,872.0,2026-02-18 11:38:15.645
1771432695694,872.0,2026-02-18 11:38:15.694
1771432695743,872.0,2026-02-18 11:38:15.743
1771432695797,872.0,2026-02-18 11:38:15.797
1771432695845,872.0,2026-02-18 11:38:15.845
1771432695895,872.0,2026-02-18 11:38:15.895
1771432695944,872.0,2026-02-18 11:38:15.944
1771432695997,872.0,2026-02-18 11:38:15.997
1771432696046,873.0,2026-02-18 11:38:16.046
1771432696095,873.0,2026-02-18 11:38:16.095
1771432696148,873.0,2026-02-18 11:38:16.148
1771432696198,874.0,2026-02-18 11:38:16.198
1771432696247,874.0,2026-02-18 11:38:16.247
1771432696296,874.0,2026-02-18 11:38:16.296
1771432696349,874.0,2026-02-18 11:38:16.349
1771432696398,875.0,2026-02-18 11:38:16.398
1771432696447,875.0,2026-02-18 11:38:16.447
1771432696497,875.0,2026-02-18 11:38:16.497
1771432696550,875.0,2026-02-18 11:38:16.550
1771432696599,875.0,2026-02-18 11:38:16.599
1771432696648,875.0,2026-02-18 11:38:16.648
1771432696701,875.0,2026-02-18 11:38:16.701
1771432696751,875.0,2026-02-18 11:38:16.751
1771432696800,874.0,2026-02-18 11:38:16.800
1771432696849,874.0,2026-02-18 11:38:16.849
1771432696902,874.0,2026-02-18 11:38:16.902
1771432696951,874.0,2026-02-18 11:38:16.951
1771432697000,873.0,2026-02-18 11:38:17.000
1771432697054,873.0,2026-02-18 11:38:17.054
1771432697103,873.0,2026-02-18 11:38:17.103
1771432697152,872.0,2026-02-18 11:38:17.152
1771432697201,872.0,2026-02-18 11:38:17.201
1771432697254,871.0,2026-02-18 11:38:17.254
1771432697303,871.0,2026-02-18 11:38:17.303
1771432697353,871.0,2026-02-18 11:38:17.353
1771432697402,871.0,2026-02-18 11:38:17.402
1771432697455,871.0,2026-02-18 11:38:17.455
1771432697504,871.0,2026-02-18 11:38:17.504
1771432697553,871.0,2026-02-18 11:38:17.553
1771432697607,871.0,2026-02-18 11:38:17.607
1771432697656,871.0,2026-02-18 11:38:17.656
1771432697705,871.0,2026-02-18 11:38:17.705
1771432697754,871.0,2026-02-18 11:38:17.754
1771432697807,871.0,2026-02-18 11:38:17.807
1771432697857,871.0,2026-02-18 11:38:17.857
1771432697906,871.0,2026-02-18 11:38:17.906
1771432697959,871.0,2026-02-18 11:38:17.959
1771432698008,871.0,2026-02-18 11:38:18.008
1771432698057,871.0,2026-02-18 11:38:18.057
1771432698106,871.0,2026-02-18 11:38:18.106
1771432698160,871.0,2026-02-18 11:38:18.160
1771432698210,872.0,2026-02-18 11:38:18.210
1771432698258,872.0,2026-02-18 11:38:18.258
1771432698311,872.0,2026-02-18 11:38:18.311
1771432698361,872.0,2026-02-18 11:38:18.361
1771432698410,872.0,2026-02-18 11:38:18.410
1771432698459,872.0,2026-02-18 11:38:18.459
1771432698512,872.0,2026-02-18 11:38:18.512
1771432698561,872.0,2026-02-18 11:38:18.561
1771432698611,873.0,2026-02-18 11:38:18.611
1771432698663,873.0,2026-02-18 11:38:18.663
1771432698713,873.0,2026-02-18 11:38:18.713
1771432698762,874.0,2026-02-18 11:38:18.762
1771432698811,874.0,2026-02-18 11:38:18.811
1771432698864,874.0,2026-02-18 11:38:18.864
1771432698913,874.0,2026-02-18 11:38:18.913
1771432698962,875.0,2026-02-18 11:38:18.962
1771432699012,875.0,2026-02-18 11:38:19.012
1771432699065,875.0,2026-02-18 11:38:19.065
1771432699114,875.0,2026-02-18 11:38:19.114
1771432699163,875.0,2026-02-18 11:38:19.163
1771432699219,875.0,2026-02-18 11:38:19.219
1771432699266,875.0,2026-02-18 11:38:19.266
1771432699315,875.0,2026-02-18 11:38:19.315
1771432699364,875.0,2026-02-18 11:38:19.364
1771432699417,874.0,2026-02-18 11:38:19.417
1771432699466,874.0,2026-02-18 11:38:19.466
1771432699515,874.0,2026-02-18 11:38:19.515
1771432699568,873.0,2026-02-18 11:38:19.568
1771432699618,873.0,2026-02-18 11:38:19.618
1771432699667,873.0,2026-02-18 11:38:19.667
1771432699716,872.0,2026-02-18 11:38:19.716
1771432699772,872.0,2026-02-18 11:38:19.772
1771432699818,872.0,2026-02-18 11:38:19.818
1771432699868,871.0,2026-02-18 11:38:19.868
1771432699921,871.0,2026-02-18 11:38:19.921
1771432699971,871.0,2026-02-18 11:38:19.971
1771432700019,871.0,2026-02-18 11:38:20.019
1771432700069,871.0,2026-02-18 11:38:20.069
1771432700121,871.0,2026-02-18 11:38:20.121
1771432700171,871.0,2026-02-18 11:38:20.171
1771432700220,871.0,2026-02-18 11:38:20.220
1771432700270,871.0,2026-02-18 11:38:20.270
1771432700322,871.0,2026-02-18 11:38:20.322
1771432700371,871.0,2026-02-18 11:38:20.371
1771432700420,871.0,2026-02-18 11:38:20.420
1771432700475,871.0,2026-02-18 11:38:20.475
1771432700523,871.0,2026-02-18 11:38:20.523
1771432700572,872.0,2026-02-18 11:38:20.572
1771432700621,871.0,2026-02-18 11:38:20.621
1771432700674,871.0,2026-02-18 11:38:20.674
1771432700724,872.0,2026-02-18 11:38:20.724
1771432700773,872.0,2026-02-18 11:38:20.773
1771432700827,872.0,2026-02-18 11:38:20.827
1771432700875,872.0,2026-02-18 11:38:20.875
1771432700924,872.0,2026-02-18 11:38:20.924
1771432700973,872.0,2026-02-18 11:38:20.973
1771432701027,872.0,2026-02-18 11:38:21.027
1771432701076,872.0,2026-02-18 11:38:21.076
1771432701125,872.0,2026-02-18 11:38:21.125
1771432701178,873.0,2026-02-18 11:38:21.178
1771432701228,873.0,2026-02-18 11:38:21.228
1771432701277,874.0,2026-02-18 11:38:21.277
1771432701326,874.0,2026-02-18 11:38:21.326
1771432701379,874.0,2026-02-18 11:38:21.379
1771432701428,875.0,2026-02-18 11:38:21.428
1771432701477,875.0,2026-02-18 11:38:21.477
1771432701527,875.0,2026-02-18 11:38:21.527
1771432701580,875.0,2026-02-18 11:38:21.580
1771432701629,876.0,2026-02-18 11:38:21.629
1771432701678,875.0,2026-02-18 11:38:21.678
1771432701731,876.0,2026-02-18 11:38:21.731
1771432701780,876.0,2026-02-18 11:38:21.780
1771432701829,876.0,2026-02-18 11:38:21.829
1771432701879,876.0,2026-02-18 11:38:21.879
1771432701932,876.0,2026-02-18 11:38:21.932
1771432701981,876.0,2026-02-18 11:38:21.981
1771432702031,876.0,2026-02-18 11:38:22.031
1771432702083,875.0,2026-02-18 11:38:22.083
1771432702132,875.0,2026-02-18 11:38:22.132
1771432702182,875.0,2026-02-18 11:38:22.182
1771432702231,875.0,2026-02-18 11:38:22.231
1771432702284,875.0,2026-02-18 11:38:22.284
1771432702333,874.0,2026-02-18 11:38:22.333
1771432702385,874.0,2026-02-18 11:38:22.385
1771432702436,874.0,2026-02-18 11:38:22.436
1771432702485,874.0,2026-02-18 11:38:22.485
1771432702537,874.0,2026-02-18 11:38:22.537
1771432702586,874.0,2026-02-18 11:38:22.586
1771432702636,874.0,2026-02-18 11:38:22.636
1771432702691,875.0,2026-02-18 11:38:22.691
1771432702735,875.0,2026-02-18 11:38:22.735
1771432702784,875.0,2026-02-18 11:38:22.784
1771432702837,875.0,2026-02-18 11:38:22.837
1771432702886,875.0,2026-02-18 11:38:22.886
1771432702935,875.0,2026-02-18 11:38:22.935
1771432702988,876.0,2026-02-18 11:38:22.988
1771432703038,876.0,2026-02-18 11:38:23.038
1771432703087,876.0,2026-02-18 11:38:23.087
1771432703136,876.0,2026-02-18 11:38:23.136
1771432703189,877.0,2026-02-18 11:38:23.189
1771432703238,877.0,2026-02-18 11:38:23.238
1771432703288,877.0,2026-02-18 11:38:23.288
1771432703341,877.0,2026-02-18 11:38:23.341
1771432703390,877.0,2026-02-18 11:38:23.390
1771432703439,878.0,2026-02-18 11:38:23.439
1771432703488,878.0,2026-02-18 11:38:23.488
1771432703542,878.0,2026-02-18 11:38:23.542
1771432703591,878.0,2026-02-18 11:38:23.591
1771432703640,878.0,2026-02-18 11:38:23.640
1771432703693,878.0,2026-02-18 11:38:23.693
1771432703742,879.0,2026-02-18 11:38:23.742
1771432703791,879.0,2026-02-18 11:38:23.791
1771432703841,880.0,2026-02-18 11:38:23.841
1771432703894,880.0,2026-02-18 11:38:23.894
1771432703943,880.0,2026-02-18 11:38:23.943
1771432703992,881.0,2026-02-18 11:38:23.992
1771432704041,881.0,2026-02-18 11:38:24.041
1771432704095,881.0,2026-02-18 11:38:24.095
1771432704144,882.0,2026-02-18 11:38:24.144
1771432704193,882.0,2026-02-18 11:38:24.193
1771432704246,882.0,2026-02-18 11:38:24.246
1771432704295,882.0,2026-02-18 11:38:24.295
1771432704344,882.0,2026-02-18 11:38:24.344
1771432704394,882.0,2026-02-18 11:38:24.394
1771432704447,882.0,2026-02-18 11:38:24.447
1771432704496,882.0,2026-02-18 11:38:24.496
1771432704545,882.0,2026-02-18 11:38:24.545
1771432704602,882.0,2026-02-18 11:38:24.602
1771432704647,882.0,2026-02-18 11:38:24.647
1771432704697,882.0,2026-02-18 11:38:24.697
1771432704746,881.0,2026-02-18 11:38:24.746
1771432704803,881.0,2026-02-18 11:38:24.803
1771432704848,881.0,2026-02-18 11:38:24.848
1771432704897,881.0,2026-02-18 11:38:24.897
1771432704951,880.0,2026-02-18 11:38:24.951
1771432705001,880.0,2026-02-18 11:38:25.001
1771432705049,880.0,2026-02-18 11:38:25.049
1771432705098,880.0,2026-02-18 11:38:25.098
1771432705151,879.0,2026-02-18 11:38:25.151
1771432705200,879.0,2026-02-18 11:38:25.200
1771432705250,879.0,2026-02-18 11:38:25.250
1771432705298,880.0,2026-02-18 11:38:25.298
1771432705352,880.0,2026-02-18 11:38:25.352
1771432705401,880.0,2026-02-18 11:38:25.401
1771432705450,880.0,2026-02-18 11:38:25.450
1771432705503,880.0,2026-02-18 11:38:25.503
1771432705553,880.0,2026-02-18 11:38:25.553
1771432705602,880.0,2026-02-18 11:38:25.602
1771432705651,880.0,2026-02-18 11:38:25.651
1771432705704,880.0,2026-02-18 11:38:25.704
1771432705753,880.0,2026-02-18 11:38:25.753
1771432705802,880.0,2026-02-18 11:38:25.802
1771432705855,880.0,2026-02-18 11:38:25.855
1771432705905,880.0,2026-02-18 11:38:25.905
1771432705954,880.0,2026-02-18 11:38:25.954
1771432706003,880.0,2026-02-18 11:38:26.003
1771432706056,880.0,2026-02-18 11:38:26.056
1771432706105,880.0,2026-02-18 11:38:26.105
1771432706155,880.0,2026-02-18 11:38:26.155
1771432706208,881.0,2026-02-18 11:38:26.208
1771432706257,880.0,2026-02-18 11:38:26.257
1771432706306,881.0,2026-02-18 11:38:26.306
1771432706355,881.0,2026-02-18 11:38:26.355
1771432706408,881.0,2026-02-18 11:38:26.408
1771432706458,881.0,2026-02-18 11:38:26.458
1771432706507,882.0,2026-02-18 11:38:26.507
1771432706556,882.0,2026-02-18 11:38:26.556
1771432706611,882.0,2026-02-18 11:38:26.611
1771432706658,882.0,2026-02-18 11:38:26.658
1771432706709,883.0,2026-02-18 11:38:26.709
1771432706761,883.0,2026-02-18 11:38:26.761
1771432706810,883.0,2026-02-18 11:38:26.810
1771432706859,883.0,2026-02-18 11:38:26.859
1771432706908,883.0,2026-02-18 11:38:26.908
1771432706962,883.0,2026-02-18 11:38:26.962
1771432707011,882.0,2026-02-18 11:38:27.011
1771432707060,883.0,2026-02-18 11:38:27.060
1771432707114,882.0,2026-02-18 11:38:27.114
1771432707162,882.0,2026-02-18 11:38:27.162
1771432707211,882.0,2026-02-18 11:38:27.211
1771432707261,882.0,2026-02-18 11:38:27.261
1771432707314,881.0,2026-02-18 11:38:27.314
1771432707363,881.0,2026-02-18 11:38:27.363
1771432707412,881.0,2026-02-18 11:38:27.412
1771432707465,880.0,2026-02-18 11:38:27.465
1771432707514,880.0,2026-02-18 11:38:27.514
1771432707564,879.0,2026-02-18 11:38:27.564
1771432707613,879.0,2026-02-18 11:38:27.613
1771432707666,879.0,2026-02-18 11:38:27.666
1771432707715,879.0,2026-02-18 11:38:27.715
1771432707764,878.0,2026-02-18 11:38:27.764
1771432707813,878.0,2026-02-18 11:38:27.813
1771432707869,878.0,2026-02-18 11:38:27.869
1771432707916,878.0,2026-02-18 11:38:27.916
1771432707965,878.0,2026-02-18 11:38:27.965
1771432708018,878.0,2026-02-18 11:38:28.018
1771432708068,878.0,2026-02-18 11:38:28.068
1771432708117,878.0,2026-02-18 11:38:28.117
1771432708166,878.0,2026-02-18 11:38:28.166
1771432708219,878.0,2026-02-18 11:38:28.219
1771432708268,878.0,2026-02-18 11:38:28.268
1771432708317,878.0,2026-02-18 11:38:28.317
1771432708370,878.0,2026-02-18 11:38:28.370
1771432708420,878.0,2026-02-18 11:38:28.420
1771432708469,878.0,2026-02-18 11:38:28.469
1771432708518,878.0,2026-02-18 11:38:28.518
1771432708571,878.0,2026-02-18 11:38:28.571
1771432708621,878.0,2026-02-18 11:38:28.621
1771432708669,879.0,2026-02-18 11:38:28.669
1771432708723,878.0,2026-02-18 11:38:28.723
1771432708772,879.0,2026-02-18 11:38:28.772
1771432708821,879.0,2026-02-18 11:38:28.821
1771432708870,879.0,2026-02-18 11:38:28.870
1771432708924,879.0,2026-02-18 11:38:28.924
1771432708973,879.0,2026-02-18 11:38:28.973
1771432709022,879.0,2026-02-18 11:38:29.022
1771432709071,880.0,2026-02-18 11:38:29.071
1771432709124,880.0,2026-02-18 11:38:29.124
1771432709173,881.0,2026-02-18 11:38:29.173
1771432709222,881.0,2026-02-18 11:38:29.222
1771432709276,881.0,2026-02-18 11:38:29.276
1771432709325,881.0,2026-02-18 11:38:29.325
1771432709374,882.0,2026-02-18 11:38:29.374
1771432709424,882.0,2026-02-18 11:38:29.424
1771432709476,882.0,2026-02-18 11:38:29.476
1771432709525,882.0,2026-02-18 11:38:29.525
1771432709575,882.0,2026-02-18 11:38:29.575
1771432709628,882.0,2026-02-18 11:38:29.628
1771432709677,883.0,2026-02-18 11:38:29.677
1771432709727,883.0,2026-02-18 11:38:29.727
1771432709775,883.0,2026-02-18 11:38:29.775
1771432709829,882.0,2026-02-18 11:38:29.829
1771432709878,882.0,2026-02-18 11:38:29.878
1771432709927,882.0,2026-02-18 11:38:29.927
1771432709980,882.0,2026-02-18 11:38:29.980
1771432710029,882.0,2026-02-18 11:38:30.029
1771432710080,882.0,2026-02-18 11:38:30.080
1771432710128,882.0,2026-02-18 11:38:30.128
1771432710185,882.0,2026-02-18 11:38:30.185
1771432710230,881.0,2026-02-18 11:38:30.230
1771432710279,881.0,2026-02-18 11:38:30.279
1771432710332,881.0,2026-02-18 11:38:30.332
1771432710382,881.0,2026-02-18 11:38:30.382
1771432710431,881.0,2026-02-18 11:38:30.431
1771432710480,881.0,2026-02-18 11:38:30.480
1771432710535,881.0,2026-02-18 11:38:30.535
1771432710582,882.0,2026-02-18 11:38:30.582
1771432710631,882.0,2026-02-18 11:38:30.631
1771432710681,882.0,2026-02-18 11:38:30.681
1771432710734,882.0,2026-02-18 11:38:30.734
1771432710783,882.0,2026-02-18 11:38:30.783
1771432710832,882.0,2026-02-18 11:38:30.832
1771432710885,883.0,2026-02-18 11:38:30.885
1771432710936,883.0,2026-02-18 11:38:30.936
1771432710985,883.0,2026-02-18 11:38:30.985
1771432711034,883.0,2026-02-18 11:38:31.034
1771432711087,883.0,2026-02-18 11:38:31.087
1771432711135,883.0,2026-02-18 11:38:31.135
1771432711184,883.0,2026-02-18 11:38:31.184
1771432711237,883.0,2026-02-18 11:38:31.237
1771432711287,883.0,2026-02-18 11:38:31.287
1771432711336,883.0,2026-02-18 11:38:31.336
1771432711385,884.0,2026-02-18 11:38:31.385
1771432711438,884.0,2026-02-18 11:38:31.438
1771432711487,884.0,2026-02-18 11:38:31.487
1771432711536,884.0,2026-02-18 11:38:31.536
1771432711590,884.0,2026-02-18 11:38:31.590
1771432711639,885.0,2026-02-18 11:38:31.639
1771432711688,885.0,2026-02-18 11:38:31.688
1771432711737,885.0,2026-02-18 11:38:31.737
1771432711790,886.0,2026-02-18 11:38:31.790
1771432711840,886.0,2026-02-18 11:38:31.840
1771432711889,886.0,2026-02-18 11:38:31.889
1771432711938,887.0,2026-02-18 11:38:31.938
1771432711991,887.0,2026-02-18 11:38:31.991
1771432712040,887.0,2026-02-18 11:38:32.040
1771432712089,887.0,2026-02-18 11:38:32.089
1771432712143,887.0,2026-02-18 11:38:32.143
1771432712192,887.0,2026-02-18 11:38:32.192
1771432712241,887.0,2026-02-18 11:38:32.241
1771432712290,887.0,2026-02-18 11:38:32.290
1771432712343,886.0,2026-02-18 11:38:32.343
1771432712393,886.0,2026-02-18 11:38:32.393
1771432712442,886.0,2026-02-18 11:38:32.442
1771432712495,886.0,2026-02-18 11:38:32.495
1771432712544,885.0,2026-02-18 11:38:32.544
1771432712593,885.0,2026-02-18 11:38:32.593
1771432712642,885.0,2026-02-18 11:38:32.642
1771432712697,885.0,2026-02-18 11:38:32.697
1771432712745,884.0,2026-02-18 11:38:32.745
1771432712794,884.0,2026-02-18 11:38:32.794
1771432712847,883.0,2026-02-18 11:38:32.847
1771432712896,883.0,2026-02-18 11:38:32.896
1771432712945,883.0,2026-02-18 11:38:32.945
1771432712995,883.0,2026-02-18 11:38:32.995
1771432713048,883.0,2026-02-18 11:38:33.048
1771432713097,883.0,2026-02-18 11:38:33.097
1771432713146,883.0,2026-02-18 11:38:33.146
1771432713195,883.0,2026-02-18 11:38:33.195
1771432713248,883.0,2026-02-18 11:38:33.248
1771432713301,883.0,2026-02-18 11:38:33.301
1771432713347,882.0,2026-02-18 11:38:33.347
1771432713402,883.0,2026-02-18 11:38:33.402
1771432713449,883.0,2026-02-18 11:38:33.449
1771432713500,883.0,2026-02-18 11:38:33.500
1771432713547,883.0,2026-02-18 11:38:33.547
1771432713601,883.0,2026-02-18 11:38:33.601
1771432713650,883.0,2026-02-18 11:38:33.650
1771432713699,883.0,2026-02-18 11:38:33.699
1771432713752,883.0,2026-02-18 11:38:33.752
1771432713801,883.0,2026-02-18 11:38:33.801
1771432713851,883.0,2026-02-18 11:38:33.851
1771432713900,883.0,2026-02-18 11:38:33.900
1771432713953,883.0,2026-02-18 11:38:33.953
1771432714003,883.0,2026-02-18 11:38:34.003
1771432714051,883.0,2026-02-18 11:38:34.051
1771432714104,883.0,2026-02-18 11:38:34.104
1771432714154,883.0,2026-02-18 11:38:34.154
1771432714203,883.0,2026-02-18 11:38:34.203
1771432714252,884.0,2026-02-18 11:38:34.252
1771432714305,884.0,2026-02-18 11:38:34.305
1771432714354,884.0,2026-02-18 11:38:34.354
1771432714404,884.0,2026-02-18 11:38:34.404
1771432714453,885.0,2026-02-18 11:38:34.453
1771432714506,885.0,2026-02-18 11:38:34.506
1771432714555,885.0,2026-02-18 11:38:34.555
1771432714604,885.0,2026-02-18 11:38:34.604
1771432714657,885.0,2026-02-18 11:38:34.657
1771432714707,885.0,2026-02-18 11:38:34.707
1771432714756,885.0,2026-02-18 11:38:34.756
1771432714805,885.0,2026-02-18 11:38:34.805
1771432714858,885.0,2026-02-18 11:38:34.858
1771432714907,885.0,2026-02-18 11:38:34.907
1771432714956,884.0,2026-02-18 11:38:34.956
1771432715010,884.0,2026-02-18 11:38:35.010
1771432715059,884.0,2026-02-18 11:38:35.059
1771432715109,883.0,2026-02-18 11:38:35.109
1771432715157,883.0,2026-02-18 11:38:35.157
1771432715210,883.0,2026-02-18 11:38:35.210
1771432715260,882.0,2026-02-18 11:38:35.260
1771432715309,882.0,2026-02-18 11:38:35.309
1771432715362,881.0,2026-02-18 11:38:35.362
1771432715411,881.0,2026-02-18 11:38:35.411
1771432715460,880.0,2026-02-18 11:38:35.460
1771432715509,880.0,2026-02-18 11:38:35.509
1771432715563,880.0,2026-02-18 11:38:35.563
1771432715612,880.0,2026-02-18 11:38:35.612
1771432715661,880.0,2026-02-18 11:38:35.661
1771432715710,880.0,2026-02-18 11:38:35.710
1771432715764,880.0,2026-02-18 11:38:35.764
1771432715813,880.0,2026-02-18 11:38:35.813
1771432715862,880.0,2026-02-18 11:38:35.862
1771432715915,880.0,2026-02-18 11:38:35.915
1771432715964,880.0,2026-02-18 11:38:35.964
1771432716013,880.0,2026-02-18 11:38:36.013
1771432716063,880.0,2026-02-18 11:38:36.063
1771432716116,880.0,2026-02-18 11:38:36.116
1771432716165,880.0,2026-02-18 11:38:36.165
1771432716214,880.0,2026-02-18 11:38:36.214
1771432716267,880.0,2026-02-18 11:38:36.267
1771432716316,880.0,2026-02-18 11:38:36.316
1771432716366,880.0,2026-02-18 11:38:36.366
1771432716415,880.0,2026-02-18 11:38:36.415
1771432716468,880.0,2026-02-18 11:38:36.468
1771432716517,880.0,2026-02-18 11:38:36.517
1771432716566,880.0,2026-02-18 11:38:36.566
1771432716619,880.0,2026-02-18 11:38:36.619
1771432716668,880.0,2026-02-18 11:38:36.668
1771432716718,880.0,2026-02-18 11:38:36.718
1771432716767,880.0,2026-02-18 11:38:36.767
1771432716820,880.0,2026-02-18 11:38:36.820
1771432716869,881.0,2026-02-18 11:38:36.869
1771432716918,881.0,2026-02-18 11:38:36.918
1771432716968,881.0,2026-02-18 11:38:36.968
1771432717021,882.0,2026-02-18 11:38:37.021
1771432717071,882.0,2026-02-18 11:38:37.071
1771432717119,882.0,2026-02-18 11:38:37.119
1771432717172,882.0,2026-02-18 11:38:37.172
1771432717221,882.0,2026-02-18 11:38:37.221
1771432717271,882.0,2026-02-18 11:38:37.271
1771432717320,882.0,2026-02-18 11:38:37.320
1771432717373,882.0,2026-02-18 11:38:37.373
1771432717422,882.0,2026-02-18 11:38:37.422
1771432717471,882.0,2026-02-18 11:38:37.471
1771432717524,882.0,2026-02-18 11:38:37.524
1771432717574,881.0,2026-02-18 11:38:37.574
1771432717623,881.0,2026-02-18 11:38:37.623
1771432717672,881.0,2026-02-18 11:38:37.672
1771432717735,880.0,2026-02-18 11:38:37.735
1771432717774,880.0,2026-02-18 11:38:37.774
1771432717824,880.0,2026-02-18 11:38:37.824
1771432717877,879.0,2026-02-18 11:38:37.877
1771432717926,879.0,2026-02-18 11:38:37.926
1771432717975,879.0,2026-02-18 11:38:37.975
1771432718024,878.0,2026-02-18 11:38:38.024
1771432718078,878.0,2026-02-18 11:38:38.078
1771432718127,878.0,2026-02-18 11:38:38.127
1771432718176,878.0,2026-02-18 11:38:38.176
1771432718229,877.0,2026-02-18 11:38:38.229
1771432718278,877.0,2026-02-18 11:38:38.278
1771432718327,877.0,2026-02-18 11:38:38.327
1771432718376,877.0,2026-02-18 11:38:38.376
1771432718430,877.0,2026-02-18 11:38:38.430
1771432718479,877.0,2026-02-18 11:38:38.479
1771432718528,877.0,2026-02-18 11:38:38.528
1771432718578,877.0,2026-02-18 11:38:38.578
1771432718630,877.0,2026-02-18 11:38:38.630
1771432718680,877.0,2026-02-18 11:38:38.680
1771432718729,877.0,2026-02-18 11:38:38.729
1771432718782,877.0,2026-02-18 11:38:38.782
1771432718831,877.0,2026-02-18 11:38:38.831
1771432718880,878.0,2026-02-18 11:38:38.880
1771432718929,878.0,2026-02-18 11:38:38.929
1771432718983,877.0,2026-02-18 11:38:38.983
1771432719032,878.0,2026-02-18 11:38:39.032
1771432719082,878.0,2026-02-18 11:38:39.082
1771432719135,878.0,2026-02-18 11:38:39.135
1771432719183,878.0,2026-02-18 11:38:39.183
1771432719233,878.0,2026-02-18 11:38:39.233
1771432719282,878.0,2026-02-18 11:38:39.282
1771432719335,878.0,2026-02-18 11:38:39.335
1771432719384,878.0,2026-02-18 11:38:39.384
1771432719434,879.0,2026-02-18 11:38:39.434
1771432719486,879.0,2026-02-18 11:38:39.486
1771432719536,879.0,2026-02-18 11:38:39.536
1771432719585,879.0,2026-02-18 11:38:39.585
1771432719634,880.0,2026-02-18 11:38:39.634
1771432719687,880.0,2026-02-18 11:38:39.687
1771432719736,880.0,2026-02-18 11:38:39.736
1771432719785,880.0,2026-02-18 11:38:39.785
1771432719835,880.0,2026-02-18 11:38:39.835
1771432719888,880.0,2026-02-18 11:38:39.888
1771432719937,880.0,2026-02-18 11:38:39.937
1771432719986,880.0,2026-02-18 11:38:39.986
1771432720039,880.0,2026-02-18 11:38:40.039
1771432720088,880.0,2026-02-18 11:38:40.088
1771432720140,880.0,2026-02-18 11:38:40.140
1771432720187,879.0,2026-02-18 11:38:40.187
1771432720240,879.0,2026-02-18 11:38:40.240
1771432720289,879.0,2026-02-18 11:38:40.289
1771432720338,879.0,2026-02-18 11:38:40.338
1771432720392,878.0,2026-02-18 11:38:40.392
1771432720441,878.0,2026-02-18 11:38:40.441
1771432720490,878.0,2026-02-18 11:38:40.490
1771432720539,877.0,2026-02-18 11:38:40.539
1771432720592,877.0,2026-02-18 11:38:40.592
1771432720641,876.0,2026-02-18 11:38:40.641
1771432720691,876.0,2026-02-18 11:38:40.691
1771432720744,876.0,2026-02-18 11:38:40.744
1771432720794,876.0,2026-02-18 11:38:40.794
1771432720842,876.0,2026-02-18 11:38:40.842
1771432720892,876.0,2026-02-18 11:38:40.892
1771432720944,876.0,2026-02-18 11:38:40.944
1771432720994,876.0,2026-02-18 11:38:40.994
1771432721043,876.0,2026-02-18 11:38:41.043
1771432721092,876.0,2026-02-18 11:38:41.092
1771432721145,876.0,2026-02-18 11:38:41.145
1771432721194,876.0,2026-02-18 11:38:41.194
1771432721244,876.0,2026-02-18 11:38:41.244
1771432721297,876.0,2026-02-18 11:38:41.297
1771432721346,876.0,2026-02-18 11:38:41.346
1771432721395,877.0,2026-02-18 11:38:41.395
1771432721444,877.0,2026-02-18 11:38:41.444
1771432721497,877.0,2026-02-18 11:38:41.497
1771432721547,877.0,2026-02-18 11:38:41.547
1771432721596,877.0,2026-02-18 11:38:41.596
1771432721649,877.0,2026-02-18 11:38:41.649
1771432721698,877.0,2026-02-18 11:38:41.698
1771432721748,877.0,2026-02-18 11:38:41.748
1771432721796,877.0,2026-02-18 11:38:41.796
1771432721850,877.0,2026-02-18 11:38:41.850
1771432721899,877.0,2026-02-18 11:38:41.899
1771432721948,877.0,2026-02-18 11:38:41.948
1771432722001,878.0,2026-02-18 11:38:42.001
1771432722050,878.0,2026-02-18 11:38:42.050
1771432722101,878.0,2026-02-18 11:38:42.101
1771432722150,879.0,2026-02-18 11:38:42.150
1771432722202,879.0,2026-02-18 11:38:42.202
1771432722251,879.0,2026-02-18 11:38:42.251
1771432722300,879.0,2026-02-18 11:38:42.300
1771432722349,880.0,2026-02-18 11:38:42.349
1771432722403,880.0,2026-02-18 11:38:42.403
1771432722452,879.0,2026-02-18 11:38:42.452
1771432722501,879.0,2026-02-18 11:38:42.501
1771432722554,880.0,2026-02-18 11:38:42.554
1771432722603,880.0,2026-02-18 11:38:42.603
1771432722653,879.0,2026-02-18 11:38:42.653
1771432722702,879.0,2026-02-18 11:38:42.702
1771432722755,879.0,2026-02-18 11:38:42.755
1771432722804,879.0,2026-02-18 11:38:42.804
1771432722853,878.0,2026-02-18 11:38:42.853
1771432722906,878.0,2026-02-18 11:38:42.906
1771432722956,878.0,2026-02-18 11:38:42.956
1771432723005,878.0,2026-02-18 11:38:43.005
1771432723054,877.0,2026-02-18 11:38:43.054
1771432723107,877.0,2026-02-18 11:38:43.107
1771432723157,876.0,2026-02-18 11:38:43.157
1771432723206,876.0,2026-02-18 11:38:43.206
1771432723259,876.0,2026-02-18 11:38:43.259
1771432723308,876.0,2026-02-18 11:38:43.308
1771432723357,875.0,2026-02-18 11:38:43.357
1771432723406,875.0,2026-02-18 11:38:43.406
1771432723459,875.0,2026-02-18 11:38:43.459
1771432723509,876.0,2026-02-18 11:38:43.509
1771432723558,876.0,2026-02-18 11:38:43.558
1771432723607,876.0,2026-02-18 11:38:43.607
1771432723660,875.0,2026-02-18 11:38:43.660
1771432723709,876.0,2026-02-18 11:38:43.709
1771432723759,876.0,2026-02-18 11:38:43.759
1771432723812,875.0,2026-02-18 11:38:43.812
1771432723861,876.0,2026-02-18 11:38:43.861
1771432723910,876.0,2026-02-18 11:38:43.910
1771432723959,876.0,2026-02-18 11:38:43.959
1771432724012,876.0,2026-02-18 11:38:44.012
1771432724061,876.0,2026-02-18 11:38:44.061
1771432724111,876.0,2026-02-18 11:38:44.111
1771432724164,876.0,2026-02-18 11:38:44.164
1771432724213,876.0,2026-02-18 11:38:44.213
1771432724262,876.0,2026-02-18 11:38:44.262
1771432724311,876.0,2026-02-18 11:38:44.311
1771432724364,876.0,2026-02-18 11:38:44.364
1771432724414,876.0,2026-02-18 11:38:44.414
1771432724463,876.0,2026-02-18 11:38:44.463
1771432724516,876.0,2026-02-18 11:38:44.516
1771432724565,877.0,2026-02-18 11:38:44.565
1771432724615,877.0,2026-02-18 11:38:44.615
1771432724664,877.0,2026-02-18 11:38:44.664
1771432724717,878.0,2026-02-18 11:38:44.717
1771432724767,878.0,2026-02-18 11:38:44.767
1771432724817,878.0,2026-02-18 11:38:44.817
1771432724864,878.0,2026-02-18 11:38:44.864
1771432724918,879.0,2026-02-18 11:38:44.918
1771432724967,879.0,2026-02-18 11:38:44.967
1771432725017,879.0,2026-02-18 11:38:45.017
1771432725069,879.0,2026-02-18 11:38:45.069
1771432725118,879.0,2026-02-18 11:38:45.118
1771432725167,879.0,2026-02-18 11:38:45.167
1771432725217,879.0,2026-02-18 11:38:45.217
1771432725270,879.0,2026-02-18 11:38:45.270
1771432725319,878.0,2026-02-18 11:38:45.319
1771432725368,878.0,2026-02-18 11:38:45.368
1771432725421,878.0,2026-02-18 11:38:45.421
1771432725470,877.0,2026-02-18 11:38:45.470
1771432725520,877.0,2026-02-18 11:38:45.520
1771432725569,877.0,2026-02-18 11:38:45.569
1771432725622,876.0,2026-02-18 11:38:45.622
1771432725671,876.0,2026-02-18 11:38:45.671
1771432725720,876.0,2026-02-18 11:38:45.720
1771432725773,875.0,2026-02-18 11:38:45.773
1771432725823,875.0,2026-02-18 11:38:45.823
1771432725872,875.0,2026-02-18 11:38:45.872
1771432725921,875.0,2026-02-18 11:38:45.921
1771432725974,875.0,2026-02-18 11:38:45.974
1771432726023,875.0,2026-02-18 11:38:46.023
1771432726073,875.0,2026-02-18 11:38:46.073
1771432726122,875.0,2026-02-18 11:38:46.122
1771432726175,875.0,2026-02-18 11:38:46.175
1771432726224,875.0,2026-02-18 11:38:46.224
1771432726273,875.0,2026-02-18 11:38:46.273
1771432726326,875.0,2026-02-18 11:38:46.326
1771432726376,875.0,2026-02-18 11:38:46.376
1771432726425,875.0,2026-02-18 11:38:46.425
1771432726474,875.0,2026-02-18 11:38:46.474
1771432726527,876.0,2026-02-18 11:38:46.527
1771432726576,876.0,2026-02-18 11:38:46.576
1771432726626,876.0,2026-02-18 11:38:46.626
1771432726679,876.0,2026-02-18 11:38:46.679
1771432726728,876.0,2026-02-18 11:38:46.728
1771432726777,876.0,2026-02-18 11:38:46.777
1771432726826,877.0,2026-02-18 11:38:46.826
1771432726879,877.0,2026-02-18 11:38:46.879
1771432726929,877.0,2026-02-18 11:38:46.929
1771432726978,877.0,2026-02-18 11:38:46.978
1771432727031,877.0,2026-02-18 11:38:47.031
1771432727080,878.0,2026-02-18 11:38:47.080
1771432727129,878.0,2026-02-18 11:38:47.129
1771432727179,879.0,2026-02-18 11:38:47.179
1771432727232,879.0,2026-02-18 11:38:47.232
1771432727281,879.0,2026-02-18 11:38:47.281
1771432727330,880.0,2026-02-18 11:38:47.330
1771432727379,880.0,2026-02-18 11:38:47.379
1771432727432,881.0,2026-02-18 11:38:47.432
1771432727481,881.0,2026-02-18 11:38:47.481
1771432727531,881.0,2026-02-18 11:38:47.531
1771432727584,881.0,2026-02-18 11:38:47.584
1771432727633,882.0,2026-02-18 11:38:47.633
1771432727683,882.0,2026-02-18 11:38:47.683
1771432727731,882.0,2026-02-18 11:38:47.731
1771432727785,882.0,2026-02-18 11:38:47.785
1771432727834,882.0,2026-02-18 11:38:47.834
1771432727883,882.0,2026-02-18 11:38:47.883
1771432727937,882.0,2026-02-18 11:38:47.937
1771432727985,881.0,2026-02-18 11:38:47.985
1771432728034,881.0,2026-02-18 11:38:48.034
1771432728085,881.0,2026-02-18 11:38:48.085
1771432728137,881.0,2026-02-18 11:38:48.137
1771432728186,880.0,2026-02-18 11:38:48.186
1771432728236,880.0,2026-02-18 11:38:48.236
1771432728288,880.0,2026-02-18 11:38:48.288
1771432728338,880.0,2026-02-18 11:38:48.338
1771432728387,879.0,2026-02-18 11:38:48.387
1771432728437,879.0,2026-02-18 11:38:48.437
1771432728489,879.0,2026-02-18 11:38:48.489
1771432728538,879.0,2026-02-18 11:38:48.538
1771432728587,879.0,2026-02-18 11:38:48.587
1771432728641,879.0,2026-02-18 11:38:48.641
1771432728690,879.0,2026-02-18 11:38:48.690
1771432728739,879.0,2026-02-18 11:38:48.739
1771432728788,879.0,2026-02-18 11:38:48.788
1771432728841,879.0,2026-02-18 11:38:48.841
1771432728890,879.0,2026-02-18 11:38:48.890
1771432728940,880.0,2026-02-18 11:38:48.940
1771432728989,879.0,2026-02-18 11:38:48.989
1771432729043,879.0,2026-02-18 11:38:49.043
1771432729092,880.0,2026-02-18 11:38:49.092
1771432729140,880.0,2026-02-18 11:38:49.140
1771432729194,880.0,2026-02-18 11:38:49.194
1771432729243,880.0,2026-02-18 11:38:49.243
1771432729292,880.0,2026-02-18 11:38:49.292
1771432729341,880.0,2026-02-18 11:38:49.341
1771432729394,880.0,2026-02-18 11:38:49.394
1771432729444,880.0,2026-02-18 11:38:49.444
1771432729493,880.0,2026-02-18 11:38:49.493
1771432729546,880.0,2026-02-18 11:38:49.546
1771432729595,880.0,2026-02-18 11:38:49.595
1771432729644,881.0,2026-02-18 11:38:49.644
1771432729693,881.0,2026-02-18 11:38:49.693
1771432729746,881.0,2026-02-18 11:38:49.746
1771432729796,881.0,2026-02-18 11:38:49.796
1771432729845,882.0,2026-02-18 11:38:49.845
1771432729898,882.0,2026-02-18 11:38:49.898
1771432729947,883.0,2026-02-18 11:38:49.947
1771432729996,883.0,2026-02-18 11:38:49.996
1771432730045,883.0,2026-02-18 11:38:50.045
1771432730102,883.0,2026-02-18 11:38:50.102
1771432730148,883.0,2026-02-18 11:38:50.148
1771432730197,883.0,2026-02-18 11:38:50.197
1771432730246,883.0,2026-02-18 11:38:50.246
1771432730300,883.0,2026-02-18 11:38:50.300
1771432730349,883.0,2026-02-18 11:38:50.349
1771432730398,883.0,2026-02-18 11:38:50.398
1771432730451,883.0,2026-02-18 11:38:50.451
1771432730500,883.0,2026-02-18 11:38:50.500
1771432730549,882.0,2026-02-18 11:38:50.549
1771432730599,882.0,2026-02-18 11:38:50.599
1771432730652,882.0,2026-02-18 11:38:50.652
1771432730701,881.0,2026-02-18 11:38:50.701
1771432730751,881.0,2026-02-18 11:38:50.751
1771432730803,881.0,2026-02-18 11:38:50.803
1771432730852,880.0,2026-02-18 11:38:50.852
1771432730902,880.0,2026-02-18 11:38:50.902
1771432730951,879.0,2026-02-18 11:38:50.951
1771432731004,879.0,2026-02-18 11:38:51.004
1771432731053,879.0,2026-02-18 11:38:51.053
1771432731103,879.0,2026-02-18 11:38:51.103
1771432731155,879.0,2026-02-18 11:38:51.155
1771432731205,879.0,2026-02-18 11:38:51.205
1771432731254,879.0,2026-02-18 11:38:51.254
1771432731303,879.0,2026-02-18 11:38:51.303
1771432731356,879.0,2026-02-18 11:38:51.356
1771432731405,879.0,2026-02-18 11:38:51.405
1771432731454,879.0,2026-02-18 11:38:51.454
1771432731504,879.0,2026-02-18 11:38:51.504
1771432731557,879.0,2026-02-18 11:38:51.557
1771432731606,879.0,2026-02-18 11:38:51.606
1771432731655,879.0,2026-02-18 11:38:51.655
1771432731708,879.0,2026-02-18 11:38:51.708
1771432731758,879.0,2026-02-18 11:38:51.758
1771432731807,879.0,2026-02-18 11:38:51.807
1771432731856,879.0,2026-02-18 11:38:51.856
1771432731909,880.0,2026-02-18 11:38:51.909
1771432731958,879.0,2026-02-18 11:38:51.958
1771432732007,879.0,2026-02-18 11:38:52.007
1771432732061,880.0,2026-02-18 11:38:52.061
1771432732110,880.0,2026-02-18 11:38:52.110
1771432732159,880.0,2026-02-18 11:38:52.159
1771432732208,879.0,2026-02-18 11:38:52.208
1771432732262,880.0,2026-02-18 11:38:52.262
1771432732311,880.0,2026-02-18 11:38:52.311
1771432732360,880.0,2026-02-18 11:38:52.360
1771432732413,881.0,2026-02-18 11:38:52.413
1771432732462,881.0,2026-02-18 11:38:52.462
1771432732511,881.0,2026-02-18 11:38:52.511
1771432732560,882.0,2026-02-18 11:38:52.560
1771432732614,882.0,2026-02-18 11:38:52.614
1771432732663,882.0,2026-02-18 11:38:52.663
1771432732712,882.0,2026-02-18 11:38:52.712
1771432732761,882.0,2026-02-18 11:38:52.761
1771432732815,882.0,2026-02-18 11:38:52.815
1771432732863,882.0,2026-02-18 11:38:52.863
1771432732913,882.0,2026-02-18 11:38:52.913
1771432732967,882.0,2026-02-18 11:38:52.967
1771432733019,882.0,2026-02-18 11:38:53.019
1771432733064,882.0,2026-02-18 11:38:53.064
1771432733113,881.0,2026-02-18 11:38:53.113
1771432733167,881.0,2026-02-18 11:38:53.167
1771432733216,881.0,2026-02-18 11:38:53.216
1771432733265,881.0,2026-02-18 11:38:53.265
1771432733318,880.0,2026-02-18 11:38:53.318
1771432733367,880.0,2026-02-18 11:38:53.367
1771432733416,880.0,2026-02-18 11:38:53.416
1771432733466,879.0,2026-02-18 11:38:53.466
1771432733519,879.0,2026-02-18 11:38:53.519
1771432733568,879.0,2026-02-18 11:38:53.568
1771432733617,878.0,2026-02-18 11:38:53.617
1771432733670,878.0,2026-02-18 11:38:53.670
1771432733719,878.0,2026-02-18 11:38:53.719
1771432733771,878.0,2026-02-18 11:38:53.771
1771432733818,878.0,2026-02-18 11:38:53.818
1771432733871,878.0,2026-02-18 11:38:53.871
1771432733920,878.0,2026-02-18 11:38:53.920
1771432733969,878.0,2026-02-18 11:38:53.969
1771432734018,878.0,2026-02-18 11:38:54.018
1771432734072,878.0,2026-02-18 11:38:54.072
1771432734121,878.0,2026-02-18 11:38:54.121
1771432734170,878.0,2026-02-18 11:38:54.170
1771432734223,878.0,2026-02-18 11:38:54.223
1771432734272,878.0,2026-02-18 11:38:54.272
1771432734321,878.0,2026-02-18 11:38:54.321
1771432734371,878.0,2026-02-18 11:38:54.371
1771432734424,879.0,2026-02-18 11:38:54.424
1771432734473,879.0,2026-02-18 11:38:54.473
1771432734524,879.0,2026-02-18 11:38:54.524
1771432734575,879.0,2026-02-18 11:38:54.575
1771432734625,879.0,2026-02-18 11:38:54.625
1771432734674,880.0,2026-02-18 11:38:54.674
1771432734723,880.0,2026-02-18 11:38:54.723
1771432734776,880.0,2026-02-18 11:38:54.776
1771432734825,880.0,2026-02-18 11:38:54.825
1771432734876,881.0,2026-02-18 11:38:54.876
1771432734928,881.0,2026-02-18 11:38:54.928
1771432734977,882.0,2026-02-18 11:38:54.977
1771432735026,882.0,2026-02-18 11:38:55.026
1771432735075,883.0,2026-02-18 11:38:55.075
1771432735128,883.0,2026-02-18 11:38:55.128
1771432735178,884.0,2026-02-18 11:38:55.178
1771432735227,884.0,2026-02-18 11:38:55.227
1771432735280,884.0,2026-02-18 11:38:55.280
1771432735329,884.0,2026-02-18 11:38:55.329
1771432735378,885.0,2026-02-18 11:38:55.378
1771432735427,885.0,2026-02-18 11:38:55.427
1771432735481,885.0,2026-02-18 11:38:55.481
1771432735530,885.0,2026-02-18 11:38:55.530
1771432735579,885.0,2026-02-18 11:38:55.579
1771432735628,885.0,2026-02-18 11:38:55.628
1771432735681,885.0,2026-02-18 11:38:55.681
1771432735731,885.0,2026-02-18 11:38:55.731
1771432735780,885.0,2026-02-18 11:38:55.780
1771432735833,885.0,2026-02-18 11:38:55.833
1771432735882,884.0,2026-02-18 11:38:55.882
1771432735931,884.0,2026-02-18 11:38:55.931
1771432735980,884.0,2026-02-18 11:38:55.980
1771432736034,884.0,2026-02-18 11:38:56.034
1771432736083,883.0,2026-02-18 11:38:56.083
1771432736132,883.0,2026-02-18 11:38:56.132
1771432736185,883.0,2026-02-18 11:38:56.185
1771432736235,883.0,2026-02-18 11:38:56.235
1771432736283,883.0,2026-02-18 11:38:56.283
1771432736333,883.0,2026-02-18 11:38:56.333
1771432736386,883.0,2026-02-18 11:38:56.386
1771432736435,883.0,2026-02-18 11:38:56.435
1771432736487,883.0,2026-02-18 11:38:56.487
1771432736537,883.0,2026-02-18 11:38:56.537
1771432736586,884.0,2026-02-18 11:38:56.586
1771432736636,883.0,2026-02-18 11:38:56.636
1771432736685,884.0,2026-02-18 11:38:56.685
1771432736738,884.0,2026-02-18 11:38:56.738
1771432736787,884.0,2026-02-18 11:38:56.787
1771432736836,884.0,2026-02-18 11:38:56.836
1771432736886,884.0,2026-02-18 11:38:56.886
1771432736939,884.0,2026-02-18 11:38:56.939
1771432736988,884.0,2026-02-18 11:38:56.988
1771432737037,884.0,2026-02-18 11:38:57.037
1771432737090,884.0,2026-02-18 11:38:57.090
1771432737139,884.0,2026-02-18 11:38:57.139
1771432737189,885.0,2026-02-18 11:38:57.189
1771432737238,885.0,2026-02-18 11:38:57.238
1771432737293,885.0,2026-02-18 11:38:57.293
1771432737340,885.0,2026-02-18 11:38:57.340
1771432737389,885.0,2026-02-18 11:38:57.389
1771432737446,885.0,2026-02-18 11:38:57.446
1771432737494,886.0,2026-02-18 11:38:57.494
1771432737541,886.0,2026-02-18 11:38:57.541
1771432737590,886.0,2026-02-18 11:38:57.590
1771432737643,887.0,2026-02-18 11:38:57.643
1771432737692,887.0,2026-02-18 11:38:57.692
1771432737742,887.0,2026-02-18 11:38:57.742
1771432737795,887.0,2026-02-18 11:38:57.795
1771432737844,887.0,2026-02-18 11:38:57.844
1771432737893,887.0,2026-02-18 11:38:57.893
1771432737942,888.0,2026-02-18 11:38:57.942
1771432737995,887.0,2026-02-18 11:38:57.995
1771432738045,887.0,2026-02-18 11:38:58.045
1771432738094,887.0,2026-02-18 11:38:58.094
1771432738143,887.0,2026-02-18 11:38:58.143
1771432738197,887.0,2026-02-18 11:38:58.197
1771432738245,887.0,2026-02-18 11:38:58.245
1771432738295,887.0,2026-02-18 11:38:58.295
1771432738348,886.0,2026-02-18 11:38:58.348
1771432738397,886.0,2026-02-18 11:38:58.397
1771432738446,886.0,2026-02-18 11:38:58.446
1771432738495,885.0,2026-02-18 11:38:58.495
1771432738548,885.0,2026-02-18 11:38:58.548
1771432738598,885.0,2026-02-18 11:38:58.598
1771432738647,884.0,2026-02-18 11:38:58.647
1771432738700,884.0,2026-02-18 11:38:58.700
1771432738749,884.0,2026-02-18 11:38:58.749
1771432738798,884.0,2026-02-18 11:38:58.798
1771432738848,883.0,2026-02-18 11:38:58.848
1771432738901,883.0,2026-02-18 11:38:58.901
1771432738951,883.0,2026-02-18 11:38:58.951
1771432738999,883.0,2026-02-18 11:38:58.999
1771432739052,883.0,2026-02-18 11:38:59.052
1771432739101,883.0,2026-02-18 11:38:59.101
1771432739151,883.0,2026-02-18 11:38:59.151
1771432739200,883.0,2026-02-18 11:38:59.200
1771432739253,883.0,2026-02-18 11:38:59.253
1771432739302,883.0,2026-02-18 11:38:59.302
1771432739351,883.0,2026-02-18 11:38:59.351
1771432739400,883.0,2026-02-18 11:38:59.400
1771432739454,883.0,2026-02-18 11:38:59.454
1771432739503,883.0,2026-02-18 11:38:59.503
1771432739552,884.0,2026-02-18 11:38:59.552
1771432739605,883.0,2026-02-18 11:38:59.605
1771432739654,884.0,2026-02-18 11:38:59.654
1771432739703,884.0,2026-02-18 11:38:59.703
1771432739753,884.0,2026-02-18 11:38:59.753
1771432739806,884.0,2026-02-18 11:38:59.806
1771432739855,884.0,2026-02-18 11:38:59.855
1771432739906,884.0,2026-02-18 11:38:59.906
1771432739958,884.0,2026-02-18 11:38:59.958
1771432740011,884.0,2026-02-18 11:39:00.011
1771432740056,884.0,2026-02-18 11:39:00.056
1771432740105,884.0,2026-02-18 11:39:00.105
1771432740158,885.0,2026-02-18 11:39:00.158
1771432740207,885.0,2026-02-18 11:39:00.207
1771432740256,885.0,2026-02-18 11:39:00.256
1771432740310,885.0,2026-02-18 11:39:00.310
1771432740359,886.0,2026-02-18 11:39:00.359
1771432740408,886.0,2026-02-18 11:39:00.408
1771432740457,886.0,2026-02-18 11:39:00.457
1771432740510,886.0,2026-02-18 11:39:00.510
1771432740562,886.0,2026-02-18 11:39:00.562
1771432740609,886.0,2026-02-18 11:39:00.609
1771432740658,886.0,2026-02-18 11:39:00.658
1771432740711,886.0,2026-02-18 11:39:00.711
1771432740760,885.0,2026-02-18 11:39:00.760
1771432740811,885.0,2026-02-18 11:39:00.811
1771432740863,885.0,2026-02-18 11:39:00.863
1771432740912,885.0,2026-02-18 11:39:00.912
1771432740961,884.0,2026-02-18 11:39:00.961
1771432741010,884.0,2026-02-18 11:39:01.010
1771432741063,884.0,2026-02-18 11:39:01.063
1771432741112,883.0,2026-02-18 11:39:01.112
1771432741162,883.0,2026-02-18 11:39:01.162
1771432741216,882.0,2026-02-18 11:39:01.216
1771432741264,882.0,2026-02-18 11:39:01.264
1771432741313,882.0,2026-02-18 11:39:01.313
1771432741362,881.0,2026-02-18 11:39:01.362
1771432741417,881.0,2026-02-18 11:39:01.417
1771432741465,881.0,2026-02-18 11:39:01.465
1771432741514,881.0,2026-02-18 11:39:01.514
1771432741567,881.0,2026-02-18 11:39:01.567
1771432741616,881.0,2026-02-18 11:39:01.616
1771432741665,881.0,2026-02-18 11:39:01.665
1771432741717,881.0,2026-02-18 11:39:01.717
1771432741768,881.0,2026-02-18 11:39:01.768
1771432741817,881.0,2026-02-18 11:39:01.817
1771432741868,881.0,2026-02-18 11:39:01.868
1771432741919,881.0,2026-02-18 11:39:01.919
1771432741968,881.0,2026-02-18 11:39:01.968
1771432742017,881.0,2026-02-18 11:39:02.017
1771432742067,881.0,2026-02-18 11:39:02.067
1771432742121,881.0,2026-02-18 11:39:02.121
1771432742169,881.0,2026-02-18 11:39:02.169
1771432742218,881.0,2026-02-18 11:39:02.218
1771432742267,882.0,2026-02-18 11:39:02.267
1771432742321,881.0,2026-02-18 11:39:02.321
1771432742370,882.0,2026-02-18 11:39:02.370
1771432742419,881.0,2026-02-18 11:39:02.419
1771432742472,882.0,2026-02-18 11:39:02.472
1771432742521,882.0,2026-02-18 11:39:02.521
1771432742571,882.0,2026-02-18 11:39:02.571
1771432742620,882.0,2026-02-18 11:39:02.620
1771432742673,882.0,2026-02-18 11:39:02.673
1771432742722,883.0,2026-02-18 11:39:02.722
1771432742771,883.0,2026-02-18 11:39:02.771
1771432742824,883.0,2026-02-18 11:39:02.824
1771432742874,883.0,2026-02-18 11:39:02.874
1771432742923,884.0,2026-02-18 11:39:02.923
1771432742972,884.0,2026-02-18 11:39:02.972
1771432743025,884.0,2026-02-18 11:39:03.025
1771432743074,884.0,2026-02-18 11:39:03.074
1771432743124,884.0,2026-02-18 11:39:03.124
1771432743177,884.0,2026-02-18 11:39:03.177
1771432743226,884.0,2026-02-18 11:39:03.226
1771432743275,884.0,2026-02-18 11:39:03.275
1771432743325,884.0,2026-02-18 11:39:03.325
1771432743377,883.0,2026-02-18 11:39:03.377
1771432743427,883.0,2026-02-18 11:39:03.427
1771432743476,883.0,2026-02-18 11:39:03.476
1771432743525,883.0,2026-02-18 11:39:03.525
1771432743578,882.0,2026-02-18 11:39:03.578
1771432743627,882.0,2026-02-18 11:39:03.627
1771432743676,882.0,2026-02-18 11:39:03.676
1771432743730,881.0,2026-02-18 11:39:03.730
1771432743779,881.0,2026-02-18 11:39:03.779
1771432743828,881.0,2026-02-18 11:39:03.828
1771432743877,880.0,2026-02-18 11:39:03.877
1771432743930,880.0,2026-02-18 11:39:03.930
1771432743980,880.0,2026-02-18 11:39:03.980
1771432744029,880.0,2026-02-18 11:39:04.029
1771432744082,880.0,2026-02-18 11:39:04.082
1771432744134,880.0,2026-02-18 11:39:04.134
1771432744180,880.0,2026-02-18 11:39:04.180
1771432744229,880.0,2026-02-18 11:39:04.229
1771432744282,880.0,2026-02-18 11:39:04.282
1771432744332,880.0,2026-02-18 11:39:04.332
1771432744381,880.0,2026-02-18 11:39:04.381
1771432744434,880.0,2026-02-18 11:39:04.434
1771432744483,880.0,2026-02-18 11:39:04.483
1771432744532,880.0,2026-02-18 11:39:04.532
1771432744582,880.0,2026-02-18 11:39:04.582
1771432744635,880.0,2026-02-18 11:39:04.635
1771432744684,880.0,2026-02-18 11:39:04.684
1771432744733,880.0,2026-02-18 11:39:04.733
1771432744786,880.0,2026-02-18 11:39:04.786
1771432744835,880.0,2026-02-18 11:39:04.835
1771432744885,880.0,2026-02-18 11:39:04.885
1771432744935,880.0,2026-02-18 11:39:04.935
1771432744987,880.0,2026-02-18 11:39:04.987
1771432745036,880.0,2026-02-18 11:39:05.036
1771432745085,880.0,2026-02-18 11:39:05.085
1771432745135,881.0,2026-02-18 11:39:05.135
1771432745188,881.0,2026-02-18 11:39:05.188
1771432745237,881.0,2026-02-18 11:39:05.237
1771432745286,881.0,2026-02-18 11:39:05.286
1771432745339,882.0,2026-02-18 11:39:05.339
1771432745388,882.0,2026-02-18 11:39:05.388
1771432745438,882.0,2026-02-18 11:39:05.438
1771432745487,882.0,2026-02-18 11:39:05.487
1771432745540,883.0,2026-02-18 11:39:05.540
1771432745589,883.0,2026-02-18 11:39:05.589
1771432745638,883.0,2026-02-18 11:39:05.638
1771432745691,883.0,2026-02-18 11:39:05.691
1771432745741,883.0,2026-02-18 11:39:05.741
1771432745790,883.0,2026-02-18 11:39:05.790
1771432745839,883.0,2026-02-18 11:39:05.839
1771432745892,882.0,2026-02-18 11:39:05.892
1771432745941,883.0,2026-02-18 11:39:05.941
1771432745991,882.0,2026-02-18 11:39:05.991
1771432746040,882.0,2026-02-18 11:39:06.040
1771432746093,882.0,2026-02-18 11:39:06.093
1771432746142,881.0,2026-02-18 11:39:06.142
1771432746192,881.0,2026-02-18 11:39:06.192
1771432746245,881.0,2026-02-18 11:39:06.245
1771432746294,880.0,2026-02-18 11:39:06.294
1771432746343,880.0,2026-02-18 11:39:06.343
1771432746392,880.0,2026-02-18 11:39:06.392
1771432746445,879.0,2026-02-18 11:39:06.445
1771432746494,879.0,2026-02-18 11:39:06.494
1771432746544,879.0,2026-02-18 11:39:06.544
1771432746597,879.0,2026-02-18 11:39:06.597
1771432746646,878.0,2026-02-18 11:39:06.646
1771432746695,879.0,2026-02-18 11:39:06.695
1771432746744,879.0,2026-02-18 11:39:06.744
1771432746797,879.0,2026-02-18 11:39:06.797
1771432746847,878.0,2026-02-18 11:39:06.847
1771432746896,879.0,2026-02-18 11:39:06.896
1771432746949,879.0,2026-02-18 11:39:06.949
1771432746998,879.0,2026-02-18 11:39:06.998
1771432747047,878.0,2026-02-18 11:39:07.047
1771432747096,879.0,2026-02-18 11:39:07.096
1771432747150,879.0,2026-02-18 11:39:07.150
1771432747199,879.0,2026-02-18 11:39:07.199
1771432747248,879.0,2026-02-18 11:39:07.248
1771432747297,879.0,2026-02-18 11:39:07.297
1771432747351,879.0,2026-02-18 11:39:07.351
1771432747400,879.0,2026-02-18 11:39:07.400
1771432747449,879.0,2026-02-18 11:39:07.449
1771432747502,879.0,2026-02-18 11:39:07.502
1771432747551,879.0,2026-02-18 11:39:07.551
1771432747601,880.0,2026-02-18 11:39:07.601
1771432747649,880.0,2026-02-18 11:39:07.649
1771432747702,880.0,2026-02-18 11:39:07.702
1771432747753,880.0,2026-02-18 11:39:07.753
1771432747801,880.0,2026-02-18 11:39:07.801
1771432747854,880.0,2026-02-18 11:39:07.854
1771432747903,881.0,2026-02-18 11:39:07.903
1771432747953,881.0,2026-02-18 11:39:07.953
1771432748002,881.0,2026-02-18 11:39:08.002
1771432748055,882.0,2026-02-18 11:39:08.055
1771432748104,882.0,2026-02-18 11:39:08.104
1771432748153,882.0,2026-02-18 11:39:08.153
1771432748206,882.0,2026-02-18 11:39:08.206
1771432748255,883.0,2026-02-18 11:39:08.255
1771432748305,882.0,2026-02-18 11:39:08.305
1771432748354,882.0,2026-02-18 11:39:08.354
1771432748407,882.0,2026-02-18 11:39:08.407
1771432748456,882.0,2026-02-18 11:39:08.456
1771432748505,882.0,2026-02-18 11:39:08.505
1771432748554,882.0,2026-02-18 11:39:08.554
1771432748608,882.0,2026-02-18 11:39:08.608
1771432748660,882.0,2026-02-18 11:39:08.660
1771432748706,882.0,2026-02-18 11:39:08.706
1771432748759,881.0,2026-02-18 11:39:08.759
1771432748809,881.0,2026-02-18 11:39:08.809
1771432748858,881.0,2026-02-18 11:39:08.858
1771432748907,881.0,2026-02-18 11:39:08.907
1771432748960,880.0,2026-02-18 11:39:08.960
1771432749009,880.0,2026-02-18 11:39:09.009
1771432749058,880.0,2026-02-18 11:39:09.058
1771432749112,879.0,2026-02-18 11:39:09.112
1771432749161,879.0,2026-02-18 11:39:09.161
1771432749211,879.0,2026-02-18 11:39:09.211
1771432749259,879.0,2026-02-18 11:39:09.259
1771432749312,879.0,2026-02-18 11:39:09.312
1771432749361,879.0,2026-02-18 11:39:09.361
1771432749411,879.0,2026-02-18 11:39:09.411
1771432749464,879.0,2026-02-18 11:39:09.464
1771432749513,879.0,2026-02-18 11:39:09.513
1771432749562,879.0,2026-02-18 11:39:09.562
1771432749611,879.0,2026-02-18 11:39:09.611
1771432749664,879.0,2026-02-18 11:39:09.664
1771432749714,879.0,2026-02-18 11:39:09.714
1771432749763,879.0,2026-02-18 11:39:09.763
1771432749818,879.0,2026-02-18 11:39:09.818
1771432749869,879.0,2026-02-18 11:39:09.869
1771432749914,879.0,2026-02-18 11:39:09.914
1771432749963,879.0,2026-02-18 11:39:09.963
1771432750018,879.0,2026-02-18 11:39:10.018
1771432750066,879.0,2026-02-18 11:39:10.066
1771432750117,879.0,2026-02-18 11:39:10.117
1771432750164,880.0,2026-02-18 11:39:10.164
1771432750217,880.0,2026-02-18 11:39:10.217
1771432750267,880.0,2026-02-18 11:39:10.267
1771432750316,880.0,2026-02-18 11:39:10.316
1771432750369,880.0,2026-02-18 11:39:10.369
1771432750423,880.0,2026-02-18 11:39:10.423
1771432750467,880.0,2026-02-18 11:39:10.467
1771432750516,881.0,2026-02-18 11:39:10.516
1771432750570,881.0,2026-02-18 11:39:10.570
1771432750619,881.0,2026-02-18 11:39:10.619
1771432750668,882.0,2026-02-18 11:39:10.668
1771432750721,882.0,2026-02-18 11:39:10.721
1771432750770,882.0,2026-02-18 11:39:10.770
1771432750819,882.0,2026-02-18 11:39:10.819
1771432750869,882.0,2026-02-18 11:39:10.869
1771432750922,882.0,2026-02-18 11:39:10.922
1771432750971,882.0,2026-02-18 11:39:10.971
1771432751020,882.0,2026-02-18 11:39:11.020
1771432751074,882.0,2026-02-18 11:39:11.074
1771432751123,882.0,2026-02-18 11:39:11.123
1771432751172,882.0,2026-02-18 11:39:11.172
1771432751221,882.0,2026-02-18 11:39:11.221
1771432751274,882.0,2026-02-18 11:39:11.274
1771432751323,881.0,2026-02-18 11:39:11.323
1771432751373,881.0,2026-02-18 11:39:11.373
1771432751422,881.0,2026-02-18 11:39:11.422
1771432751475,880.0,2026-02-18 11:39:11.475
1771432751524,880.0,2026-02-18 11:39:11.524
1771432751573,879.0,2026-02-18 11:39:11.573
1771432751626,879.0,2026-02-18 11:39:11.626
1771432751676,879.0,2026-02-18 11:39:11.676
1771432751725,879.0,2026-02-18 11:39:11.725
1771432751774,878.0,2026-02-18 11:39:11.774
1771432751827,878.0,2026-02-18 11:39:11.827
1771432751876,878.0,2026-02-18 11:39:11.876
1771432751925,878.0,2026-02-18 11:39:11.925
1771432751979,878.0,2026-02-18 11:39:11.979
1771432752028,878.0,2026-02-18 11:39:12.028
1771432752077,878.0,2026-02-18 11:39:12.077
1771432752127,878.0,2026-02-18 11:39:12.127
1771432752179,878.0,2026-02-18 11:39:12.179
1771432752228,878.0,2026-02-18 11:39:12.228
1771432752278,878.0,2026-02-18 11:39:12.278
1771432752331,878.0,2026-02-18 11:39:12.331
1771432752380,878.0,2026-02-18 11:39:12.380
1771432752429,878.0,2026-02-18 11:39:12.429
1771432752478,878.0,2026-02-18 11:39:12.478
1771432752531,878.0,2026-02-18 11:39:12.531
1771432752581,878.0,2026-02-18 11:39:12.581
1771432752630,879.0,2026-02-18 11:39:12.630
1771432752679,878.0,2026-02-18 11:39:12.679
1771432752738,879.0,2026-02-18 11:39:12.738
1771432752781,879.0,2026-02-18 11:39:12.781
1771432752831,879.0,2026-02-18 11:39:12.831
1771432752884,879.0,2026-02-18 11:39:12.884
1771432752933,879.0,2026-02-18 11:39:12.933
1771432752982,879.0,2026-02-18 11:39:12.982
1771432753031,879.0,2026-02-18 11:39:13.031
1771432753087,879.0,2026-02-18 11:39:13.087
1771432753134,880.0,2026-02-18 11:39:13.134
1771432753183,880.0,2026-02-18 11:39:13.183
1771432753236,880.0,2026-02-18 11:39:13.236
1771432753285,881.0,2026-02-18 11:39:13.285
1771432753334,881.0,2026-02-18 11:39:13.334
1771432753383,881.0,2026-02-18 11:39:13.383
1771432753437,881.0,2026-02-18 11:39:13.437
1771432753486,881.0,2026-02-18 11:39:13.486
1771432753535,881.0,2026-02-18 11:39:13.535
1771432753588,881.0,2026-02-18 11:39:13.588
1771432753637,881.0,2026-02-18 11:39:13.637
1771432753687,881.0,2026-02-18 11:39:13.687
1771432753736,881.0,2026-02-18 11:39:13.736
1771432753789,881.0,2026-02-18 11:39:13.789
1771432753838,881.0,2026-02-18 11:39:13.838
1771432753890,881.0,2026-02-18 11:39:13.890
1771432753936,880.0,2026-02-18 11:39:13.936
1771432753990,880.0,2026-02-18 11:39:13.990
1771432754039,880.0,2026-02-18 11:39:14.039
1771432754088,879.0,2026-02-18 11:39:14.088
1771432754141,879.0,2026-02-18 11:39:14.141
1771432754190,879.0,2026-02-18 11:39:14.190
1771432754240,879.0,2026-02-18 11:39:14.240
1771432754289,878.0,2026-02-18 11:39:14.289
1771432754342,878.0,2026-02-18 11:39:14.342
1771432754391,878.0,2026-02-18 11:39:14.391
1771432754440,877.0,2026-02-18 11:39:14.440
1771432754494,877.0,2026-02-18 11:39:14.494
1771432754543,877.0,2026-02-18 11:39:14.543
1771432754592,877.0,2026-02-18 11:39:14.592
1771432754641,877.0,2026-02-18 11:39:14.641
1771432754694,877.0,2026-02-18 11:39:14.694
1771432754743,877.0,2026-02-18 11:39:14.743
1771432754793,877.0,2026-02-18 11:39:14.793
1771432754846,877.0,2026-02-18 11:39:14.846
1771432754895,877.0,2026-02-18 11:39:14.895
1771432754944,877.0,2026-02-18 11:39:14.944
1771432754995,877.0,2026-02-18 11:39:14.995
1771432755046,877.0,2026-02-18 11:39:15.046
1771432755095,877.0,2026-02-18 11:39:15.095
1771432755145,877.0,2026-02-18 11:39:15.145
1771432755194,877.0,2026-02-18 11:39:15.194
1771432755248,878.0,2026-02-18 11:39:15.248
1771432755296,878.0,2026-02-18 11:39:15.296
1771432755345,878.0,2026-02-18 11:39:15.345
1771432755399,878.0,2026-02-18 11:39:15.399
1771432755451,878.0,2026-02-18 11:39:15.451
1771432755497,878.0,2026-02-18 11:39:15.497
1771432755546,878.0,2026-02-18 11:39:15.546
1771432755600,878.0,2026-02-18 11:39:15.600
1771432755648,878.0,2026-02-18 11:39:15.648
1771432755701,878.0,2026-02-18 11:39:15.701
1771432755751,879.0,2026-02-18 11:39:15.751
1771432755800,879.0,2026-02-18 11:39:15.800
1771432755849,879.0,2026-02-18 11:39:15.849
1771432755899,880.0,2026-02-18 11:39:15.899
1771432755951,880.0,2026-02-18 11:39:15.951
1771432756001,880.0,2026-02-18 11:39:16.001
1771432756050,880.0,2026-02-18 11:39:16.050
1771432756103,880.0,2026-02-18 11:39:16.103
1771432756152,881.0,2026-02-18 11:39:16.152
1771432756201,880.0,2026-02-18 11:39:16.201
1771432756251,880.0,2026-02-18 11:39:16.251
1771432756304,880.0,2026-02-18 11:39:16.304
1771432756353,880.0,2026-02-18 11:39:16.353
1771432756402,880.0,2026-02-18 11:39:16.402
1771432756453,880.0,2026-02-18 11:39:16.453
1771432756504,880.0,2026-02-18 11:39:16.504
1771432756554,880.0,2026-02-18 11:39:16.554
1771432756603,879.0,2026-02-18 11:39:16.603
1771432756656,879.0,2026-02-18 11:39:16.656
1771432756705,879.0,2026-02-18 11:39:16.705
1771432756754,878.0,2026-02-18 11:39:16.754
1771432756803,878.0,2026-02-18 11:39:16.803
1771432756857,878.0,2026-02-18 11:39:16.857
1771432756907,877.0,2026-02-18 11:39:16.907
1771432756955,877.0,2026-02-18 11:39:16.955
1771432757008,877.0,2026-02-18 11:39:17.008
1771432757057,876.0,2026-02-18 11:39:17.057
1771432757107,876.0,2026-02-18 11:39:17.107
1771432757156,876.0,2026-02-18 11:39:17.156
1771432757209,876.0,2026-02-18 11:39:17.209
1771432757258,876.0,2026-02-18 11:39:17.258
1771432757307,877.0,2026-02-18 11:39:17.307
1771432757360,876.0,2026-02-18 11:39:17.360
1771432757410,876.0,2026-02-18 11:39:17.410
1771432757459,876.0,2026-02-18 11:39:17.459
1771432757508,876.0,2026-02-18 11:39:17.508
1771432757562,876.0,2026-02-18 11:39:17.562
1771432757611,876.0,2026-02-18 11:39:17.611
1771432757660,876.0,2026-02-18 11:39:17.660
1771432757709,877.0,2026-02-18 11:39:17.709
1771432757762,877.0,2026-02-18 11:39:17.762
1771432757811,877.0,2026-02-18 11:39:17.811
1771432757860,877.0,2026-02-18 11:39:17.860
1771432757913,877.0,2026-02-18 11:39:17.913
1771432757963,877.0,2026-02-18 11:39:17.963
1771432758012,877.0,2026-02-18 11:39:18.012
1771432758061,877.0,2026-02-18 11:39:18.061
1771432758114,877.0,2026-02-18 11:39:18.114
1771432758163,877.0,2026-02-18 11:39:18.163
1771432758213,877.0,2026-02-18 11:39:18.213
1771432758268,877.0,2026-02-18 11:39:18.268
1771432758315,878.0,2026-02-18 11:39:18.315
1771432758364,878.0,2026-02-18 11:39:18.364
1771432758413,878.0,2026-02-18 11:39:18.413
1771432758466,878.0,2026-02-18 11:39:18.466
1771432758516,879.0,2026-02-18 11:39:18.516
1771432758565,879.0,2026-02-18 11:39:18.565
1771432758618,879.0,2026-02-18 11:39:18.618
1771432758669,879.0,2026-02-18 11:39:18.669
1771432758716,880.0,2026-02-18 11:39:18.716
1771432758766,880.0,2026-02-18 11:39:18.766
1771432758819,880.0,2026-02-18 11:39:18.819
1771432758868,880.0,2026-02-18 11:39:18.868
1771432758917,880.0,2026-02-18 11:39:18.917
1771432758966,880.0,2026-02-18 11:39:18.966
1771432759019,880.0,2026-02-18 11:39:19.019
1771432759068,879.0,2026-02-18 11:39:19.068
1771432759118,879.0,2026-02-18 11:39:19.118
1771432759171,879.0,2026-02-18 11:39:19.171
1771432759220,878.0,2026-02-18 11:39:19.220
1771432759269,879.0,2026-02-18 11:39:19.269
1771432759318,878.0,2026-02-18 11:39:19.318
1771432759371,878.0,2026-02-18 11:39:19.371
1771432759421,877.0,2026-02-18 11:39:19.421
1771432759470,877.0,2026-02-18 11:39:19.470
1771432759523,877.0,2026-02-18 11:39:19.523
1771432759572,876.0,2026-02-18 11:39:19.572
1771432759621,876.0,2026-02-18 11:39:19.621
1771432759670,876.0,2026-02-18 11:39:19.670
1771432759724,876.0,2026-02-18 11:39:19.724
1771432759773,876.0,2026-02-18 11:39:19.773
1771432759822,876.0,2026-02-18 11:39:19.822
1771432759875,876.0,2026-02-18 11:39:19.875
1771432759925,876.0,2026-02-18 11:39:19.925
1771432759974,876.0,2026-02-18 11:39:19.974
1771432760023,876.0,2026-02-18 11:39:20.023
1771432760076,876.0,2026-02-18 11:39:20.076
1771432760126,876.0,2026-02-18 11:39:20.126
1771432760174,876.0,2026-02-18 11:39:20.174
1771432760230,876.0,2026-02-18 11:39:20.230
1771432760277,876.0,2026-02-18 11:39:20.277
1771432760327,876.0,2026-02-18 11:39:20.327
1771432760376,876.0,2026-02-18 11:39:20.376
1771432760428,876.0,2026-02-18 11:39:20.428
1771432760478,876.0,2026-02-18 11:39:20.478
1771432760527,876.0,2026-02-18 11:39:20.527
1771432760576,876.0,2026-02-18 11:39:20.576
1771432760629,876.0,2026-02-18 11:39:20.629
1771432760678,876.0,2026-02-18 11:39:20.678
1771432760727,877.0,2026-02-18 11:39:20.727
1771432760781,876.0,2026-02-18 11:39:20.781
1771432760832,876.0,2026-02-18 11:39:20.832
1771432760879,877.0,2026-02-18 11:39:20.879
1771432760928,877.0,2026-02-18 11:39:20.928
1771432760983,877.0,2026-02-18 11:39:20.983
1771432761030,878.0,2026-02-18 11:39:21.030
1771432761080,878.0,2026-02-18 11:39:21.080
1771432761133,878.0,2026-02-18 11:39:21.133
1771432761185,879.0,2026-02-18 11:39:21.185
1771432761231,879.0,2026-02-18 11:39:21.231
1771432761280,879.0,2026-02-18 11:39:21.280
1771432761333,879.0,2026-02-18 11:39:21.333
1771432761383,879.0,2026-02-18 11:39:21.383
1771432761433,879.0,2026-02-18 11:39:21.433
1771432761485,879.0,2026-02-18 11:39:21.485
1771432761535,879.0,2026-02-18 11:39:21.535
1771432761583,879.0,2026-02-18 11:39:21.583
1771432761633,879.0,2026-02-18 11:39:21.633
1771432761686,879.0,2026-02-18 11:39:21.686
1771432761735,879.0,2026-02-18 11:39:21.735
1771432761784,878.0,2026-02-18 11:39:21.784
1771432761833,878.0,2026-02-18 11:39:21.833
1771432761886,878.0,2026-02-18 11:39:21.886
1771432761937,877.0,2026-02-18 11:39:21.937
1771432761985,877.0,2026-02-18 11:39:21.985
1771432762038,877.0,2026-02-18 11:39:22.038
1771432762087,876.0,2026-02-18 11:39:22.087
1771432762136,876.0,2026-02-18 11:39:22.136
1771432762187,876.0,2026-02-18 11:39:22.187
1771432762239,875.0,2026-02-18 11:39:22.239
1771432762288,875.0,2026-02-18 11:39:22.288
1771432762337,875.0,2026-02-18 11:39:22.337
1771432762390,875.0,2026-02-18 11:39:22.390
1771432762439,875.0,2026-02-18 11:39:22.439
1771432762488,875.0,2026-02-18 11:39:22.488
1771432762538,875.0,2026-02-18 11:39:22.538
1771432762593,875.0,2026-02-18 11:39:22.593
1771432762640,875.0,2026-02-18 11:39:22.640
1771432762689,875.0,2026-02-18 11:39:22.689
1771432762743,875.0,2026-02-18 11:39:22.743
1771432762792,875.0,2026-02-18 11:39:22.792
1771432762841,875.0,2026-02-18 11:39:22.841
1771432762890,876.0,2026-02-18 11:39:22.890
1771432762943,875.0,2026-02-18 11:39:22.943
1771432762993,876.0,2026-02-18 11:39:22.993
1771432763042,876.0,2026-02-18 11:39:23.042
1771432763091,876.0,2026-02-18 11:39:23.091
1771432763144,876.0,2026-02-18 11:39:23.144
1771432763193,876.0,2026-02-18 11:39:23.193
1771432763242,876.0,2026-02-18 11:39:23.242
1771432763295,876.0,2026-02-18 11:39:23.295
1771432763345,876.0,2026-02-18 11:39:23.345
1771432763394,876.0,2026-02-18 11:39:23.394
1771432763443,876.0,2026-02-18 11:39:23.443
1771432763496,876.0,2026-02-18 11:39:23.496
1771432763545,876.0,2026-02-18 11:39:23.545
1771432763594,877.0,2026-02-18 11:39:23.594
1771432763647,877.0,2026-02-18 11:39:23.647
1771432763697,877.0,2026-02-18 11:39:23.697
1771432763746,878.0,2026-02-18 11:39:23.746
1771432763795,878.0,2026-02-18 11:39:23.795
1771432763848,878.0,2026-02-18 11:39:23.848
1771432763897,879.0,2026-02-18 11:39:23.897
1771432763947,879.0,2026-02-18 11:39:23.947
1771432764000,879.0,2026-02-18 11:39:24.000
1771432764053,879.0,2026-02-18 11:39:24.053
1771432764098,879.0,2026-02-18 11:39:24.098
1771432764147,879.0,2026-02-18 11:39:24.147
1771432764200,879.0,2026-02-18 11:39:24.200
1771432764250,879.0,2026-02-18 11:39:24.250
1771432764299,878.0,2026-02-18 11:39:24.299
1771432764348,878.0,2026-02-18 11:39:24.348
1771432764401,878.0,2026-02-18 11:39:24.401
1771432764451,877.0,2026-02-18 11:39:24.451
1771432764499,877.0,2026-02-18 11:39:24.499
1771432764553,877.0,2026-02-18 11:39:24.553
1771432764602,876.0,2026-02-18 11:39:24.602
1771432764651,876.0,2026-02-18 11:39:24.651
1771432764700,876.0,2026-02-18 11:39:24.700
1771432764753,875.0,2026-02-18 11:39:24.753
1771432764803,875.0,2026-02-18 11:39:24.803
1771432764853,875.0,2026-02-18 11:39:24.853
1771432764905,875.0,2026-02-18 11:39:24.905
1771432764954,875.0,2026-02-18 11:39:24.954
1771432765003,875.0,2026-02-18 11:39:25.003
1771432765053,875.0,2026-02-18 11:39:25.053
1771432765106,875.0,2026-02-18 11:39:25.106
1771432765155,875.0,2026-02-18 11:39:25.155
1771432765204,875.0,2026-02-18 11:39:25.204
1771432765257,875.0,2026-02-18 11:39:25.257
1771432765306,874.0,2026-02-18 11:39:25.306
1771432765356,875.0,2026-02-18 11:39:25.356
1771432765405,875.0,2026-02-18 11:39:25.405
1771432765458,875.0,2026-02-18 11:39:25.458
1771432765507,875.0,2026-02-18 11:39:25.507
1771432765556,875.0,2026-02-18 11:39:25.556
1771432765605,875.0,2026-02-18 11:39:25.605
1771432765659,875.0,2026-02-18 11:39:25.659
1771432765708,875.0,2026-02-18 11:39:25.708
1771432765757,875.0,2026-02-18 11:39:25.757
1771432765810,875.0,2026-02-18 11:39:25.810
1771432765860,875.0,2026-02-18 11:39:25.860
1771432765909,875.0,2026-02-18 11:39:25.909
1771432765958,876.0,2026-02-18 11:39:25.958
1771432766011,876.0,2026-02-18 11:39:26.011
1771432766060,876.0,2026-02-18 11:39:26.060
1771432766109,876.0,2026-02-18 11:39:26.109
1771432766163,876.0,2026-02-18 11:39:26.163
1771432766212,877.0,2026-02-18 11:39:26.212
1771432766261,877.0,2026-02-18 11:39:26.261
1771432766311,877.0,2026-02-18 11:39:26.311
1771432766363,877.0,2026-02-18 11:39:26.363
1771432766412,878.0,2026-02-18 11:39:26.412
1771432766461,878.0,2026-02-18 11:39:26.461
1771432766515,878.0,2026-02-18 11:39:26.515
1771432766564,878.0,2026-02-18 11:39:26.564
1771432766613,878.0,2026-02-18 11:39:26.613
1771432766662,878.0,2026-02-18 11:39:26.662
1771432766715,878.0,2026-02-18 11:39:26.715
1771432766764,878.0,2026-02-18 11:39:26.764
1771432766814,878.0,2026-02-18 11:39:26.814
1771432766863,878.0,2026-02-18 11:39:26.863
1771432766916,878.0,2026-02-18 11:39:26.916
1771432766965,878.0,2026-02-18 11:39:26.965
1771432767014,877.0,2026-02-18 11:39:27.014
1771432767068,877.0,2026-02-18 11:39:27.068
1771432767120,877.0,2026-02-18 11:39:27.120
1771432767166,876.0,2026-02-18 11:39:27.166
1771432767218,876.0,2026-02-18 11:39:27.218
1771432767268,876.0,2026-02-18 11:39:27.268
1771432767317,875.0,2026-02-18 11:39:27.317
1771432767367,875.0,2026-02-18 11:39:27.367
1771432767420,875.0,2026-02-18 11:39:27.420
1771432767469,874.0,2026-02-18 11:39:27.469
1771432767518,874.0,2026-02-18 11:39:27.518
1771432767567,874.0,2026-02-18 11:39:27.567
1771432767626,874.0,2026-02-18 11:39:27.626
1771432767670,874.0,2026-02-18 11:39:27.670
1771432767719,874.0,2026-02-18 11:39:27.719
1771432767772,874.0,2026-02-18 11:39:27.772
1771432767822,874.0,2026-02-18 11:39:27.822
1771432767870,874.0,2026-02-18 11:39:27.870
1771432767919,874.0,2026-02-18 11:39:27.919
1771432767973,874.0,2026-02-18 11:39:27.973
1771432768022,874.0,2026-02-18 11:39:28.022
1771432768071,874.0,2026-02-18 11:39:28.071
1771432768120,874.0,2026-02-18 11:39:28.120
1771432768173,874.0,2026-02-18 11:39:28.173
1771432768223,874.0,2026-02-18 11:39:28.223
1771432768272,874.0,2026-02-18 11:39:28.272
1771432768325,875.0,2026-02-18 11:39:28.325
1771432768376,875.0,2026-02-18 11:39:28.376
1771432768423,875.0,2026-02-18 11:39:28.423
1771432768473,875.0,2026-02-18 11:39:28.473
1771432768527,875.0,2026-02-18 11:39:28.527
1771432768575,875.0,2026-02-18 11:39:28.575
1771432768624,875.0,2026-02-18 11:39:28.624
1771432768681,875.0,2026-02-18 11:39:28.681
1771432768727,875.0,2026-02-18 11:39:28.727
1771432768776,876.0,2026-02-18 11:39:28.776
1771432768825,876.0,2026-02-18 11:39:28.825
1771432768878,876.0,2026-02-18 11:39:28.878
1771432768927,876.0,2026-02-18 11:39:28.927
1771432768976,877.0,2026-02-18 11:39:28.976
1771432769029,877.0,2026-02-18 11:39:29.029
1771432769079,877.0,2026-02-18 11:39:29.079
1771432769128,878.0,2026-02-18 11:39:29.128
1771432769177,878.0,2026-02-18 11:39:29.177
1771432769230,878.0,2026-02-18 11:39:29.230
1771432769279,878.0,2026-02-18 11:39:29.279
1771432769329,878.0,2026-02-18 11:39:29.329
1771432769378,877.0,2026-02-18 11:39:29.378
1771432769431,877.0,2026-02-18 11:39:29.431
1771432769480,877.0,2026-02-18 11:39:29.480
1771432769529,877.0,2026-02-18 11:39:29.529
1771432769585,877.0,2026-02-18 11:39:29.585
1771432769632,877.0,2026-02-18 11:39:29.632
1771432769681,876.0,2026-02-18 11:39:29.681
1771432769730,876.0,2026-02-18 11:39:29.730
1771432769783,876.0,2026-02-18 11:39:29.783
1771432769835,876.0,2026-02-18 11:39:29.835
1771432769881,875.0,2026-02-18 11:39:29.881
1771432769936,875.0,2026-02-18 11:39:29.936
1771432769984,875.0,2026-02-18 11:39:29.984
1771432770036,874.0,2026-02-18 11:39:30.036
1771432770083,874.0,2026-02-18 11:39:30.083
1771432770136,874.0,2026-02-18 11:39:30.136
1771432770184,874.0,2026-02-18 11:39:30.184
1771432770234,874.0,2026-02-18 11:39:30.234
1771432770287,874.0,2026-02-18 11:39:30.287
1771432770336,874.0,2026-02-18 11:39:30.336
1771432770385,874.0,2026-02-18 11:39:30.385
1771432770434,874.0,2026-02-18 11:39:30.434
1771432770488,874.0,2026-02-18 11:39:30.488
1771432770537,874.0,2026-02-18 11:39:30.537
1771432770586,874.0,2026-02-18 11:39:30.586
1771432770635,874.0,2026-02-18 11:39:30.635
1771432770688,874.0,2026-02-18 11:39:30.688
1771432770738,874.0,2026-02-18 11:39:30.738
1771432770787,874.0,2026-02-18 11:39:30.787
1771432770840,874.0,2026-02-18 11:39:30.840
1771432770889,874.0,2026-02-18 11:39:30.889
1771432770938,874.0,2026-02-18 11:39:30.938
1771432770987,874.0,2026-02-18 11:39:30.987
1771432771042,874.0,2026-02-18 11:39:31.042
1771432771090,874.0,2026-02-18 11:39:31.090
1771432771139,875.0,2026-02-18 11:39:31.139
1771432771193,875.0,2026-02-18 11:39:31.193
1771432771241,875.0,2026-02-18 11:39:31.241
1771432771290,875.0,2026-02-18 11:39:31.290
1771432771340,875.0,2026-02-18 11:39:31.340
1771432771393,875.0,2026-02-18 11:39:31.393
1771432771443,876.0,2026-02-18 11:39:31.443
1771432771491,876.0,2026-02-18 11:39:31.491
1771432771544,876.0,2026-02-18 11:39:31.544
1771432771593,877.0,2026-02-18 11:39:31.593
1771432771643,877.0,2026-02-18 11:39:31.643
1771432771693,877.0,2026-02-18 11:39:31.693
1771432771745,877.0,2026-02-18 11:39:31.745
1771432771795,877.0,2026-02-18 11:39:31.795
1771432771843,877.0,2026-02-18 11:39:31.843
1771432771893,877.0,2026-02-18 11:39:31.893
1771432771946,877.0,2026-02-18 11:39:31.946
1771432771995,877.0,2026-02-18 11:39:31.995
1771432772044,877.0,2026-02-18 11:39:32.044
1771432772097,877.0,2026-02-18 11:39:32.097
1771432772146,877.0,2026-02-18 11:39:32.146
1771432772196,877.0,2026-02-18 11:39:32.196
1771432772245,877.0,2026-02-18 11:39:32.245
1771432772298,877.0,2026-02-18 11:39:32.298
1771432772347,876.0,2026-02-18 11:39:32.347
1771432772397,876.0,2026-02-18 11:39:32.397
1771432772449,876.0,2026-02-18 11:39:32.449
1771432772503,875.0,2026-02-18 11:39:32.503
1771432772548,875.0,2026-02-18 11:39:32.548
1771432772597,875.0,2026-02-18 11:39:32.597
1771432772652,874.0,2026-02-18 11:39:32.652
1771432772699,874.0,2026-02-18 11:39:32.699
1771432772748,874.0,2026-02-18 11:39:32.748
1771432772802,874.0,2026-02-18 11:39:32.802
1771432772851,873.0,2026-02-18 11:39:32.851
1771432772903,873.0,2026-02-18 11:39:32.903
1771432772953,873.0,2026-02-18 11:39:32.953
1771432773002,874.0,2026-02-18 11:39:33.002
1771432773052,874.0,2026-02-18 11:39:33.052
1771432773101,874.0,2026-02-18 11:39:33.101
1771432773153,874.0,2026-02-18 11:39:33.153
1771432773205,874.0,2026-02-18 11:39:33.205
1771432773252,874.0,2026-02-18 11:39:33.252
1771432773301,874.0,2026-02-18 11:39:33.301
1771432773355,874.0,2026-02-18 11:39:33.355
1771432773404,874.0,2026-02-18 11:39:33.404
1771432773453,874.0,2026-02-18 11:39:33.453
1771432773502,874.0,2026-02-18 11:39:33.502
1771432773555,874.0,2026-02-18 11:39:33.555
1771432773605,874.0,2026-02-18 11:39:33.605
1771432773654,874.0,2026-02-18 11:39:33.654
1771432773707,874.0,2026-02-18 11:39:33.707
1771432773756,874.0,2026-02-18 11:39:33.756
1771432773805,874.0,2026-02-18 11:39:33.805
1771432773854,875.0,2026-02-18 11:39:33.854
1771432773908,875.0,2026-02-18 11:39:33.908
1771432773957,875.0,2026-02-18 11:39:33.957
1771432774006,875.0,2026-02-18 11:39:34.006
1771432774059,875.0,2026-02-18 11:39:34.059
1771432774109,876.0,2026-02-18 11:39:34.109
1771432774158,876.0,2026-02-18 11:39:34.158
1771432774207,876.0,2026-02-18 11:39:34.207
1771432774260,876.0,2026-02-18 11:39:34.260
1771432774309,877.0,2026-02-18 11:39:34.309
1771432774358,877.0,2026-02-18 11:39:34.358
1771432774407,877.0,2026-02-18 11:39:34.407
1771432774461,877.0,2026-02-18 11:39:34.461
1771432774510,877.0,2026-02-18 11:39:34.510
1771432774559,877.0,2026-02-18 11:39:34.559
1771432774612,877.0,2026-02-18 11:39:34.612
1771432774662,877.0,2026-02-18 11:39:34.662
1771432774710,877.0,2026-02-18 11:39:34.710
1771432774760,877.0,2026-02-18 11:39:34.760
1771432774813,877.0,2026-02-18 11:39:34.813
1771432774862,877.0,2026-02-18 11:39:34.862
1771432774911,876.0,2026-02-18 11:39:34.911
1771432774964,876.0,2026-02-18 11:39:34.964
1771432775013,876.0,2026-02-18 11:39:35.013
1771432775063,876.0,2026-02-18 11:39:35.063
1771432775112,875.0,2026-02-18 11:39:35.112
1771432775166,875.0,2026-02-18 11:39:35.166
1771432775215,875.0,2026-02-18 11:39:35.215
1771432775263,874.0,2026-02-18 11:39:35.263
1771432775317,874.0,2026-02-18 11:39:35.317
1771432775366,874.0,2026-02-18 11:39:35.366
1771432775416,874.0,2026-02-18 11:39:35.416
1771432775464,874.0,2026-02-18 11:39:35.464
1771432775517,874.0,2026-02-18 11:39:35.517
1771432775566,874.0,2026-02-18 11:39:35.566
1771432775616,874.0,2026-02-18 11:39:35.616
1771432775669,874.0,2026-02-18 11:39:35.669
1771432775718,874.0,2026-02-18 11:39:35.718
1771432775767,874.0,2026-02-18 11:39:35.767
1771432775817,875.0,2026-02-18 11:39:35.817
1771432775869,875.0,2026-02-18 11:39:35.869
1771432775919,875.0,2026-02-18 11:39:35.919
1771432775968,875.0,2026-02-18 11:39:35.968
1771432776017,875.0,2026-02-18 11:39:36.017
1771432776070,876.0,2026-02-18 11:39:36.070
1771432776119,876.0,2026-02-18 11:39:36.119
1771432776168,876.0,2026-02-18 11:39:36.168
1771432776222,876.0,2026-02-18 11:39:36.222
1771432776271,876.0,2026-02-18 11:39:36.271
1771432776320,877.0,2026-02-18 11:39:36.320
1771432776369,877.0,2026-02-18 11:39:36.369
1771432776422,877.0,2026-02-18 11:39:36.422
1771432776472,877.0,2026-02-18 11:39:36.472
1771432776521,877.0,2026-02-18 11:39:36.521
1771432776574,878.0,2026-02-18 11:39:36.574
1771432776623,878.0,2026-02-18 11:39:36.623
1771432776672,878.0,2026-02-18 11:39:36.672
1771432776721,879.0,2026-02-18 11:39:36.721
1771432776775,879.0,2026-02-18 11:39:36.775
1771432776824,880.0,2026-02-18 11:39:36.824
1771432776873,880.0,2026-02-18 11:39:36.873
1771432776926,880.0,2026-02-18 11:39:36.926
1771432776975,881.0,2026-02-18 11:39:36.975
1771432777025,881.0,2026-02-18 11:39:37.025
1771432777074,881.0,2026-02-18 11:39:37.074
1771432777127,882.0,2026-02-18 11:39:37.127
1771432777177,881.0,2026-02-18 11:39:37.177
1771432777225,882.0,2026-02-18 11:39:37.225
1771432777274,882.0,2026-02-18 11:39:37.274
1771432777328,881.0,2026-02-18 11:39:37.328
1771432777377,882.0,2026-02-18 11:39:37.377
1771432777426,882.0,2026-02-18 11:39:37.426
1771432777479,881.0,2026-02-18 11:39:37.479
1771432777528,881.0,2026-02-18 11:39:37.528
1771432777577,881.0,2026-02-18 11:39:37.577
1771432777627,881.0,2026-02-18 11:39:37.627
1771432777680,881.0,2026-02-18 11:39:37.680
1771432777729,881.0,2026-02-18 11:39:37.729
1771432777778,880.0,2026-02-18 11:39:37.778
1771432777835,880.0,2026-02-18 11:39:37.835
1771432777880,880.0,2026-02-18 11:39:37.880
1771432777930,879.0,2026-02-18 11:39:37.930
1771432777979,879.0,2026-02-18 11:39:37.979
1771432778033,879.0,2026-02-18 11:39:38.033
1771432778081,879.0,2026-02-18 11:39:38.081
1771432778130,879.0,2026-02-18 11:39:38.130
1771432778184,879.0,2026-02-18 11:39:38.184
1771432778234,879.0,2026-02-18 11:39:38.234
1771432778282,879.0,2026-02-18 11:39:38.282
1771432778333,879.0,2026-02-18 11:39:38.333
1771432778384,879.0,2026-02-18 11:39:38.384
1771432778435,879.0,2026-02-18 11:39:38.435
1771432778483,879.0,2026-02-18 11:39:38.483
1771432778533,879.0,2026-02-18 11:39:38.533
1771432778585,879.0,2026-02-18 11:39:38.585
1771432778634,880.0,2026-02-18 11:39:38.634
1771432778683,879.0,2026-02-18 11:39:38.683
1771432778737,880.0,2026-02-18 11:39:38.737
1771432778786,880.0,2026-02-18 11:39:38.786
1771432778835,880.0,2026-02-18 11:39:38.835
1771432778885,880.0,2026-02-18 11:39:38.885
1771432778937,880.0,2026-02-18 11:39:38.937
1771432778986,880.0,2026-02-18 11:39:38.986
1771432779036,880.0,2026-02-18 11:39:39.036
1771432779089,881.0,2026-02-18 11:39:39.089
1771432779138,881.0,2026-02-18 11:39:39.138
1771432779188,881.0,2026-02-18 11:39:39.188
1771432779236,881.0,2026-02-18 11:39:39.236
1771432779290,881.0,2026-02-18 11:39:39.290
1771432779339,881.0,2026-02-18 11:39:39.339
1771432779388,882.0,2026-02-18 11:39:39.388
1771432779441,882.0,2026-02-18 11:39:39.441
1771432779490,882.0,2026-02-18 11:39:39.490
1771432779539,883.0,2026-02-18 11:39:39.539
1771432779589,883.0,2026-02-18 11:39:39.589
1771432779643,883.0,2026-02-18 11:39:39.643
1771432779691,883.0,2026-02-18 11:39:39.691
1771432779740,883.0,2026-02-18 11:39:39.740
1771432779789,884.0,2026-02-18 11:39:39.789
1771432779842,884.0,2026-02-18 11:39:39.842
1771432779892,884.0,2026-02-18 11:39:39.892
1771432779941,883.0,2026-02-18 11:39:39.941
1771432779994,883.0,2026-02-18 11:39:39.994
1771432780043,883.0,2026-02-18 11:39:40.043
1771432780092,883.0,2026-02-18 11:39:40.092
1771432780142,883.0,2026-02-18 11:39:40.142
1771432780195,883.0,2026-02-18 11:39:40.195
1771432780244,883.0,2026-02-18 11:39:40.244
1771432780293,882.0,2026-02-18 11:39:40.293
1771432780346,882.0,2026-02-18 11:39:40.346
1771432780395,882.0,2026-02-18 11:39:40.395
1771432780444,881.0,2026-02-18 11:39:40.444
1771432780494,881.0,2026-02-18 11:39:40.494
1771432780547,880.0,2026-02-18 11:39:40.547
1771432780596,880.0,2026-02-18 11:39:40.596
1771432780645,880.0,2026-02-18 11:39:40.645
1771432780700,880.0,2026-02-18 11:39:40.700
1771432780748,880.0,2026-02-18 11:39:40.748
1771432780797,880.0,2026-02-18 11:39:40.797
1771432780846,880.0,2026-02-18 11:39:40.846
1771432780901,880.0,2026-02-18 11:39:40.901
1771432780952,880.0,2026-02-18 11:39:40.952
1771432780997,880.0,2026-02-18 11:39:40.997
1771432781047,880.0,2026-02-18 11:39:41.047
1771432781100,880.0,2026-02-18 11:39:41.100
1771432781152,880.0,2026-02-18 11:39:41.152
1771432781199,880.0,2026-02-18 11:39:41.199
1771432781251,880.0,2026-02-18 11:39:41.251
1771432781301,880.0,2026-02-18 11:39:41.301
1771432781351,880.0,2026-02-18 11:39:41.351
1771432781399,880.0,2026-02-18 11:39:41.399
1771432781452,881.0,2026-02-18 11:39:41.452
1771432781501,880.0,2026-02-18 11:39:41.501
1771432781553,881.0,2026-02-18 11:39:41.553
1771432781604,880.0,2026-02-18 11:39:41.604
1771432781653,881.0,2026-02-18 11:39:41.653
1771432781702,881.0,2026-02-18 11:39:41.702
1771432781751,881.0,2026-02-18 11:39:41.751
1771432781804,881.0,2026-02-18 11:39:41.804
1771432781853,881.0,2026-02-18 11:39:41.853
1771432781903,881.0,2026-02-18 11:39:41.903
1771432781956,881.0,2026-02-18 11:39:41.956
1771432782005,882.0,2026-02-18 11:39:42.005
1771432782054,882.0,2026-02-18 11:39:42.054
1771432782103,882.0,2026-02-18 11:39:42.103
1771432782157,883.0,2026-02-18 11:39:42.157
1771432782206,883.0,2026-02-18 11:39:42.206
1771432782255,883.0,2026-02-18 11:39:42.255
1771432782308,883.0,2026-02-18 11:39:42.308
1771432782357,883.0,2026-02-18 11:39:42.357
1771432782406,883.0,2026-02-18 11:39:42.406
1771432782456,883.0,2026-02-18 11:39:42.456
1771432782509,883.0,2026-02-18 11:39:42.509
1771432782558,883.0,2026-02-18 11:39:42.558
1771432782607,883.0,2026-02-18 11:39:42.607
1771432782656,883.0,2026-02-18 11:39:42.656
1771432782709,883.0,2026-02-18 11:39:42.709
1771432782759,883.0,2026-02-18 11:39:42.759
1771432782808,882.0,2026-02-18 11:39:42.808
1771432782861,882.0,2026-02-18 11:39:42.861
1771432782910,882.0,2026-02-18 11:39:42.910
1771432782959,881.0,2026-02-18 11:39:42.959
1771432783009,881.0,2026-02-18 11:39:43.009
1771432783062,881.0,2026-02-18 11:39:43.062
1771432783111,880.0,2026-02-18 11:39:43.111
1771432783160,880.0,2026-02-18 11:39:43.160
1771432783213,880.0,2026-02-18 11:39:43.213
1771432783263,879.0,2026-02-18 11:39:43.263
1771432783318,879.0,2026-02-18 11:39:43.318
1771432783361,879.0,2026-02-18 11:39:43.361
1771432783418,879.0,2026-02-18 11:39:43.418
1771432783463,879.0,2026-02-18 11:39:43.463
1771432783512,879.0,2026-02-18 11:39:43.512
1771432783566,879.0,2026-02-18 11:39:43.566
1771432783615,879.0,2026-02-18 11:39:43.615
1771432783664,879.0,2026-02-18 11:39:43.664
1771432783713,879.0,2026-02-18 11:39:43.713
1771432783766,879.0,2026-02-18 11:39:43.766
1771432783817,879.0,2026-02-18 11:39:43.817
1771432783864,879.0,2026-02-18 11:39:43.864
1771432783914,879.0,2026-02-18 11:39:43.914
1771432783968,879.0,2026-02-18 11:39:43.968
1771432784016,879.0,2026-02-18 11:39:44.016
1771432784068,880.0,2026-02-18 11:39:44.068
1771432784119,879.0,2026-02-18 11:39:44.119
1771432784170,879.0,2026-02-18 11:39:44.170
1771432784217,880.0,2026-02-18 11:39:44.217
1771432784270,880.0,2026-02-18 11:39:44.270
1771432784319,880.0,2026-02-18 11:39:44.319
1771432784368,880.0,2026-02-18 11:39:44.368
1771432784417,880.0,2026-02-18 11:39:44.417
1771432784471,880.0,2026-02-18 11:39:44.471
1771432784520,880.0,2026-02-18 11:39:44.520
1771432784569,880.0,2026-02-18 11:39:44.569
1771432784618,880.0,2026-02-18 11:39:44.618
1771432784671,881.0,2026-02-18 11:39:44.671
1771432784721,881.0,2026-02-18 11:39:44.721
1771432784770,882.0,2026-02-18 11:39:44.770
1771432784823,882.0,2026-02-18 11:39:44.823
1771432784872,882.0,2026-02-18 11:39:44.872
1771432784921,882.0,2026-02-18 11:39:44.921
1771432784970,882.0,2026-02-18 11:39:44.970
1771432785024,882.0,2026-02-18 11:39:45.024
1771432785073,882.0,2026-02-18 11:39:45.073
1771432785122,882.0,2026-02-18 11:39:45.122
1771432785171,882.0,2026-02-18 11:39:45.171
1771432785224,882.0,2026-02-18 11:39:45.224
1771432785273,882.0,2026-02-18 11:39:45.273
1771432785323,882.0,2026-02-18 11:39:45.323
1771432785376,882.0,2026-02-18 11:39:45.376
1771432785425,881.0,2026-02-18 11:39:45.425
1771432785474,881.0,2026-02-18 11:39:45.474
1771432785523,881.0,2026-02-18 11:39:45.523
1771432785577,880.0,2026-02-18 11:39:45.577
1771432785626,880.0,2026-02-18 11:39:45.626
1771432785675,880.0,2026-02-18 11:39:45.675
1771432785728,879.0,2026-02-18 11:39:45.728
1771432785777,879.0,2026-02-18 11:39:45.777
1771432785826,879.0,2026-02-18 11:39:45.826
1771432785876,878.0,2026-02-18 11:39:45.876
1771432785929,878.0,2026-02-18 11:39:45.929
1771432785978,878.0,2026-02-18 11:39:45.978
1771432786027,878.0,2026-02-18 11:39:46.027
1771432786080,878.0,2026-02-18 11:39:46.080
1771432786130,878.0,2026-02-18 11:39:46.130
1771432786179,878.0,2026-02-18 11:39:46.179
1771432786228,878.0,2026-02-18 11:39:46.228
1771432786281,878.0,2026-02-18 11:39:46.281
1771432786330,878.0,2026-02-18 11:39:46.330
1771432786379,878.0,2026-02-18 11:39:46.379
1771432786429,878.0,2026-02-18 11:39:46.429
1771432786482,878.0,2026-02-18 11:39:46.482
1771432786531,878.0,2026-02-18 11:39:46.531
1771432786580,878.0,2026-02-18 11:39:46.580
1771432786633,879.0,2026-02-18 11:39:46.633
1771432786683,879.0,2026-02-18 11:39:46.683
1771432786732,879.0,2026-02-18 11:39:46.732
1771432786781,879.0,2026-02-18 11:39:46.781
1771432786834,879.0,2026-02-18 11:39:46.834
1771432786883,879.0,2026-02-18 11:39:46.883
1771432786932,879.0,2026-02-18 11:39:46.932
1771432786985,879.0,2026-02-18 11:39:46.985
1771432787035,879.0,2026-02-18 11:39:47.035
1771432787086,879.0,2026-02-18 11:39:47.086
1771432787133,879.0,2026-02-18 11:39:47.133
1771432787186,879.0,2026-02-18 11:39:47.186
1771432787236,880.0,2026-02-18 11:39:47.236
1771432787285,880.0,2026-02-18 11:39:47.285
1771432787338,880.0,2026-02-18 11:39:47.338
1771432787387,881.0,2026-02-18 11:39:47.387
1771432787436,881.0,2026-02-18 11:39:47.436
1771432787485,881.0,2026-02-18 11:39:47.485
1771432787540,881.0,2026-02-18 11:39:47.540
1771432787588,881.0,2026-02-18 11:39:47.588
1771432787637,881.0,2026-02-18 11:39:47.637
1771432787686,881.0,2026-02-18 11:39:47.686
1771432787739,881.0,2026-02-18 11:39:47.739
1771432787788,881.0,2026-02-18 11:39:47.788
1771432787837,881.0,2026-02-18 11:39:47.837
1771432787891,881.0,2026-02-18 11:39:47.891
1771432787940,881.0,2026-02-18 11:39:47.940
1771432787989,881.0,2026-02-18 11:39:47.989
1771432788038,881.0,2026-02-18 11:39:48.038
1771432788091,880.0,2026-02-18 11:39:48.091
1771432788141,880.0,2026-02-18 11:39:48.141
1771432788190,880.0,2026-02-18 11:39:48.190
1771432788243,879.0,2026-02-18 11:39:48.243
1771432788292,879.0,2026-02-18 11:39:48.292
1771432788341,879.0,2026-02-18 11:39:48.341
1771432788391,878.0,2026-02-18 11:39:48.391
1771432788444,878.0,2026-02-18 11:39:48.444
1771432788493,878.0,2026-02-18 11:39:48.493
1771432788542,877.0,2026-02-18 11:39:48.542
1771432788595,877.0,2026-02-18 11:39:48.595
1771432788644,877.0,2026-02-18 11:39:48.644
1771432788693,877.0,2026-02-18 11:39:48.693
1771432788743,877.0,2026-02-18 11:39:48.743
1771432788796,877.0,2026-02-18 11:39:48.796
1771432788845,878.0,2026-02-18 11:39:48.845
1771432788894,877.0,2026-02-18 11:39:48.894
1771432788943,878.0,2026-02-18 11:39:48.943
1771432788997,877.0,2026-02-18 11:39:48.997
1771432789046,877.0,2026-02-18 11:39:49.046
1771432789095,878.0,2026-02-18 11:39:49.095
1771432789148,878.0,2026-02-18 11:39:49.148
1771432789197,878.0,2026-02-18 11:39:49.197
1771432789246,878.0,2026-02-18 11:39:49.246
1771432789296,878.0,2026-02-18 11:39:49.296
1771432789350,878.0,2026-02-18 11:39:49.350
1771432789398,878.0,2026-02-18 11:39:49.398
1771432789447,878.0,2026-02-18 11:39:49.447
1771432789501,878.0,2026-02-18 11:39:49.501
1771432789550,878.0,2026-02-18 11:39:49.550
1771432789599,878.0,2026-02-18 11:39:49.599
1771432789648,878.0,2026-02-18 11:39:49.648
1771432789701,878.0,2026-02-18 11:39:49.701
1771432789750,878.0,2026-02-18 11:39:49.750
1771432789799,879.0,2026-02-18 11:39:49.799
1771432789853,879.0,2026-02-18 11:39:49.853
1771432789902,879.0,2026-02-18 11:39:49.902
1771432789952,879.0,2026-02-18 11:39:49.952
1771432790000,880.0,2026-02-18 11:39:50.000
1771432790053,880.0,2026-02-18 11:39:50.053
1771432790102,880.0,2026-02-18 11:39:50.102
1771432790152,880.0,2026-02-18 11:39:50.152
1771432790201,881.0,2026-02-18 11:39:50.201
1771432790254,881.0,2026-02-18 11:39:50.254
1771432790305,881.0,2026-02-18 11:39:50.305
1771432790353,880.0,2026-02-18 11:39:50.353
1771432790406,880.0,2026-02-18 11:39:50.406
1771432790455,881.0,2026-02-18 11:39:50.455
1771432790504,880.0,2026-02-18 11:39:50.504
1771432790553,880.0,2026-02-18 11:39:50.553
1771432790606,880.0,2026-02-18 11:39:50.606
1771432790655,880.0,2026-02-18 11:39:50.655
1771432790705,880.0,2026-02-18 11:39:50.705
1771432790758,879.0,2026-02-18 11:39:50.758
1771432790807,879.0,2026-02-18 11:39:50.807
1771432790856,879.0,2026-02-18 11:39:50.856
1771432790905,879.0,2026-02-18 11:39:50.905
1771432790959,878.0,2026-02-18 11:39:50.959
1771432791008,878.0,2026-02-18 11:39:51.008
1771432791060,877.0,2026-02-18 11:39:51.060
1771432791110,877.0,2026-02-18 11:39:51.110
1771432791159,877.0,2026-02-18 11:39:51.159
1771432791209,877.0,2026-02-18 11:39:51.209
1771432791257,877.0,2026-02-18 11:39:51.257
1771432791311,876.0,2026-02-18 11:39:51.311
1771432791360,877.0,2026-02-18 11:39:51.360
1771432791409,877.0,2026-02-18 11:39:51.409
1771432791462,877.0,2026-02-18 11:39:51.462
1771432791511,877.0,2026-02-18 11:39:51.511
1771432791561,877.0,2026-02-18 11:39:51.561
1771432791610,877.0,2026-02-18 11:39:51.610
1771432791663,877.0,2026-02-18 11:39:51.663
1771432791712,877.0,2026-02-18 11:39:51.712
1771432791761,877.0,2026-02-18 11:39:51.761
1771432791810,877.0,2026-02-18 11:39:51.810
1771432791864,877.0,2026-02-18 11:39:51.864
1771432791913,877.0,2026-02-18 11:39:51.913
1771432791962,877.0,2026-02-18 11:39:51.962
1771432792015,877.0,2026-02-18 11:39:52.015
1771432792064,877.0,2026-02-18 11:39:52.064
1771432792114,877.0,2026-02-18 11:39:52.114
1771432792163,877.0,2026-02-18 11:39:52.163
1771432792216,877.0,2026-02-18 11:39:52.216
1771432792276,878.0,2026-02-18 11:39:52.276
1771432792314,878.0,2026-02-18 11:39:52.314
1771432792367,878.0,2026-02-18 11:39:52.367
1771432792417,878.0,2026-02-18 11:39:52.417
1771432792466,878.0,2026-02-18 11:39:52.466
1771432792516,879.0,2026-02-18 11:39:52.516
1771432792569,879.0,2026-02-18 11:39:52.569
1771432792617,879.0,2026-02-18 11:39:52.617
1771432792667,880.0,2026-02-18 11:39:52.667
1771432792720,880.0,2026-02-18 11:39:52.720
1771432792769,880.0,2026-02-18 11:39:52.769
1771432792818,880.0,2026-02-18 11:39:52.818
1771432792867,881.0,2026-02-18 11:39:52.867
1771432792920,881.0,2026-02-18 11:39:52.920
1771432792970,881.0,2026-02-18 11:39:52.970
1771432793019,881.0,2026-02-18 11:39:53.019
1771432793068,880.0,2026-02-18 11:39:53.068
1771432793121,880.0,2026-02-18 11:39:53.121
1771432793170,880.0,2026-02-18 11:39:53.170
1771432793219,880.0,2026-02-18 11:39:53.219
1771432793273,880.0,2026-02-18 11:39:53.273
1771432793322,880.0,2026-02-18 11:39:53.322
1771432793371,879.0,2026-02-18 11:39:53.371
1771432793420,879.0,2026-02-18 11:39:53.420
1771432793473,879.0,2026-02-18 11:39:53.473
1771432793522,878.0,2026-02-18 11:39:53.522
1771432793572,878.0,2026-02-18 11:39:53.572
1771432793625,878.0,2026-02-18 11:39:53.625
1771432793674,878.0,2026-02-18 11:39:53.674
1771432793723,878.0,2026-02-18 11:39:53.723
1771432793772,877.0,2026-02-18 11:39:53.772
1771432793826,877.0,2026-02-18 11:39:53.826
1771432793875,877.0,2026-02-18 11:39:53.875
1771432793924,877.0,2026-02-18 11:39:53.924
1771432793977,877.0,2026-02-18 11:39:53.977
1771432794026,877.0,2026-02-18 11:39:54.026
1771432794075,877.0,2026-02-18 11:39:54.075
1771432794125,877.0,2026-02-18 11:39:54.125
1771432794178,877.0,2026-02-18 11:39:54.178
1771432794227,877.0,2026-02-18 11:39:54.227
1771432794276,877.0,2026-02-18 11:39:54.276
1771432794325,878.0,2026-02-18 11:39:54.325
1771432794378,878.0,2026-02-18 11:39:54.378
1771432794428,878.0,2026-02-18 11:39:54.428
1771432794477,878.0,2026-02-18 11:39:54.477
1771432794530,878.0,2026-02-18 11:39:54.530
1771432794579,878.0,2026-02-18 11:39:54.579
1771432794629,878.0,2026-02-18 11:39:54.629
1771432794678,878.0,2026-02-18 11:39:54.678
1771432794731,878.0,2026-02-18 11:39:54.731
1771432794780,879.0,2026-02-18 11:39:54.780
1771432794829,878.0,2026-02-18 11:39:54.829
1771432794882,879.0,2026-02-18 11:39:54.882
1771432794936,879.0,2026-02-18 11:39:54.936
1771432794981,879.0,2026-02-18 11:39:54.981
1771432795030,879.0,2026-02-18 11:39:55.030
1771432795083,879.0,2026-02-18 11:39:55.083
1771432795132,880.0,2026-02-18 11:39:55.132
1771432795185,880.0,2026-02-18 11:39:55.185
1771432795235,880.0,2026-02-18 11:39:55.235
1771432795284,881.0,2026-02-18 11:39:55.284
1771432795335,880.0,2026-02-18 11:39:55.335
1771432795382,881.0,2026-02-18 11:39:55.382
1771432795435,881.0,2026-02-18 11:39:55.435
1771432795485,881.0,2026-02-18 11:39:55.485
1771432795533,881.0,2026-02-18 11:39:55.533
1771432795583,881.0,2026-02-18 11:39:55.583
1771432795636,881.0,2026-02-18 11:39:55.636
1771432795685,881.0,2026-02-18 11:39:55.685
1771432795734,881.0,2026-02-18 11:39:55.734
1771432795787,881.0,2026-02-18 11:39:55.787
1771432795837,881.0,2026-02-18 11:39:55.837
1771432795886,880.0,2026-02-18 11:39:55.886
1771432795935,880.0,2026-02-18 11:39:55.935
1771432795988,880.0,2026-02-18 11:39:55.988
1771432796037,880.0,2026-02-18 11:39:56.037
1771432796086,879.0,2026-02-18 11:39:56.086
1771432796140,879.0,2026-02-18 11:39:56.140
1771432796189,879.0,2026-02-18 11:39:56.189
1771432796238,878.0,2026-02-18 11:39:56.238
1771432796287,878.0,2026-02-18 11:39:56.287
1771432796340,878.0,2026-02-18 11:39:56.340
1771432796389,877.0,2026-02-18 11:39:56.389
1771432796439,877.0,2026-02-18 11:39:56.439
1771432796493,877.0,2026-02-18 11:39:56.493
1771432796541,877.0,2026-02-18 11:39:56.541
1771432796590,878.0,2026-02-18 11:39:56.590
1771432796639,877.0,2026-02-18 11:39:56.639
1771432796693,878.0,2026-02-18 11:39:56.693
1771432796742,878.0,2026-02-18 11:39:56.742
1771432796791,878.0,2026-02-18 11:39:56.791
1771432796840,878.0,2026-02-18 11:39:56.840
1771432796893,878.0,2026-02-18 11:39:56.893
1771432796943,878.0,2026-02-18 11:39:56.943
1771432796992,878.0,2026-02-18 11:39:56.992
1771432797045,878.0,2026-02-18 11:39:57.045
1771432797094,878.0,2026-02-18 11:39:57.094
1771432797143,878.0,2026-02-18 11:39:57.143
1771432797193,878.0,2026-02-18 11:39:57.193
1771432797246,878.0,2026-02-18 11:39:57.246
1771432797295,878.0,2026-02-18 11:39:57.295
1771432797344,878.0,2026-02-18 11:39:57.344
1771432797397,879.0,2026-02-18 11:39:57.397
1771432797446,878.0,2026-02-18 11:39:57.446
1771432797495,879.0,2026-02-18 11:39:57.495
1771432797545,879.0,2026-02-18 11:39:57.545
1771432797598,879.0,2026-02-18 11:39:57.598
1771432797647,879.0,2026-02-18 11:39:57.647
1771432797696,879.0,2026-02-18 11:39:57.696
1771432797750,880.0,2026-02-18 11:39:57.750
1771432797799,880.0,2026-02-18 11:39:57.799
1771432797848,880.0,2026-02-18 11:39:57.848
1771432797897,881.0,2026-02-18 11:39:57.897
1771432797950,881.0,2026-02-18 11:39:57.950
1771432797999,881.0,2026-02-18 11:39:57.999
1771432798048,881.0,2026-02-18 11:39:58.048
1771432798098,881.0,2026-02-18 11:39:58.098
1771432798151,881.0,2026-02-18 11:39:58.151
1771432798201,881.0,2026-02-18 11:39:58.201
1771432798249,881.0,2026-02-18 11:39:58.249
1771432798302,881.0,2026-02-18 11:39:58.302
1771432798351,881.0,2026-02-18 11:39:58.351
1771432798401,881.0,2026-02-18 11:39:58.401
1771432798457,881.0,2026-02-18 11:39:58.457
1771432798503,880.0,2026-02-18 11:39:58.503
1771432798552,880.0,2026-02-18 11:39:58.552
1771432798601,880.0,2026-02-18 11:39:58.601
1771432798654,880.0,2026-02-18 11:39:58.654
1771432798704,879.0,2026-02-18 11:39:58.704
1771432798753,879.0,2026-02-18 11:39:58.753
1771432798802,879.0,2026-02-18 11:39:58.802
1771432798855,878.0,2026-02-18 11:39:58.855
1771432798904,878.0,2026-02-18 11:39:58.904
1771432798958,878.0,2026-02-18 11:39:58.958
1771432799007,878.0,2026-02-18 11:39:59.007
1771432799056,877.0,2026-02-18 11:39:59.056
1771432799105,877.0,2026-02-18 11:39:59.105
1771432799155,878.0,2026-02-18 11:39:59.155
1771432799207,878.0,2026-02-18 11:39:59.207
1771432799258,878.0,2026-02-18 11:39:59.258
1771432799306,878.0,2026-02-18 11:39:59.306
1771432799359,878.0,2026-02-18 11:39:59.359
1771432799408,878.0,2026-02-18 11:39:59.408
1771432799457,878.0,2026-02-18 11:39:59.457
1771432799507,878.0,2026-02-18 11:39:59.507
1771432799560,878.0,2026-02-18 11:39:59.560
1771432799609,878.0,2026-02-18 11:39:59.609
1771432799658,878.0,2026-02-18 11:39:59.658
1771432799707,878.0,2026-02-18 11:39:59.707
1771432799760,878.0,2026-02-18 11:39:59.760
1771432799810,878.0,2026-02-18 11:39:59.810
1771432799859,878.0,2026-02-18 11:39:59.859
1771432799912,878.0,2026-02-18 11:39:59.912
1771432799961,878.0,2026-02-18 11:39:59.961
1771432800013,878.0,2026-02-18 11:40:00.013
1771432800060,879.0,2026-02-18 11:40:00.060
1771432800113,879.0,2026-02-18 11:40:00.113
1771432800162,879.0,2026-02-18 11:40:00.162
1771432800211,879.0,2026-02-18 11:40:00.211
1771432800264,879.0,2026-02-18 11:40:00.264
1771432800313,880.0,2026-02-18 11:40:00.313
1771432800362,880.0,2026-02-18 11:40:00.362
1771432800412,880.0,2026-02-18 11:40:00.412
1771432800465,880.0,2026-02-18 11:40:00.465
1771432800514,881.0,2026-02-18 11:40:00.514
1771432800563,881.0,2026-02-18 11:40:00.563
1771432800619,881.0,2026-02-18 11:40:00.619
1771432800667,881.0,2026-02-18 11:40:00.667
1771432800715,881.0,2026-02-18 11:40:00.715
1771432800765,881.0,2026-02-18 11:40:00.765
1771432800817,881.0,2026-02-18 11:40:00.817
1771432800866,881.0,2026-02-18 11:40:00.866
1771432800915,881.0,2026-02-18 11:40:00.915
1771432800965,881.0,2026-02-18 11:40:00.965
1771432801018,881.0,2026-02-18 11:40:01.018
1771432801067,880.0,2026-02-18 11:40:01.067
1771432801119,880.0,2026-02-18 11:40:01.119
1771432801169,880.0,2026-02-18 11:40:01.169
1771432801219,880.0,2026-02-18 11:40:01.219
1771432801268,880.0,2026-02-18 11:40:01.268
1771432801317,879.0,2026-02-18 11:40:01.317
1771432801370,879.0,2026-02-18 11:40:01.370
1771432801419,879.0,2026-02-18 11:40:01.419
1771432801468,878.0,2026-02-18 11:40:01.468
1771432801522,878.0,2026-02-18 11:40:01.522
1771432801571,877.0,2026-02-18 11:40:01.571
1771432801620,877.0,2026-02-18 11:40:01.620
1771432801669,878.0,2026-02-18 11:40:01.669
1771432801722,878.0,2026-02-18 11:40:01.722
1771432801771,877.0,2026-02-18 11:40:01.771
1771432801821,877.0,2026-02-18 11:40:01.821
1771432801874,877.0,2026-02-18 11:40:01.874
1771432801924,878.0,2026-02-18 11:40:01.924
1771432801972,878.0,2026-02-18 11:40:01.972
1771432802021,878.0,2026-02-18 11:40:02.021
1771432802074,878.0,2026-02-18 11:40:02.074
1771432802124,878.0,2026-02-18 11:40:02.124
1771432802174,878.0,2026-02-18 11:40:02.174
1771432802222,878.0,2026-02-18 11:40:02.222
1771432802275,878.0,2026-02-18 11:40:02.275
1771432802324,878.0,2026-02-18 11:40:02.324
1771432802374,878.0,2026-02-18 11:40:02.374
1771432802427,878.0,2026-02-18 11:40:02.427
1771432802476,878.0,2026-02-18 11:40:02.476
1771432802525,878.0,2026-02-18 11:40:02.525
1771432802574,878.0,2026-02-18 11:40:02.574
1771432802627,878.0,2026-02-18 11:40:02.627
1771432802677,878.0,2026-02-18 11:40:02.677
1771432802726,878.0,2026-02-18 11:40:02.726
1771432802780,878.0,2026-02-18 11:40:02.780
1771432802828,879.0,2026-02-18 11:40:02.828
1771432802877,879.0,2026-02-18 11:40:02.877
1771432802927,879.0,2026-02-18 11:40:02.927
1771432802980,879.0,2026-02-18 11:40:02.980
1771432803029,880.0,2026-02-18 11:40:03.029
1771432803078,880.0,2026-02-18 11:40:03.078
1771432803131,880.0,2026-02-18 11:40:03.131
1771432803180,880.0,2026-02-18 11:40:03.180
1771432803230,881.0,2026-02-18 11:40:03.230
1771432803279,881.0,2026-02-18 11:40:03.279
1771432803332,881.0,2026-02-18 11:40:03.332
1771432803382,881.0,2026-02-18 11:40:03.382
1771432803430,881.0,2026-02-18 11:40:03.430
1771432803479,881.0,2026-02-18 11:40:03.479
1771432803533,880.0,2026-02-18 11:40:03.533
1771432803582,880.0,2026-02-18 11:40:03.582
1771432803631,880.0,2026-02-18 11:40:03.631
1771432803684,881.0,2026-02-18 11:40:03.684
1771432803734,880.0,2026-02-18 11:40:03.734
1771432803782,880.0,2026-02-18 11:40:03.782
1771432803832,880.0,2026-02-18 11:40:03.832
1771432803885,879.0,2026-02-18 11:40:03.885
1771432803934,879.0,2026-02-18 11:40:03.934
1771432803983,879.0,2026-02-18 11:40:03.983
1771432804036,878.0,2026-02-18 11:40:04.036
1771432804086,878.0,2026-02-18 11:40:04.086
1771432804135,878.0,2026-02-18 11:40:04.135
1771432804184,877.0,2026-02-18 11:40:04.184
1771432804237,877.0,2026-02-18 11:40:04.237
1771432804286,877.0,2026-02-18 11:40:04.286
1771432804335,877.0,2026-02-18 11:40:04.335
1771432804389,877.0,2026-02-18 11:40:04.389
1771432804438,877.0,2026-02-18 11:40:04.438
1771432804487,877.0,2026-02-18 11:40:04.487
1771432804536,877.0,2026-02-18 11:40:04.536
1771432804589,877.0,2026-02-18 11:40:04.589
1771432804638,877.0,2026-02-18 11:40:04.638
1771432804688,877.0,2026-02-18 11:40:04.688
1771432804737,877.0,2026-02-18 11:40:04.737
1771432804790,877.0,2026-02-18 11:40:04.790
1771432804839,877.0,2026-02-18 11:40:04.839
1771432804888,877.0,2026-02-18 11:40:04.888
1771432804943,877.0,2026-02-18 11:40:04.943
1771432804991,877.0,2026-02-18 11:40:04.991
1771432805040,877.0,2026-02-18 11:40:05.040
1771432805089,877.0,2026-02-18 11:40:05.089
1771432805142,877.0,2026-02-18 11:40:05.142
1771432805191,878.0,2026-02-18 11:40:05.191
1771432805241,878.0,2026-02-18 11:40:05.241
1771432805294,878.0,2026-02-18 11:40:05.294
1771432805343,878.0,2026-02-18 11:40:05.343
1771432805392,878.0,2026-02-18 11:40:05.392
1771432805442,878.0,2026-02-18 11:40:05.442
1771432805495,878.0,2026-02-18 11:40:05.495
1771432805544,878.0,2026-02-18 11:40:05.544
1771432805593,878.0,2026-02-18 11:40:05.593
1771432805646,879.0,2026-02-18 11:40:05.646
1771432805708,879.0,2026-02-18 11:40:05.708
1771432805745,880.0,2026-02-18 11:40:05.745
1771432805798,880.0,2026-02-18 11:40:05.798
1771432805847,880.0,2026-02-18 11:40:05.847
1771432805896,880.0,2026-02-18 11:40:05.896
1771432805945,880.0,2026-02-18 11:40:05.945
1771432805994,880.0,2026-02-18 11:40:05.994
1771432806047,880.0,2026-02-18 11:40:06.047
1771432806097,880.0,2026-02-18 11:40:06.097
1771432806146,880.0,2026-02-18 11:40:06.146
1771432806199,880.0,2026-02-18 11:40:06.199
1771432806249,880.0,2026-02-18 11:40:06.249
1771432806297,880.0,2026-02-18 11:40:06.297
1771432806346,880.0,2026-02-18 11:40:06.346
1771432806401,880.0,2026-02-18 11:40:06.401
1771432806449,879.0,2026-02-18 11:40:06.449
1771432806498,879.0,2026-02-18 11:40:06.498
1771432806551,879.0,2026-02-18 11:40:06.551
1771432806603,878.0,2026-02-18 11:40:06.603
1771432806653,878.0,2026-02-18 11:40:06.653
1771432806703,878.0,2026-02-18 11:40:06.703
1771432806753,878.0,2026-02-18 11:40:06.753
1771432806801,877.0,2026-02-18 11:40:06.801
1771432806851,877.0,2026-02-18 11:40:06.851
1771432806903,877.0,2026-02-18 11:40:06.903
1771432806953,876.0,2026-02-18 11:40:06.953
1771432807002,876.0,2026-02-18 11:40:07.002
1771432807051,876.0,2026-02-18 11:40:07.051
1771432807104,876.0,2026-02-18 11:40:07.104
1771432807153,876.0,2026-02-18 11:40:07.153
1771432807202,876.0,2026-02-18 11:40:07.202
1771432807252,876.0,2026-02-18 11:40:07.252
1771432807305,876.0,2026-02-18 11:40:07.305
1771432807354,876.0,2026-02-18 11:40:07.354
1771432807403,876.0,2026-02-18 11:40:07.403
1771432807456,876.0,2026-02-18 11:40:07.456
1771432807505,877.0,2026-02-18 11:40:07.505
1771432807555,876.0,2026-02-18 11:40:07.555
1771432807604,877.0,2026-02-18 11:40:07.604
1771432807657,877.0,2026-02-18 11:40:07.657
1771432807706,877.0,2026-02-18 11:40:07.706
1771432807755,877.0,2026-02-18 11:40:07.755
1771432807809,877.0,2026-02-18 11:40:07.809
1771432807858,877.0,2026-02-18 11:40:07.858
1771432807907,877.0,2026-02-18 11:40:07.907
1771432807956,877.0,2026-02-18 11:40:07.956
1771432808010,877.0,2026-02-18 11:40:08.010
1771432808058,877.0,2026-02-18 11:40:08.058
1771432808108,877.0,2026-02-18 11:40:08.108
1771432808161,877.0,2026-02-18 11:40:08.161
1771432808210,878.0,2026-02-18 11:40:08.210
1771432808259,878.0,2026-02-18 11:40:08.259
1771432808308,878.0,2026-02-18 11:40:08.308
1771432808362,878.0,2026-02-18 11:40:08.362
1771432808411,879.0,2026-02-18 11:40:08.411
1771432808460,879.0,2026-02-18 11:40:08.460
1771432808509,879.0,2026-02-18 11:40:08.509
1771432808562,879.0,2026-02-18 11:40:08.562
1771432808612,879.0,2026-02-18 11:40:08.612
1771432808661,879.0,2026-02-18 11:40:08.661
1771432808714,879.0,2026-02-18 11:40:08.714
1771432808763,879.0,2026-02-18 11:40:08.763
1771432808812,879.0,2026-02-18 11:40:08.812
1771432808862,879.0,2026-02-18 11:40:08.862
1771432808914,879.0,2026-02-18 11:40:08.914
1771432808964,879.0,2026-02-18 11:40:08.964
1771432809013,879.0,2026-02-18 11:40:09.013
1771432809066,879.0,2026-02-18 11:40:09.066
1771432809118,878.0,2026-02-18 11:40:09.118
1771432809164,878.0,2026-02-18 11:40:09.164
1771432809214,878.0,2026-02-18 11:40:09.214
1771432809268,877.0,2026-02-18 11:40:09.268
1771432809316,877.0,2026-02-18 11:40:09.316
1771432809367,877.0,2026-02-18 11:40:09.367
1771432809418,876.0,2026-02-18 11:40:09.418
1771432809469,876.0,2026-02-18 11:40:09.469
1771432809518,876.0,2026-02-18 11:40:09.518
1771432809569,876.0,2026-02-18 11:40:09.569
1771432809619,876.0,2026-02-18 11:40:09.619
1771432809669,875.0,2026-02-18 11:40:09.669
1771432809718,876.0,2026-02-18 11:40:09.718
1771432809771,876.0,2026-02-18 11:40:09.771
1771432809820,876.0,2026-02-18 11:40:09.820
1771432809869,876.0,2026-02-18 11:40:09.869
1771432809918,876.0,2026-02-18 11:40:09.918
1771432809971,876.0,2026-02-18 11:40:09.971
1771432810020,876.0,2026-02-18 11:40:10.020
1771432810070,876.0,2026-02-18 11:40:10.070
1771432810119,876.0,2026-02-18 11:40:10.119
1771432810172,876.0,2026-02-18 11:40:10.172
1771432810221,876.0,2026-02-18 11:40:10.221
1771432810270,876.0,2026-02-18 11:40:10.270
1771432810323,876.0,2026-02-18 11:40:10.323
1771432810373,876.0,2026-02-18 11:40:10.373
1771432810422,876.0,2026-02-18 11:40:10.422
1771432810471,876.0,2026-02-18 11:40:10.471
1771432810526,876.0,2026-02-18 11:40:10.526
1771432810573,876.0,2026-02-18 11:40:10.573
1771432810623,876.0,2026-02-18 11:40:10.623
1771432810676,876.0,2026-02-18 11:40:10.676
1771432810725,876.0,2026-02-18 11:40:10.725
1771432810774,877.0,2026-02-18 11:40:10.774
1771432810825,877.0,2026-02-18 11:40:10.825
1771432810876,877.0,2026-02-18 11:40:10.876
1771432810926,877.0,2026-02-18 11:40:10.926
1771432810975,877.0,2026-02-18 11:40:10.975
1771432811028,878.0,2026-02-18 11:40:11.028
1771432811077,878.0,2026-02-18 11:40:11.077
1771432811127,878.0,2026-02-18 11:40:11.127
1771432811176,879.0,2026-02-18 11:40:11.176
1771432811229,879.0,2026-02-18 11:40:11.229
1771432811278,879.0,2026-02-18 11:40:11.278
1771432811327,879.0,2026-02-18 11:40:11.327
1771432811376,879.0,2026-02-18 11:40:11.376
1771432811429,879.0,2026-02-18 11:40:11.429
1771432811478,879.0,2026-02-18 11:40:11.478
1771432811528,879.0,2026-02-18 11:40:11.528
1771432811581,879.0,2026-02-18 11:40:11.581
1771432811630,879.0,2026-02-18 11:40:11.630
1771432811679,878.0,2026-02-18 11:40:11.679
1771432811728,878.0,2026-02-18 11:40:11.728
1771432811783,878.0,2026-02-18 11:40:11.783
1771432811831,878.0,2026-02-18 11:40:11.831
1771432811880,877.0,2026-02-18 11:40:11.880
1771432811933,877.0,2026-02-18 11:40:11.933
1771432811982,877.0,2026-02-18 11:40:11.982
1771432812031,876.0,2026-02-18 11:40:12.031
1771432812081,876.0,2026-02-18 11:40:12.081
1771432812134,876.0,2026-02-18 11:40:12.134
1771432812183,876.0,2026-02-18 11:40:12.183
1771432812233,875.0,2026-02-18 11:40:12.233
1771432812285,875.0,2026-02-18 11:40:12.285
1771432812335,875.0,2026-02-18 11:40:12.335
1771432812384,875.0,2026-02-18 11:40:12.384
1771432812437,876.0,2026-02-18 11:40:12.437
1771432812486,876.0,2026-02-18 11:40:12.486
1771432812535,875.0,2026-02-18 11:40:12.535
1771432812585,876.0,2026-02-18 11:40:12.585
1771432812634,875.0,2026-02-18 11:40:12.634
1771432812687,876.0,2026-02-18 11:40:12.687
1771432812736,876.0,2026-02-18 11:40:12.736
1771432812785,876.0,2026-02-18 11:40:12.785
1771432812838,876.0,2026-02-18 11:40:12.838
1771432812887,876.0,2026-02-18 11:40:12.887
1771432812937,876.0,2026-02-18 11:40:12.937
1771432812986,876.0,2026-02-18 11:40:12.986
1771432813039,876.0,2026-02-18 11:40:13.039
1771432813088,876.0,2026-02-18 11:40:13.088
1771432813137,876.0,2026-02-18 11:40:13.137
1771432813191,876.0,2026-02-18 11:40:13.191
1771432813240,876.0,2026-02-18 11:40:13.240
1771432813289,876.0,2026-02-18 11:40:13.289
1771432813338,876.0,2026-02-18 11:40:13.338
1771432813391,877.0,2026-02-18 11:40:13.391
1771432813441,877.0,2026-02-18 11:40:13.441
1771432813490,877.0,2026-02-18 11:40:13.490
1771432813543,877.0,2026-02-18 11:40:13.543
1771432813592,878.0,2026-02-18 11:40:13.592
1771432813642,878.0,2026-02-18 11:40:13.642
1771432813690,878.0,2026-02-18 11:40:13.690
1771432813743,878.0,2026-02-18 11:40:13.743
1771432813793,879.0,2026-02-18 11:40:13.793
1771432813842,879.0,2026-02-18 11:40:13.842
1771432813891,879.0,2026-02-18 11:40:13.891
1771432813944,879.0,2026-02-18 11:40:13.944
1771432813993,879.0,2026-02-18 11:40:13.993
1771432814043,879.0,2026-02-18 11:40:14.043
1771432814096,879.0,2026-02-18 11:40:14.096
1771432814145,879.0,2026-02-18 11:40:14.145
1771432814194,879.0,2026-02-18 11:40:14.194
1771432814243,878.0,2026-02-18 11:40:14.243
1771432814296,878.0,2026-02-18 11:40:14.296
1771432814346,878.0,2026-02-18 11:40:14.346
1771432814395,878.0,2026-02-18 11:40:14.395
1771432814448,877.0,2026-02-18 11:40:14.448
1771432814497,877.0,2026-02-18 11:40:14.497
1771432814549,877.0,2026-02-18 11:40:14.549
1771432814595,876.0,2026-02-18 11:40:14.595
1771432814649,876.0,2026-02-18 11:40:14.649
1771432814698,876.0,2026-02-18 11:40:14.698
1771432814747,875.0,2026-02-18 11:40:14.747
1771432814800,875.0,2026-02-18 11:40:14.800
1771432814849,875.0,2026-02-18 11:40:14.849
1771432814899,875.0,2026-02-18 11:40:14.899
1771432814948,875.0,2026-02-18 11:40:14.948
1771432815001,875.0,2026-02-18 11:40:15.001
1771432815050,875.0,2026-02-18 11:40:15.050
1771432815099,875.0,2026-02-18 11:40:15.099
1771432815150,875.0,2026-02-18 11:40:15.150
1771432815202,875.0,2026-02-18 11:40:15.202
1771432815251,875.0,2026-02-18 11:40:15.251
1771432815300,875.0,2026-02-18 11:40:15.300
1771432815353,875.0,2026-02-18 11:40:15.353
1771432815402,875.0,2026-02-18 11:40:15.402
1771432815452,875.0,2026-02-18 11:40:15.452
1771432815501,875.0,2026-02-18 11:40:15.501
1771432815554,875.0,2026-02-18 11:40:15.554
1771432815603,876.0,2026-02-18 11:40:15.603
1771432815652,876.0,2026-02-18 11:40:15.652
1771432815705,876.0,2026-02-18 11:40:15.705
1771432815755,876.0,2026-02-18 11:40:15.755
1771432815804,876.0,2026-02-18 11:40:15.804
1771432815853,876.0,2026-02-18 11:40:15.853
1771432815906,876.0,2026-02-18 11:40:15.906
1771432815955,876.0,2026-02-18 11:40:15.955
1771432816004,876.0,2026-02-18 11:40:16.004
1771432816058,876.0,2026-02-18 11:40:16.058
1771432816107,877.0,2026-02-18 11:40:16.107
1771432816156,877.0,2026-02-18 11:40:16.156
1771432816205,877.0,2026-02-18 11:40:16.205
1771432816258,878.0,2026-02-18 11:40:16.258
1771432816308,878.0,2026-02-18 11:40:16.308
1771432816357,878.0,2026-02-18 11:40:16.357
1771432816406,878.0,2026-02-18 11:40:16.406
1771432816459,878.0,2026-02-18 11:40:16.459
1771432816509,878.0,2026-02-18 11:40:16.509
1771432816559,878.0,2026-02-18 11:40:16.559
1771432816611,879.0,2026-02-18 11:40:16.611
1771432816660,878.0,2026-02-18 11:40:16.660
1771432816709,878.0,2026-02-18 11:40:16.709
1771432816758,878.0,2026-02-18 11:40:16.758
1771432816811,878.0,2026-02-18 11:40:16.811
1771432816860,878.0,2026-02-18 11:40:16.860
1771432816910,878.0,2026-02-18 11:40:16.910
1771432816963,878.0,2026-02-18 11:40:16.963
1771432817012,877.0,2026-02-18 11:40:17.012
1771432817063,877.0,2026-02-18 11:40:17.063
1771432817110,877.0,2026-02-18 11:40:17.110
1771432817163,877.0,2026-02-18 11:40:17.163
1771432817213,876.0,2026-02-18 11:40:17.213
1771432817262,876.0,2026-02-18 11:40:17.262
1771432817315,876.0,2026-02-18 11:40:17.315
1771432817364,875.0,2026-02-18 11:40:17.364
1771432817413,875.0,2026-02-18 11:40:17.413
1771432817463,875.0,2026-02-18 11:40:17.463
1771432817518,875.0,2026-02-18 11:40:17.518
1771432817565,875.0,2026-02-18 11:40:17.565
1771432817614,875.0,2026-02-18 11:40:17.614
1771432817663,875.0,2026-02-18 11:40:17.663
1771432817716,875.0,2026-02-18 11:40:17.716
1771432817766,875.0,2026-02-18 11:40:17.766
1771432817816,875.0,2026-02-18 11:40:17.816
1771432817868,875.0,2026-02-18 11:40:17.868
1771432817917,875.0,2026-02-18 11:40:17.917
1771432817966,875.0,2026-02-18 11:40:17.966
1771432818015,875.0,2026-02-18 11:40:18.015
1771432818069,876.0,2026-02-18 11:40:18.069
1771432818118,876.0,2026-02-18 11:40:18.118
1771432818167,876.0,2026-02-18 11:40:18.167
1771432818220,876.0,2026-02-18 11:40:18.220
1771432818269,876.0,2026-02-18 11:40:18.269
1771432818318,876.0,2026-02-18 11:40:18.318
1771432818368,876.0,2026-02-18 11:40:18.368
1771432818421,876.0,2026-02-18 11:40:18.421
1771432818471,876.0,2026-02-18 11:40:18.471
1771432818520,876.0,2026-02-18 11:40:18.520
1771432818572,876.0,2026-02-18 11:40:18.572
1771432818622,876.0,2026-02-18 11:40:18.622
1771432818671,877.0,2026-02-18 11:40:18.671
1771432818720,877.0,2026-02-18 11:40:18.720
1771432818773,877.0,2026-02-18 11:40:18.773
1771432818822,878.0,2026-02-18 11:40:18.822
1771432818872,878.0,2026-02-18 11:40:18.872
1771432818921,878.0,2026-02-18 11:40:18.921
1771432818974,879.0,2026-02-18 11:40:18.974
1771432819023,878.0,2026-02-18 11:40:19.023
1771432819072,879.0,2026-02-18 11:40:19.072
1771432819126,879.0,2026-02-18 11:40:19.126
1771432819175,879.0,2026-02-18 11:40:19.175
1771432819224,879.0,2026-02-18 11:40:19.224
1771432819273,879.0,2026-02-18 11:40:19.273
1771432819326,879.0,2026-02-18 11:40:19.326
1771432819375,879.0,2026-02-18 11:40:19.375
1771432819424,879.0,2026-02-18 11:40:19.424
1771432819478,879.0,2026-02-18 11:40:19.478
1771432819527,878.0,2026-02-18 11:40:19.527
1771432819576,878.0,2026-02-18 11:40:19.576
1771432819626,878.0,2026-02-18 11:40:19.626
1771432819678,878.0,2026-02-18 11:40:19.678
1771432819728,877.0,2026-02-18 11:40:19.728
1771432819777,877.0,2026-02-18 11:40:19.777
1771432819830,877.0,2026-02-18 11:40:19.830
1771432819879,876.0,2026-02-18 11:40:19.879
1771432819928,876.0,2026-02-18 11:40:19.928
1771432819977,876.0,2026-02-18 11:40:19.977
1771432820033,876.0,2026-02-18 11:40:20.033
1771432820080,875.0,2026-02-18 11:40:20.080
1771432820129,875.0,2026-02-18 11:40:20.129
1771432820178,875.0,2026-02-18 11:40:20.178
1771432820231,876.0,2026-02-18 11:40:20.231
1771432820281,876.0,2026-02-18 11:40:20.281
1771432820330,876.0,2026-02-18 11:40:20.330
1771432820383,876.0,2026-02-18 11:40:20.383
1771432820432,876.0,2026-02-18 11:40:20.432
1771432820481,876.0,2026-02-18 11:40:20.481
1771432820530,876.0,2026-02-18 11:40:20.530
1771432820583,876.0,2026-02-18 11:40:20.583
1771432820633,876.0,2026-02-18 11:40:20.633
1771432820682,876.0,2026-02-18 11:40:20.682
1771432820736,876.0,2026-02-18 11:40:20.736
1771432820784,876.0,2026-02-18 11:40:20.784
1771432820833,876.0,2026-02-18 11:40:20.833
1771432820882,876.0,2026-02-18 11:40:20.882
1771432820936,876.0,2026-02-18 11:40:20.936
1771432820992,876.0,2026-02-18 11:40:20.992
1771432821034,876.0,2026-02-18 11:40:21.034
1771432821087,876.0,2026-02-18 11:40:21.087
1771432821136,876.0,2026-02-18 11:40:21.136
1771432821186,877.0,2026-02-18 11:40:21.186
1771432821235,877.0,2026-02-18 11:40:21.235
1771432821288,877.0,2026-02-18 11:40:21.288
1771432821337,877.0,2026-02-18 11:40:21.337
1771432821386,878.0,2026-02-18 11:40:21.386
1771432821435,878.0,2026-02-18 11:40:21.435
1771432821489,878.0,2026-02-18 11:40:21.489
1771432821538,878.0,2026-02-18 11:40:21.538
1771432821590,879.0,2026-02-18 11:40:21.590
1771432821640,879.0,2026-02-18 11:40:21.640
1771432821689,879.0,2026-02-18 11:40:21.689
1771432821738,879.0,2026-02-18 11:40:21.738
1771432821788,879.0,2026-02-18 11:40:21.788
1771432821841,879.0,2026-02-18 11:40:21.841
1771432821890,879.0,2026-02-18 11:40:21.890
1771432821939,879.0,2026-02-18 11:40:21.939
1771432821993,879.0,2026-02-18 11:40:21.993
1771432822042,878.0,2026-02-18 11:40:22.042
1771432822091,878.0,2026-02-18 11:40:22.091
1771432822140,878.0,2026-02-18 11:40:22.140
1771432822193,878.0,2026-02-18 11:40:22.193
1771432822243,877.0,2026-02-18 11:40:22.243
1771432822293,877.0,2026-02-18 11:40:22.293
1771432822345,877.0,2026-02-18 11:40:22.345
1771432822394,877.0,2026-02-18 11:40:22.394
1771432822443,876.0,2026-02-18 11:40:22.443
1771432822493,876.0,2026-02-18 11:40:22.493
1771432822545,876.0,2026-02-18 11:40:22.545
1771432822595,875.0,2026-02-18 11:40:22.595
1771432822644,875.0,2026-02-18 11:40:22.644
1771432822697,875.0,2026-02-18 11:40:22.697
1771432822746,875.0,2026-02-18 11:40:22.746
1771432822795,875.0,2026-02-18 11:40:22.795
1771432822844,875.0,2026-02-18 11:40:22.844
1771432822898,875.0,2026-02-18 11:40:22.898
1771432822947,875.0,2026-02-18 11:40:22.947
1771432822996,875.0,2026-02-18 11:40:22.996
1771432823045,875.0,2026-02-18 11:40:23.045
1771432823098,875.0,2026-02-18 11:40:23.098
1771432823147,875.0,2026-02-18 11:40:23.147
1771432823197,875.0,2026-02-18 11:40:23.197
1771432823250,875.0,2026-02-18 11:40:23.250
1771432823299,876.0,2026-02-18 11:40:23.299
1771432823348,875.0,2026-02-18 11:40:23.348
1771432823398,876.0,2026-02-18 11:40:23.398
1771432823451,875.0,2026-02-18 11:40:23.451
1771432823500,876.0,2026-02-18 11:40:23.500
1771432823549,876.0,2026-02-18 11:40:23.549
1771432823602,876.0,2026-02-18 11:40:23.602
1771432823652,876.0,2026-02-18 11:40:23.652
1771432823700,876.0,2026-02-18 11:40:23.700
1771432823750,876.0,2026-02-18 11:40:23.750
1771432823803,876.0,2026-02-18 11:40:23.803
1771432823852,876.0,2026-02-18 11:40:23.852
1771432823901,876.0,2026-02-18 11:40:23.901
1771432823954,877.0,2026-02-18 11:40:23.954
1771432824011,877.0,2026-02-18 11:40:24.011
1771432824053,877.0,2026-02-18 11:40:24.053
1771432824102,877.0,2026-02-18 11:40:24.102
1771432824155,878.0,2026-02-18 11:40:24.155
1771432824204,878.0,2026-02-18 11:40:24.204
1771432824254,878.0,2026-02-18 11:40:24.254
1771432824303,879.0,2026-02-18 11:40:24.303
1771432824356,878.0,2026-02-18 11:40:24.356
1771432824405,878.0,2026-02-18 11:40:24.405
1771432824454,878.0,2026-02-18 11:40:24.454
1771432824507,878.0,2026-02-18 11:40:24.507
1771432824557,878.0,2026-02-18 11:40:24.557
1771432824608,878.0,2026-02-18 11:40:24.608
1771432824655,878.0,2026-02-18 11:40:24.655
1771432824708,878.0,2026-02-18 11:40:24.708
1771432824759,878.0,2026-02-18 11:40:24.759
1771432824806,877.0,2026-02-18 11:40:24.806
1771432824860,877.0,2026-02-18 11:40:24.860
1771432824909,877.0,2026-02-18 11:40:24.909
1771432824958,876.0,2026-02-18 11:40:24.958
1771432825007,876.0,2026-02-18 11:40:25.007
1771432825060,876.0,2026-02-18 11:40:25.060
1771432825109,875.0,2026-02-18 11:40:25.109
1771432825159,875.0,2026-02-18 11:40:25.159
1771432825212,875.0,2026-02-18 11:40:25.212
1771432825261,874.0,2026-02-18 11:40:25.261
1771432825310,875.0,2026-02-18 11:40:25.310
1771432825359,874.0,2026-02-18 11:40:25.359
1771432825412,875.0,2026-02-18 11:40:25.412
1771432825462,874.0,2026-02-18 11:40:25.462
1771432825513,874.0,2026-02-18 11:40:25.513
1771432825560,875.0,2026-02-18 11:40:25.560
1771432825613,874.0,2026-02-18 11:40:25.613
1771432825662,874.0,2026-02-18 11:40:25.662
1771432825712,874.0,2026-02-18 11:40:25.712
1771432825765,874.0,2026-02-18 11:40:25.765
1771432825814,874.0,2026-02-18 11:40:25.814
1771432825863,875.0,2026-02-18 11:40:25.863
1771432825912,875.0,2026-02-18 11:40:25.912
1771432825965,875.0,2026-02-18 11:40:25.965
1771432826015,875.0,2026-02-18 11:40:26.015
1771432826064,875.0,2026-02-18 11:40:26.064
1771432826117,875.0,2026-02-18 11:40:26.117
1771432826166,875.0,2026-02-18 11:40:26.166
1771432826215,875.0,2026-02-18 11:40:26.215
1771432826268,875.0,2026-02-18 11:40:26.268
1771432826318,875.0,2026-02-18 11:40:26.318
1771432826368,875.0,2026-02-18 11:40:26.368
1771432826416,875.0,2026-02-18 11:40:26.416
1771432826469,875.0,2026-02-18 11:40:26.469
1771432826518,876.0,2026-02-18 11:40:26.518
1771432826568,876.0,2026-02-18 11:40:26.568
1771432826618,876.0,2026-02-18 11:40:26.618
1771432826670,877.0,2026-02-18 11:40:26.670
1771432826719,877.0,2026-02-18 11:40:26.719
1771432826768,877.0,2026-02-18 11:40:26.768
1771432826817,877.0,2026-02-18 11:40:26.817
1771432826871,877.0,2026-02-18 11:40:26.871
1771432826920,877.0,2026-02-18 11:40:26.920
1771432826969,877.0,2026-02-18 11:40:26.969
1771432827022,877.0,2026-02-18 11:40:27.022
1771432827071,877.0,2026-02-18 11:40:27.071
1771432827120,877.0,2026-02-18 11:40:27.120
1771432827170,877.0,2026-02-18 11:40:27.170
1771432827223,877.0,2026-02-18 11:40:27.223
1771432827272,877.0,2026-02-18 11:40:27.272
1771432827321,877.0,2026-02-18 11:40:27.321
1771432827374,877.0,2026-02-18 11:40:27.374
1771432827423,876.0,2026-02-18 11:40:27.423
1771432827473,876.0,2026-02-18 11:40:27.473
1771432827522,876.0,2026-02-18 11:40:27.522
1771432827575,875.0,2026-02-18 11:40:27.575
1771432827624,875.0,2026-02-18 11:40:27.624
1771432827673,875.0,2026-02-18 11:40:27.673
1771432827727,874.0,2026-02-18 11:40:27.727
1771432827776,874.0,2026-02-18 11:40:27.776
1771432827825,874.0,2026-02-18 11:40:27.825
1771432827874,874.0,2026-02-18 11:40:27.874
1771432827928,874.0,2026-02-18 11:40:27.928
1771432827977,874.0,2026-02-18 11:40:27.977
1771432828026,874.0,2026-02-18 11:40:28.026
1771432828075,874.0,2026-02-18 11:40:28.075
1771432828128,874.0,2026-02-18 11:40:28.128
1771432828177,874.0,2026-02-18 11:40:28.177
1771432828226,874.0,2026-02-18 11:40:28.226
1771432828280,874.0,2026-02-18 11:40:28.280
1771432828329,874.0,2026-02-18 11:40:28.329
1771432828378,874.0,2026-02-18 11:40:28.378
1771432828427,874.0,2026-02-18 11:40:28.427
1771432828480,874.0,2026-02-18 11:40:28.480
1771432828530,874.0,2026-02-18 11:40:28.530
1771432828579,874.0,2026-02-18 11:40:28.579
1771432828632,874.0,2026-02-18 11:40:28.632
1771432828685,874.0,2026-02-18 11:40:28.685
1771432828733,874.0,2026-02-18 11:40:28.733
1771432828779,874.0,2026-02-18 11:40:28.779
1771432828833,874.0,2026-02-18 11:40:28.833
1771432828882,874.0,2026-02-18 11:40:28.882
1771432828931,874.0,2026-02-18 11:40:28.931
1771432828984,874.0,2026-02-18 11:40:28.984
1771432829037,875.0,2026-02-18 11:40:29.037
1771432829082,875.0,2026-02-18 11:40:29.082
1771432829131,875.0,2026-02-18 11:40:29.131
1771432829185,875.0,2026-02-18 11:40:29.185
1771432829237,875.0,2026-02-18 11:40:29.237
1771432829283,876.0,2026-02-18 11:40:29.283
1771432829332,876.0,2026-02-18 11:40:29.332
1771432829386,876.0,2026-02-18 11:40:29.386
1771432829435,876.0,2026-02-18 11:40:29.435
1771432829488,877.0,2026-02-18 11:40:29.488
1771432829537,877.0,2026-02-18 11:40:29.537
1771432829586,877.0,2026-02-18 11:40:29.586
1771432829635,876.0,2026-02-18 11:40:29.635
1771432829684,877.0,2026-02-18 11:40:29.684
1771432829738,877.0,2026-02-18 11:40:29.738
1771432829787,877.0,2026-02-18 11:40:29.787
1771432829836,876.0,2026-02-18 11:40:29.836
1771432829889,876.0,2026-02-18 11:40:29.889
1771432829940,876.0,2026-02-18 11:40:29.940
1771432829988,876.0,2026-02-18 11:40:29.988
1771432830037,876.0,2026-02-18 11:40:30.037
1771432830090,875.0,2026-02-18 11:40:30.090
1771432830139,875.0,2026-02-18 11:40:30.139
1771432830188,875.0,2026-02-18 11:40:30.188
1771432830241,874.0,2026-02-18 11:40:30.241
1771432830291,874.0,2026-02-18 11:40:30.291
1771432830340,874.0,2026-02-18 11:40:30.340
1771432830389,873.0,2026-02-18 11:40:30.389
1771432830442,873.0,2026-02-18 11:40:30.442
1771432830491,873.0,2026-02-18 11:40:30.491
1771432830543,873.0,2026-02-18 11:40:30.543
1771432830590,873.0,2026-02-18 11:40:30.590
1771432830643,873.0,2026-02-18 11:40:30.643
1771432830692,873.0,2026-02-18 11:40:30.692
1771432830741,873.0,2026-02-18 11:40:30.741
1771432830794,873.0,2026-02-18 11:40:30.794
1771432830844,873.0,2026-02-18 11:40:30.844
1771432830893,873.0,2026-02-18 11:40:30.893
1771432830942,873.0,2026-02-18 11:40:30.942
1771432830995,873.0,2026-02-18 11:40:30.995
1771432831044,873.0,2026-02-18 11:40:31.044
1771432831094,873.0,2026-02-18 11:40:31.094
1771432831147,873.0,2026-02-18 11:40:31.147
1771432831196,873.0,2026-02-18 11:40:31.196
1771432831245,874.0,2026-02-18 11:40:31.245
1771432831294,874.0,2026-02-18 11:40:31.294
1771432831347,874.0,2026-02-18 11:40:31.347
1771432831396,874.0,2026-02-18 11:40:31.396
1771432831446,874.0,2026-02-18 11:40:31.446
1771432831499,874.0,2026-02-18 11:40:31.499
1771432831548,874.0,2026-02-18 11:40:31.548
1771432831597,874.0,2026-02-18 11:40:31.597
1771432831646,874.0,2026-02-18 11:40:31.646
1771432831700,874.0,2026-02-18 11:40:31.700
1771432831749,874.0,2026-02-18 11:40:31.749
1771432831798,875.0,2026-02-18 11:40:31.798
1771432831851,875.0,2026-02-18 11:40:31.851
1771432831900,875.0,2026-02-18 11:40:31.900
1771432831949,876.0,2026-02-18 11:40:31.949
1771432831999,876.0,2026-02-18 11:40:31.999
1771432832052,876.0,2026-02-18 11:40:32.052
1771432832101,876.0,2026-02-18 11:40:32.101
1771432832151,876.0,2026-02-18 11:40:32.151
1771432832199,876.0,2026-02-18 11:40:32.199
1771432832253,876.0,2026-02-18 11:40:32.253
1771432832302,876.0,2026-02-18 11:40:32.302
1771432832351,876.0,2026-02-18 11:40:32.351
1771432832404,876.0,2026-02-18 11:40:32.404
1771432832453,876.0,2026-02-18 11:40:32.453
1771432832502,876.0,2026-02-18 11:40:32.502
1771432832551,876.0,2026-02-18 11:40:32.551
1771432832605,875.0,2026-02-18 11:40:32.605
1771432832654,875.0,2026-02-18 11:40:32.654
1771432832703,875.0,2026-02-18 11:40:32.703
1771432832756,875.0,2026-02-18 11:40:32.756
1771432832806,874.0,2026-02-18 11:40:32.806
1771432832855,874.0,2026-02-18 11:40:32.855
1771432832904,874.0,2026-02-18 11:40:32.904
1771432832957,873.0,2026-02-18 11:40:32.957
1771432833013,873.0,2026-02-18 11:40:33.013
1771432833055,873.0,2026-02-18 11:40:33.055
1771432833109,873.0,2026-02-18 11:40:33.109
1771432833158,873.0,2026-02-18 11:40:33.158
1771432833207,873.0,2026-02-18 11:40:33.207
1771432833256,873.0,2026-02-18 11:40:33.256
1771432833309,873.0,2026-02-18 11:40:33.309
1771432833358,873.0,2026-02-18 11:40:33.358
1771432833408,873.0,2026-02-18 11:40:33.408
1771432833457,873.0,2026-02-18 11:40:33.457
1771432833510,873.0,2026-02-18 11:40:33.510
1771432833559,873.0,2026-02-18 11:40:33.559
1771432833608,873.0,2026-02-18 11:40:33.608
1771432833663,873.0,2026-02-18 11:40:33.663
1771432833711,873.0,2026-02-18 11:40:33.711
1771432833760,873.0,2026-02-18 11:40:33.760
1771432833812,873.0,2026-02-18 11:40:33.812
1771432833862,873.0,2026-02-18 11:40:33.862
1771432833911,873.0,2026-02-18 11:40:33.911
1771432833960,873.0,2026-02-18 11:40:33.960
1771432834014,873.0,2026-02-18 11:40:34.014
1771432834063,873.0,2026-02-18 11:40:34.063
1771432834112,873.0,2026-02-18 11:40:34.112
1771432834161,874.0,2026-02-18 11:40:34.161
1771432834217,874.0,2026-02-18 11:40:34.217
1771432834264,874.0,2026-02-18 11:40:34.264
1771432834314,874.0,2026-02-18 11:40:34.314
1771432834366,874.0,2026-02-18 11:40:34.366
1771432834415,874.0,2026-02-18 11:40:34.415
1771432834464,875.0,2026-02-18 11:40:34.464
1771432834513,875.0,2026-02-18 11:40:34.513
1771432834567,875.0,2026-02-18 11:40:34.567
1771432834616,876.0,2026-02-18 11:40:34.616
1771432834665,876.0,2026-02-18 11:40:34.665
1771432834714,876.0,2026-02-18 11:40:34.714
1771432834767,876.0,2026-02-18 11:40:34.767
1771432834816,876.0,2026-02-18 11:40:34.816
1771432834866,876.0,2026-02-18 11:40:34.866
1771432834919,876.0,2026-02-18 11:40:34.919
1771432834968,876.0,2026-02-18 11:40:34.968
1771432835017,876.0,2026-02-18 11:40:35.017
1771432835066,876.0,2026-02-18 11:40:35.066
1771432835120,876.0,2026-02-18 11:40:35.120
1771432835169,875.0,2026-02-18 11:40:35.169
1771432835218,875.0,2026-02-18 11:40:35.218
1771432835271,875.0,2026-02-18 11:40:35.271
1771432835320,875.0,2026-02-18 11:40:35.320
1771432835369,874.0,2026-02-18 11:40:35.369
1771432835419,874.0,2026-02-18 11:40:35.419
1771432835472,874.0,2026-02-18 11:40:35.472
1771432835521,873.0,2026-02-18 11:40:35.521
1771432835570,873.0,2026-02-18 11:40:35.570
1771432835623,873.0,2026-02-18 11:40:35.623
1771432835672,873.0,2026-02-18 11:40:35.672
1771432835722,873.0,2026-02-18 11:40:35.722
1771432835771,873.0,2026-02-18 11:40:35.771
1771432835824,873.0,2026-02-18 11:40:35.824
1771432835873,873.0,2026-02-18 11:40:35.873
1771432835922,873.0,2026-02-18 11:40:35.922
1771432835972,873.0,2026-02-18 11:40:35.972
1771432836025,873.0,2026-02-18 11:40:36.025
1771432836074,873.0,2026-02-18 11:40:36.074
1771432836123,873.0,2026-02-18 11:40:36.123
1771432836176,873.0,2026-02-18 11:40:36.176
1771432836226,873.0,2026-02-18 11:40:36.226
1771432836275,873.0,2026-02-18 11:40:36.275
1771432836324,874.0,2026-02-18 11:40:36.324
1771432836377,874.0,2026-02-18 11:40:36.377
1771432836427,874.0,2026-02-18 11:40:36.427
1771432836475,874.0,2026-02-18 11:40:36.475
1771432836528,874.0,2026-02-18 11:40:36.528
1771432836578,874.0,2026-02-18 11:40:36.578
1771432836627,874.0,2026-02-18 11:40:36.627
1771432836676,874.0,2026-02-18 11:40:36.676
1771432836732,874.0,2026-02-18 11:40:36.732
1771432836778,875.0,2026-02-18 11:40:36.778
1771432836828,875.0,2026-02-18 11:40:36.828
1771432836881,875.0,2026-02-18 11:40:36.881
1771432836930,875.0,2026-02-18 11:40:36.930
1771432836979,876.0,2026-02-18 11:40:36.979
1771432837028,876.0,2026-02-18 11:40:37.028
1771432837081,876.0,2026-02-18 11:40:37.081
1771432837136,876.0,2026-02-18 11:40:37.136
1771432837180,877.0,2026-02-18 11:40:37.180
1771432837230,877.0,2026-02-18 11:40:37.230
1771432837283,877.0,2026-02-18 11:40:37.283
1771432837331,877.0,2026-02-18 11:40:37.331
1771432837380,877.0,2026-02-18 11:40:37.380
1771432837434,877.0,2026-02-18 11:40:37.434
1771432837483,877.0,2026-02-18 11:40:37.483
1771432837532,877.0,2026-02-18 11:40:37.532
1771432837581,877.0,2026-02-18 11:40:37.581
1771432837634,877.0,2026-02-18 11:40:37.634
1771432837684,877.0,2026-02-18 11:40:37.684
1771432837733,877.0,2026-02-18 11:40:37.733
1771432837786,877.0,2026-02-18 11:40:37.786
1771432837835,877.0,2026-02-18 11:40:37.835
1771432837884,876.0,2026-02-18 11:40:37.884
1771432837933,876.0,2026-02-18 11:40:37.933
1771432837987,876.0,2026-02-18 11:40:37.987
1771432838036,875.0,2026-02-18 11:40:38.036
1771432838085,875.0,2026-02-18 11:40:38.085
1771432838138,875.0,2026-02-18 11:40:38.138
1771432838187,874.0,2026-02-18 11:40:38.187
1771432838237,874.0,2026-02-18 11:40:38.237
1771432838286,874.0,2026-02-18 11:40:38.286
1771432838339,874.0,2026-02-18 11:40:38.339
1771432838388,874.0,2026-02-18 11:40:38.388
1771432838437,874.0,2026-02-18 11:40:38.437
1771432838486,874.0,2026-02-18 11:40:38.486
1771432838540,874.0,2026-02-18 11:40:38.540
1771432838589,874.0,2026-02-18 11:40:38.589
1771432838638,874.0,2026-02-18 11:40:38.638
1771432838691,875.0,2026-02-18 11:40:38.691
1771432838740,874.0,2026-02-18 11:40:38.740
1771432838789,874.0,2026-02-18 11:40:38.789
1771432838839,875.0,2026-02-18 11:40:38.839
1771432838892,875.0,2026-02-18 11:40:38.892
1771432838941,875.0,2026-02-18 11:40:38.941
1771432838990,875.0,2026-02-18 11:40:38.990
1771432839046,875.0,2026-02-18 11:40:39.046
1771432839093,875.0,2026-02-18 11:40:39.093
1771432839142,875.0,2026-02-18 11:40:39.142
1771432839191,875.0,2026-02-18 11:40:39.191
1771432839244,875.0,2026-02-18 11:40:39.244
1771432839293,875.0,2026-02-18 11:40:39.293
1771432839342,876.0,2026-02-18 11:40:39.342
1771432839396,875.0,2026-02-18 11:40:39.396
1771432839447,876.0,2026-02-18 11:40:39.447
1771432839494,876.0,2026-02-18 11:40:39.494
1771432839543,876.0,2026-02-18 11:40:39.543
1771432839596,877.0,2026-02-18 11:40:39.596
1771432839645,877.0,2026-02-18 11:40:39.645
1771432839695,877.0,2026-02-18 11:40:39.695
1771432839744,877.0,2026-02-18 11:40:39.744
1771432839797,878.0,2026-02-18 11:40:39.797
1771432839846,878.0,2026-02-18 11:40:39.846
1771432839895,878.0,2026-02-18 11:40:39.895
1771432839952,878.0,2026-02-18 11:40:39.952
1771432839998,878.0,2026-02-18 11:40:39.998
1771432840047,878.0,2026-02-18 11:40:40.047
1771432840096,878.0,2026-02-18 11:40:40.096
1771432840149,878.0,2026-02-18 11:40:40.149
1771432840199,878.0,2026-02-18 11:40:40.199
1771432840248,878.0,2026-02-18 11:40:40.248
1771432840301,878.0,2026-02-18 11:40:40.301
1771432840351,877.0,2026-02-18 11:40:40.351
1771432840399,877.0,2026-02-18 11:40:40.399
1771432840448,877.0,2026-02-18 11:40:40.448
1771432840502,877.0,2026-02-18 11:40:40.502
1771432840551,877.0,2026-02-18 11:40:40.551
1771432840600,876.0,2026-02-18 11:40:40.600
1771432840653,876.0,2026-02-18 11:40:40.653
1771432840702,876.0,2026-02-18 11:40:40.702
1771432840751,875.0,2026-02-18 11:40:40.751
1771432840800,875.0,2026-02-18 11:40:40.800
1771432840854,875.0,2026-02-18 11:40:40.854
1771432840903,875.0,2026-02-18 11:40:40.903
1771432840952,875.0,2026-02-18 11:40:40.952
1771432841001,875.0,2026-02-18 11:40:41.001
1771432841054,875.0,2026-02-18 11:40:41.054
1771432841104,876.0,2026-02-18 11:40:41.104
1771432841153,876.0,2026-02-18 11:40:41.153
1771432841206,876.0,2026-02-18 11:40:41.206
1771432841255,876.0,2026-02-18 11:40:41.255
1771432841306,876.0,2026-02-18 11:40:41.306
1771432841353,876.0,2026-02-18 11:40:41.353
1771432841407,876.0,2026-02-18 11:40:41.407
1771432841456,877.0,2026-02-18 11:40:41.456
1771432841505,877.0,2026-02-18 11:40:41.505
1771432841558,877.0,2026-02-18 11:40:41.558
1771432841607,877.0,2026-02-18 11:40:41.607
1771432841657,877.0,2026-02-18 11:40:41.657
1771432841706,877.0,2026-02-18 11:40:41.706
1771432841759,877.0,2026-02-18 11:40:41.759
1771432841808,878.0,2026-02-18 11:40:41.808
1771432841857,878.0,2026-02-18 11:40:41.857
1771432841910,878.0,2026-02-18 11:40:41.910
1771432841960,878.0,2026-02-18 11:40:41.960
1771432842009,878.0,2026-02-18 11:40:42.009
1771432842058,879.0,2026-02-18 11:40:42.058
1771432842111,879.0,2026-02-18 11:40:42.111
1771432842160,880.0,2026-02-18 11:40:42.160
1771432842210,880.0,2026-02-18 11:40:42.210
1771432842259,881.0,2026-02-18 11:40:42.259
1771432842312,881.0,2026-02-18 11:40:42.312
1771432842361,882.0,2026-02-18 11:40:42.361
1771432842410,882.0,2026-02-18 11:40:42.410
1771432842464,882.0,2026-02-18 11:40:42.464
1771432842513,882.0,2026-02-18 11:40:42.513
1771432842562,883.0,2026-02-18 11:40:42.562
1771432842611,883.0,2026-02-18 11:40:42.611
1771432842664,883.0,2026-02-18 11:40:42.664
1771432842713,883.0,2026-02-18 11:40:42.713
1771432842762,883.0,2026-02-18 11:40:42.762
1771432842816,883.0,2026-02-18 11:40:42.816
1771432842865,883.0,2026-02-18 11:40:42.865
1771432842914,882.0,2026-02-18 11:40:42.914
1771432842963,882.0,2026-02-18 11:40:42.963
1771432843018,882.0,2026-02-18 11:40:43.018
1771432843065,882.0,2026-02-18 11:40:43.065
1771432843116,881.0,2026-02-18 11:40:43.116
1771432843168,881.0,2026-02-18 11:40:43.168
1771432843217,880.0,2026-02-18 11:40:43.217
1771432843266,880.0,2026-02-18 11:40:43.266
1771432843315,879.0,2026-02-18 11:40:43.315
1771432843368,879.0,2026-02-18 11:40:43.368
1771432843418,879.0,2026-02-18 11:40:43.418
1771432843467,879.0,2026-02-18 11:40:43.467
1771432843520,879.0,2026-02-18 11:40:43.520
1771432843569,879.0,2026-02-18 11:40:43.569
1771432843618,879.0,2026-02-18 11:40:43.618
1771432843668,879.0,2026-02-18 11:40:43.668
1771432843721,879.0,2026-02-18 11:40:43.721
1771432843770,879.0,2026-02-18 11:40:43.770
1771432843819,880.0,2026-02-18 11:40:43.819
1771432843868,880.0,2026-02-18 11:40:43.868
1771432843921,880.0,2026-02-18 11:40:43.921
1771432843971,880.0,2026-02-18 11:40:43.971
1771432844020,880.0,2026-02-18 11:40:44.020
1771432844073,880.0,2026-02-18 11:40:44.073
1771432844122,881.0,2026-02-18 11:40:44.122
1771432844171,881.0,2026-02-18 11:40:44.171
1771432844221,881.0,2026-02-18 11:40:44.221
1771432844276,881.0,2026-02-18 11:40:44.276
1771432844323,882.0,2026-02-18 11:40:44.323
1771432844372,882.0,2026-02-18 11:40:44.372
1771432844426,882.0,2026-02-18 11:40:44.426
1771432844474,882.0,2026-02-18 11:40:44.474
1771432844526,882.0,2026-02-18 11:40:44.526
1771432844573,883.0,2026-02-18 11:40:44.573
1771432844627,883.0,2026-02-18 11:40:44.627
1771432844675,883.0,2026-02-18 11:40:44.675
1771432844724,884.0,2026-02-18 11:40:44.724
1771432844778,885.0,2026-02-18 11:40:44.778
1771432844827,885.0,2026-02-18 11:40:44.827
1771432844876,885.0,2026-02-18 11:40:44.876
1771432844925,886.0,2026-02-18 11:40:44.925
1771432844978,887.0,2026-02-18 11:40:44.978
1771432845029,887.0,2026-02-18 11:40:45.029
1771432845076,887.0,2026-02-18 11:40:45.076
1771432845126,888.0,2026-02-18 11:40:45.126
1771432845179,887.0,2026-02-18 11:40:45.179
1771432845228,888.0,2026-02-18 11:40:45.228
1771432845277,888.0,2026-02-18 11:40:45.277
1771432845330,888.0,2026-02-18 11:40:45.330
1771432845380,888.0,2026-02-18 11:40:45.380
1771432845429,888.0,2026-02-18 11:40:45.429
1771432845478,888.0,2026-02-18 11:40:45.478
1771432845531,887.0,2026-02-18 11:40:45.531
1771432845580,887.0,2026-02-18 11:40:45.580
1771432845629,887.0,2026-02-18 11:40:45.629
1771432845683,886.0,2026-02-18 11:40:45.683
1771432845732,886.0,2026-02-18 11:40:45.732
1771432845781,886.0,2026-02-18 11:40:45.781
1771432845830,885.0,2026-02-18 11:40:45.830
1771432845884,884.0,2026-02-18 11:40:45.884
1771432845932,884.0,2026-02-18 11:40:45.932
1771432845982,884.0,2026-02-18 11:40:45.982
1771432846035,883.0,2026-02-18 11:40:46.035
1771432846084,883.0,2026-02-18 11:40:46.084
1771432846133,883.0,2026-02-18 11:40:46.133
1771432846183,883.0,2026-02-18 11:40:46.183
1771432846236,883.0,2026-02-18 11:40:46.236
1771432846285,883.0,2026-02-18 11:40:46.285
1771432846334,883.0,2026-02-18 11:40:46.334
1771432846383,883.0,2026-02-18 11:40:46.383
1771432846436,883.0,2026-02-18 11:40:46.436
1771432846485,883.0,2026-02-18 11:40:46.485
1771432846535,883.0,2026-02-18 11:40:46.535
1771432846588,883.0,2026-02-18 11:40:46.588
1771432846637,883.0,2026-02-18 11:40:46.637
1771432846686,883.0,2026-02-18 11:40:46.686
1771432846735,883.0,2026-02-18 11:40:46.735
1771432846789,883.0,2026-02-18 11:40:46.789
1771432846838,884.0,2026-02-18 11:40:46.838
1771432846887,884.0,2026-02-18 11:40:46.887
1771432846940,884.0,2026-02-18 11:40:46.940
1771432846989,884.0,2026-02-18 11:40:46.989
1771432847038,884.0,2026-02-18 11:40:47.038
1771432847088,884.0,2026-02-18 11:40:47.088
1771432847141,884.0,2026-02-18 11:40:47.141
1771432847190,884.0,2026-02-18 11:40:47.190
1771432847239,885.0,2026-02-18 11:40:47.239
1771432847293,885.0,2026-02-18 11:40:47.293
1771432847341,885.0,2026-02-18 11:40:47.341
1771432847391,886.0,2026-02-18 11:40:47.391
1771432847440,886.0,2026-02-18 11:40:47.440
1771432847493,887.0,2026-02-18 11:40:47.493
1771432847542,887.0,2026-02-18 11:40:47.542
1771432847592,888.0,2026-02-18 11:40:47.592
1771432847641,888.0,2026-02-18 11:40:47.641
1771432847694,889.0,2026-02-18 11:40:47.694
1771432847743,889.0,2026-02-18 11:40:47.743
1771432847792,889.0,2026-02-18 11:40:47.792
1771432847845,889.0,2026-02-18 11:40:47.845
1771432847894,889.0,2026-02-18 11:40:47.894
1771432847944,889.0,2026-02-18 11:40:47.944
1771432847994,889.0,2026-02-18 11:40:47.994
1771432848046,889.0,2026-02-18 11:40:48.046
1771432848095,889.0,2026-02-18 11:40:48.095
1771432848144,889.0,2026-02-18 11:40:48.144
1771432848198,888.0,2026-02-18 11:40:48.198
1771432848247,888.0,2026-02-18 11:40:48.247
1771432848296,888.0,2026-02-18 11:40:48.296
1771432848345,888.0,2026-02-18 11:40:48.345
1771432848398,887.0,2026-02-18 11:40:48.398
1771432848447,887.0,2026-02-18 11:40:48.447
1771432848497,886.0,2026-02-18 11:40:48.497
1771432848550,886.0,2026-02-18 11:40:48.550
1771432848599,886.0,2026-02-18 11:40:48.599
1771432848648,885.0,2026-02-18 11:40:48.648
1771432848698,886.0,2026-02-18 11:40:48.698
1771432848750,885.0,2026-02-18 11:40:48.750
1771432848800,886.0,2026-02-18 11:40:48.800
1771432848849,886.0,2026-02-18 11:40:48.849
1771432848900,886.0,2026-02-18 11:40:48.900
1771432848951,886.0,2026-02-18 11:40:48.951
1771432849000,886.0,2026-02-18 11:40:49.000
1771432849050,886.0,2026-02-18 11:40:49.050
1771432849103,886.0,2026-02-18 11:40:49.103
1771432849152,886.0,2026-02-18 11:40:49.152
1771432849202,887.0,2026-02-18 11:40:49.202
1771432849250,887.0,2026-02-18 11:40:49.250
1771432849303,887.0,2026-02-18 11:40:49.303
1771432849353,887.0,2026-02-18 11:40:49.353
1771432849402,887.0,2026-02-18 11:40:49.402
1771432849455,887.0,2026-02-18 11:40:49.455
1771432849504,887.0,2026-02-18 11:40:49.504
1771432849553,888.0,2026-02-18 11:40:49.553
1771432849602,888.0,2026-02-18 11:40:49.602
1771432849656,888.0,2026-02-18 11:40:49.656
1771432849705,888.0,2026-02-18 11:40:49.705
1771432849754,888.0,2026-02-18 11:40:49.754
1771432849807,888.0,2026-02-18 11:40:49.807
1771432849856,889.0,2026-02-18 11:40:49.856
1771432849906,889.0,2026-02-18 11:40:49.906
1771432849955,889.0,2026-02-18 11:40:49.955
1771432850008,890.0,2026-02-18 11:40:50.008
1771432850057,890.0,2026-02-18 11:40:50.057
1771432850106,891.0,2026-02-18 11:40:50.106
1771432850159,891.0,2026-02-18 11:40:50.159
1771432850209,892.0,2026-02-18 11:40:50.209
1771432850258,892.0,2026-02-18 11:40:50.258
1771432850307,892.0,2026-02-18 11:40:50.307
1771432850360,892.0,2026-02-18 11:40:50.360
1771432850409,892.0,2026-02-18 11:40:50.409
1771432850458,893.0,2026-02-18 11:40:50.458
1771432850508,893.0,2026-02-18 11:40:50.508
1771432850561,892.0,2026-02-18 11:40:50.561
1771432850612,892.0,2026-02-18 11:40:50.612
1771432850659,892.0,2026-02-18 11:40:50.659
1771432850712,892.0,2026-02-18 11:40:50.712
1771432850762,892.0,2026-02-18 11:40:50.762
1771432850811,891.0,2026-02-18 11:40:50.811
1771432850860,891.0,2026-02-18 11:40:50.860
1771432850913,890.0,2026-02-18 11:40:50.913
1771432850962,890.0,2026-02-18 11:40:50.962
1771432851011,889.0,2026-02-18 11:40:51.011
1771432851065,889.0,2026-02-18 11:40:51.065
1771432851114,888.0,2026-02-18 11:40:51.114
1771432851163,888.0,2026-02-18 11:40:51.163
1771432851212,887.0,2026-02-18 11:40:51.212
1771432851265,887.0,2026-02-18 11:40:51.265
1771432851315,887.0,2026-02-18 11:40:51.315
1771432851365,887.0,2026-02-18 11:40:51.365
1771432851417,887.0,2026-02-18 11:40:51.417
1771432851466,887.0,2026-02-18 11:40:51.466
1771432851517,887.0,2026-02-18 11:40:51.517
1771432851565,887.0,2026-02-18 11:40:51.565
1771432851618,887.0,2026-02-18 11:40:51.618
1771432851667,887.0,2026-02-18 11:40:51.667
1771432851716,887.0,2026-02-18 11:40:51.716
1771432851765,887.0,2026-02-18 11:40:51.765
1771432851818,887.0,2026-02-18 11:40:51.818
1771432851867,887.0,2026-02-18 11:40:51.867
1771432851917,887.0,2026-02-18 11:40:51.917
1771432851970,887.0,2026-02-18 11:40:51.970
1771432852019,887.0,2026-02-18 11:40:52.019
1771432852068,887.0,2026-02-18 11:40:52.068
1771432852117,887.0,2026-02-18 11:40:52.117
1771432852171,887.0,2026-02-18 11:40:52.171
1771432852220,887.0,2026-02-18 11:40:52.220
1771432852269,887.0,2026-02-18 11:40:52.269
1771432852322,887.0,2026-02-18 11:40:52.322
1771432852371,887.0,2026-02-18 11:40:52.371
1771432852420,887.0,2026-02-18 11:40:52.420
1771432852469,888.0,2026-02-18 11:40:52.469
1771432852523,888.0,2026-02-18 11:40:52.523
1771432852572,888.0,2026-02-18 11:40:52.572
1771432852621,889.0,2026-02-18 11:40:52.621
1771432852674,889.0,2026-02-18 11:40:52.674
1771432852723,890.0,2026-02-18 11:40:52.723
1771432852773,890.0,2026-02-18 11:40:52.773
1771432852826,891.0,2026-02-18 11:40:52.826
1771432852875,891.0,2026-02-18 11:40:52.875
1771432852924,891.0,2026-02-18 11:40:52.924
1771432852973,891.0,2026-02-18 11:40:52.973
1771432853025,892.0,2026-02-18 11:40:53.025
1771432853076,892.0,2026-02-18 11:40:53.076
1771432853125,892.0,2026-02-18 11:40:53.125
1771432853174,892.0,2026-02-18 11:40:53.174
1771432853227,892.0,2026-02-18 11:40:53.227
1771432853276,891.0,2026-02-18 11:40:53.276
1771432853326,892.0,2026-02-18 11:40:53.326
1771432853375,891.0,2026-02-18 11:40:53.375
1771432853428,891.0,2026-02-18 11:40:53.428
1771432853477,891.0,2026-02-18 11:40:53.477
1771432853526,890.0,2026-02-18 11:40:53.526
1771432853579,890.0,2026-02-18 11:40:53.579
1771432853629,889.0,2026-02-18 11:40:53.629
1771432853678,889.0,2026-02-18 11:40:53.678
1771432853727,888.0,2026-02-18 11:40:53.727
1771432853780,888.0,2026-02-18 11:40:53.780
1771432853829,887.0,2026-02-18 11:40:53.829
1771432853878,887.0,2026-02-18 11:40:53.878
1771432853932,887.0,2026-02-18 11:40:53.932
1771432853981,887.0,2026-02-18 11:40:53.981
1771432854030,887.0,2026-02-18 11:40:54.030
1771432854079,887.0,2026-02-18 11:40:54.079
1771432854132,887.0,2026-02-18 11:40:54.132
1771432854181,887.0,2026-02-18 11:40:54.181
1771432854231,887.0,2026-02-18 11:40:54.231
1771432854280,887.0,2026-02-18 11:40:54.280
1771432854333,887.0,2026-02-18 11:40:54.333
1771432854382,887.0,2026-02-18 11:40:54.382
1771432854431,887.0,2026-02-18 11:40:54.431
1771432854485,887.0,2026-02-18 11:40:54.485
1771432854534,887.0,2026-02-18 11:40:54.534
1771432854583,888.0,2026-02-18 11:40:54.583
1771432854632,887.0,2026-02-18 11:40:54.632
1771432854685,888.0,2026-02-18 11:40:54.685
1771432854734,888.0,2026-02-18 11:40:54.734
1771432854784,888.0,2026-02-18 11:40:54.784
1771432854837,888.0,2026-02-18 11:40:54.837
1771432854886,888.0,2026-02-18 11:40:54.886
1771432854935,888.0,2026-02-18 11:40:54.935
1771432854984,888.0,2026-02-18 11:40:54.984
1771432855038,888.0,2026-02-18 11:40:55.038
1771432855087,888.0,2026-02-18 11:40:55.087
1771432855139,889.0,2026-02-18 11:40:55.139
1771432855189,889.0,2026-02-18 11:40:55.189
1771432855238,889.0,2026-02-18 11:40:55.238
1771432855287,890.0,2026-02-18 11:40:55.287
1771432855337,890.0,2026-02-18 11:40:55.337
1771432855390,891.0,2026-02-18 11:40:55.390
1771432855439,891.0,2026-02-18 11:40:55.439
1771432855488,891.0,2026-02-18 11:40:55.488
1771432855541,892.0,2026-02-18 11:40:55.541
1771432855590,892.0,2026-02-18 11:40:55.590
1771432855640,891.0,2026-02-18 11:40:55.640
1771432855689,892.0,2026-02-18 11:40:55.689
1771432855742,892.0,2026-02-18 11:40:55.742
1771432855791,891.0,2026-02-18 11:40:55.791
1771432855840,891.0,2026-02-18 11:40:55.840
1771432855889,891.0,2026-02-18 11:40:55.889
1771432855943,891.0,2026-02-18 11:40:55.943
1771432855992,891.0,2026-02-18 11:40:55.992
1771432856042,890.0,2026-02-18 11:40:56.042
1771432856094,890.0,2026-02-18 11:40:56.094
1771432856143,889.0,2026-02-18 11:40:56.143
1771432856193,889.0,2026-02-18 11:40:56.193
1771432856242,889.0,2026-02-18 11:40:56.242
1771432856295,888.0,2026-02-18 11:40:56.295
1771432856344,887.0,2026-02-18 11:40:56.344
1771432856393,887.0,2026-02-18 11:40:56.393
1771432856447,886.0,2026-02-18 11:40:56.447
1771432856496,886.0,2026-02-18 11:40:56.496
1771432856545,886.0,2026-02-18 11:40:56.545
1771432856594,885.0,2026-02-18 11:40:56.594
1771432856650,885.0,2026-02-18 11:40:56.650
1771432856696,885.0,2026-02-18 11:40:56.696
1771432856746,885.0,2026-02-18 11:40:56.746
1771432856799,885.0,2026-02-18 11:40:56.799
1771432856851,886.0,2026-02-18 11:40:56.851
1771432856898,885.0,2026-02-18 11:40:56.898
1771432856946,885.0,2026-02-18 11:40:56.946
1771432857000,885.0,2026-02-18 11:40:57.000
1771432857049,885.0,2026-02-18 11:40:57.049
1771432857099,885.0,2026-02-18 11:40:57.099
1771432857147,885.0,2026-02-18 11:40:57.147
1771432857200,886.0,2026-02-18 11:40:57.200
1771432857251,885.0,2026-02-18 11:40:57.251
1771432857298,886.0,2026-02-18 11:40:57.298
1771432857352,886.0,2026-02-18 11:40:57.352
1771432857401,886.0,2026-02-18 11:40:57.401
1771432857450,886.0,2026-02-18 11:40:57.450
1771432857500,886.0,2026-02-18 11:40:57.500
1771432857552,886.0,2026-02-18 11:40:57.552
1771432857601,886.0,2026-02-18 11:40:57.601
1771432857651,886.0,2026-02-18 11:40:57.651
1771432857704,886.0,2026-02-18 11:40:57.704
1771432857753,886.0,2026-02-18 11:40:57.753
1771432857802,887.0,2026-02-18 11:40:57.802
1771432857851,887.0,2026-02-18 11:40:57.851
1771432857905,887.0,2026-02-18 11:40:57.905
1771432857954,888.0,2026-02-18 11:40:57.954
1771432858003,888.0,2026-02-18 11:40:58.003
1771432858056,889.0,2026-02-18 11:40:58.056
1771432858105,889.0,2026-02-18 11:40:58.105
1771432858155,889.0,2026-02-18 11:40:58.155
1771432858204,889.0,2026-02-18 11:40:58.204
1771432858257,889.0,2026-02-18 11:40:58.257
1771432858306,889.0,2026-02-18 11:40:58.306
1771432858355,889.0,2026-02-18 11:40:58.355
1771432858404,889.0,2026-02-18 11:40:58.404
1771432858458,889.0,2026-02-18 11:40:58.458
1771432858507,889.0,2026-02-18 11:40:58.507
1771432858556,889.0,2026-02-18 11:40:58.556
1771432858609,888.0,2026-02-18 11:40:58.609
1771432858658,888.0,2026-02-18 11:40:58.658
1771432858708,888.0,2026-02-18 11:40:58.708
1771432858757,887.0,2026-02-18 11:40:58.757
1771432858810,887.0,2026-02-18 11:40:58.810
1771432858859,886.0,2026-02-18 11:40:58.859
1771432858908,886.0,2026-02-18 11:40:58.908
1771432858961,885.0,2026-02-18 11:40:58.961
1771432859011,884.0,2026-02-18 11:40:59.011
1771432859060,884.0,2026-02-18 11:40:59.060
1771432859109,884.0,2026-02-18 11:40:59.109
1771432859162,884.0,2026-02-18 11:40:59.162
1771432859211,883.0,2026-02-18 11:40:59.211
1771432859260,883.0,2026-02-18 11:40:59.260
1771432859314,883.0,2026-02-18 11:40:59.314
1771432859363,883.0,2026-02-18 11:40:59.363
1771432859412,883.0,2026-02-18 11:40:59.412
1771432859461,883.0,2026-02-18 11:40:59.461
1771432859515,883.0,2026-02-18 11:40:59.515
1771432859563,883.0,2026-02-18 11:40:59.563
1771432859613,883.0,2026-02-18 11:40:59.613
1771432859662,883.0,2026-02-18 11:40:59.662
1771432859715,883.0,2026-02-18 11:40:59.715
1771432859764,883.0,2026-02-18 11:40:59.764
1771432859813,883.0,2026-02-18 11:40:59.813
1771432859866,883.0,2026-02-18 11:40:59.866
1771432859916,884.0,2026-02-18 11:40:59.916
1771432859965,884.0,2026-02-18 11:40:59.965
1771432860020,884.0,2026-02-18 11:41:00.020
1771432860067,884.0,2026-02-18 11:41:00.067
1771432860117,884.0,2026-02-18 11:41:00.117
1771432860167,884.0,2026-02-18 11:41:00.167
1771432860219,884.0,2026-02-18 11:41:00.219
1771432860268,884.0,2026-02-18 11:41:00.268
1771432860317,884.0,2026-02-18 11:41:00.317
1771432860366,885.0,2026-02-18 11:41:00.366
1771432860419,885.0,2026-02-18 11:41:00.419
1771432860469,885.0,2026-02-18 11:41:00.469
1771432860518,886.0,2026-02-18 11:41:00.518
1771432860571,886.0,2026-02-18 11:41:00.571
1771432860620,887.0,2026-02-18 11:41:00.620
1771432860669,887.0,2026-02-18 11:41:00.669
1771432860718,887.0,2026-02-18 11:41:00.718
1771432860772,887.0,2026-02-18 11:41:00.772
1771432860821,888.0,2026-02-18 11:41:00.821
1771432860870,887.0,2026-02-18 11:41:00.870
1771432860919,888.0,2026-02-18 11:41:00.919
1771432860972,888.0,2026-02-18 11:41:00.972
1771432861022,888.0,2026-02-18 11:41:01.022
1771432861071,887.0,2026-02-18 11:41:01.071
1771432861124,887.0,2026-02-18 11:41:01.124
1771432861173,887.0,2026-02-18 11:41:01.173
1771432861222,886.0,2026-02-18 11:41:01.222
1771432861271,886.0,2026-02-18 11:41:01.271
1771432861325,886.0,2026-02-18 11:41:01.325
1771432861374,885.0,2026-02-18 11:41:01.374
1771432861423,885.0,2026-02-18 11:41:01.423
1771432861476,884.0,2026-02-18 11:41:01.476
1771432861525,884.0,2026-02-18 11:41:01.525
1771432861575,883.0,2026-02-18 11:41:01.575
1771432861624,883.0,2026-02-18 11:41:01.624
1771432861677,882.0,2026-02-18 11:41:01.677
1771432861726,882.0,2026-02-18 11:41:01.726
1771432861776,882.0,2026-02-18 11:41:01.776
1771432861828,882.0,2026-02-18 11:41:01.828
1771432861878,882.0,2026-02-18 11:41:01.878
1771432861927,882.0,2026-02-18 11:41:01.927
1771432861976,882.0,2026-02-18 11:41:01.976
1771432862029,882.0,2026-02-18 11:41:02.029
1771432862081,882.0,2026-02-18 11:41:02.081
1771432862127,882.0,2026-02-18 11:41:02.127
1771432862181,882.0,2026-02-18 11:41:02.181
1771432862230,882.0,2026-02-18 11:41:02.230
1771432862279,882.0,2026-02-18 11:41:02.279
1771432862328,882.0,2026-02-18 11:41:02.328
1771432862381,882.0,2026-02-18 11:41:02.381
1771432862430,882.0,2026-02-18 11:41:02.430
1771432862480,882.0,2026-02-18 11:41:02.480
1771432862529,882.0,2026-02-18 11:41:02.529
1771432862582,882.0,2026-02-18 11:41:02.582
1771432862631,882.0,2026-02-18 11:41:02.631
1771432862681,882.0,2026-02-18 11:41:02.681
1771432862734,882.0,2026-02-18 11:41:02.734
1771432862783,882.0,2026-02-18 11:41:02.783
1771432862832,883.0,2026-02-18 11:41:02.832
1771432862881,883.0,2026-02-18 11:41:02.881
1771432862934,883.0,2026-02-18 11:41:02.934
1771432862983,883.0,2026-02-18 11:41:02.983
1771432863033,884.0,2026-02-18 11:41:03.033
1771432863086,884.0,2026-02-18 11:41:03.086
1771432863135,885.0,2026-02-18 11:41:03.135
1771432863184,885.0,2026-02-18 11:41:03.184
1771432863233,885.0,2026-02-18 11:41:03.233
1771432863286,886.0,2026-02-18 11:41:03.286
1771432863337,886.0,2026-02-18 11:41:03.337
1771432863385,886.0,2026-02-18 11:41:03.385
1771432863438,886.0,2026-02-18 11:41:03.438
1771432863487,886.0,2026-02-18 11:41:03.487
1771432863537,886.0,2026-02-18 11:41:03.537
1771432863586,886.0,2026-02-18 11:41:03.586
1771432863639,886.0,2026-02-18 11:41:03.639
1771432863688,886.0,2026-02-18 11:41:03.688
1771432863738,886.0,2026-02-18 11:41:03.738
1771432863786,885.0,2026-02-18 11:41:03.786
1771432863840,885.0,2026-02-18 11:41:03.840
1771432863889,885.0,2026-02-18 11:41:03.889
1771432863938,884.0,2026-02-18 11:41:03.938
1771432863991,884.0,2026-02-18 11:41:03.991
1771432864040,884.0,2026-02-18 11:41:04.040
1771432864089,883.0,2026-02-18 11:41:04.089
1771432864139,882.0,2026-02-18 11:41:04.139
1771432864192,882.0,2026-02-18 11:41:04.192
1771432864241,881.0,2026-02-18 11:41:04.241
1771432864290,881.0,2026-02-18 11:41:04.290
1771432864343,881.0,2026-02-18 11:41:04.343
1771432864392,880.0,2026-02-18 11:41:04.392
1771432864442,881.0,2026-02-18 11:41:04.442
1771432864491,881.0,2026-02-18 11:41:04.491
1771432864544,881.0,2026-02-18 11:41:04.544
1771432864593,881.0,2026-02-18 11:41:04.593
1771432864642,881.0,2026-02-18 11:41:04.642
1771432864696,881.0,2026-02-18 11:41:04.696
1771432864745,880.0,2026-02-18 11:41:04.745
1771432864794,881.0,2026-02-18 11:41:04.794
1771432864845,881.0,2026-02-18 11:41:04.845
1771432864898,881.0,2026-02-18 11:41:04.898
1771432864945,881.0,2026-02-18 11:41:04.945
1771432864995,881.0,2026-02-18 11:41:04.995
1771432865044,881.0,2026-02-18 11:41:05.044
1771432865097,881.0,2026-02-18 11:41:05.097
1771432865147,881.0,2026-02-18 11:41:05.147
1771432865195,881.0,2026-02-18 11:41:05.195
1771432865249,881.0,2026-02-18 11:41:05.249
1771432865298,881.0,2026-02-18 11:41:05.298
1771432865347,881.0,2026-02-18 11:41:05.347
1771432865396,881.0,2026-02-18 11:41:05.396
1771432865449,881.0,2026-02-18 11:41:05.449
1771432865498,882.0,2026-02-18 11:41:05.498
1771432865547,882.0,2026-02-18 11:41:05.547
1771432865601,882.0,2026-02-18 11:41:05.601
1771432865658,883.0,2026-02-18 11:41:05.658
1771432865699,883.0,2026-02-18 11:41:05.699
1771432865748,884.0,2026-02-18 11:41:05.748
1771432865801,884.0,2026-02-18 11:41:05.801
1771432865851,884.0,2026-02-18 11:41:05.851
1771432865900,885.0,2026-02-18 11:41:05.900
1771432865953,885.0,2026-02-18 11:41:05.953
1771432866002,885.0,2026-02-18 11:41:06.002
1771432866051,885.0,2026-02-18 11:41:06.051
1771432866100,885.0,2026-02-18 11:41:06.100
1771432866154,885.0,2026-02-18 11:41:06.154
1771432866203,885.0,2026-02-18 11:41:06.203
1771432866252,885.0,2026-02-18 11:41:06.252
1771432866301,885.0,2026-02-18 11:41:06.301
1771432866354,885.0,2026-02-18 11:41:06.354
1771432866404,884.0,2026-02-18 11:41:06.404
1771432866453,884.0,2026-02-18 11:41:06.453
1771432866506,884.0,2026-02-18 11:41:06.506
1771432866555,883.0,2026-02-18 11:41:06.555
1771432866604,883.0,2026-02-18 11:41:06.604
1771432866653,882.0,2026-02-18 11:41:06.653
1771432866707,882.0,2026-02-18 11:41:06.707
1771432866756,881.0,2026-02-18 11:41:06.756
1771432866805,881.0,2026-02-18 11:41:06.805
1771432866858,880.0,2026-02-18 11:41:06.858
1771432866907,880.0,2026-02-18 11:41:06.907
1771432866956,880.0,2026-02-18 11:41:06.956
1771432867006,880.0,2026-02-18 11:41:07.006
1771432867059,880.0,2026-02-18 11:41:07.059
1771432867108,880.0,2026-02-18 11:41:07.108
1771432867157,880.0,2026-02-18 11:41:07.157
1771432867210,880.0,2026-02-18 11:41:07.210
1771432867260,879.0,2026-02-18 11:41:07.260
1771432867309,880.0,2026-02-18 11:41:07.309
1771432867358,880.0,2026-02-18 11:41:07.358
1771432867411,879.0,2026-02-18 11:41:07.411
1771432867460,880.0,2026-02-18 11:41:07.460
1771432867509,880.0,2026-02-18 11:41:07.509
1771432867563,880.0,2026-02-18 11:41:07.563
1771432867612,880.0,2026-02-18 11:41:07.612
1771432867661,880.0,2026-02-18 11:41:07.661
1771432867710,880.0,2026-02-18 11:41:07.710
1771432867763,880.0,2026-02-18 11:41:07.763
1771432867812,880.0,2026-02-18 11:41:07.812
1771432867862,880.0,2026-02-18 11:41:07.862
1771432867911,880.0,2026-02-18 11:41:07.911
1771432867964,880.0,2026-02-18 11:41:07.964
1771432868013,880.0,2026-02-18 11:41:08.013
1771432868062,881.0,2026-02-18 11:41:08.062
1771432868115,881.0,2026-02-18 11:41:08.115
1771432868169,881.0,2026-02-18 11:41:08.169
1771432868214,882.0,2026-02-18 11:41:08.214
1771432868263,882.0,2026-02-18 11:41:08.263
1771432868316,883.0,2026-02-18 11:41:08.316
1771432868366,883.0,2026-02-18 11:41:08.366
1771432868415,883.0,2026-02-18 11:41:08.415
1771432868468,884.0,2026-02-18 11:41:08.468
1771432868517,884.0,2026-02-18 11:41:08.517
1771432868566,884.0,2026-02-18 11:41:08.566
1771432868615,884.0,2026-02-18 11:41:08.615
1771432868670,884.0,2026-02-18 11:41:08.670
1771432868718,884.0,2026-02-18 11:41:08.718
1771432868767,884.0,2026-02-18 11:41:08.767
1771432868820,884.0,2026-02-18 11:41:08.820
1771432868869,884.0,2026-02-18 11:41:08.869
1771432868919,884.0,2026-02-18 11:41:08.919
1771432868967,884.0,2026-02-18 11:41:08.967
1771432869021,883.0,2026-02-18 11:41:09.021
1771432869070,883.0,2026-02-18 11:41:09.070
1771432869122,883.0,2026-02-18 11:41:09.122
1771432869169,882.0,2026-02-18 11:41:09.169
1771432869221,882.0,2026-02-18 11:41:09.221
1771432869270,881.0,2026-02-18 11:41:09.270
1771432869320,880.0,2026-02-18 11:41:09.320
1771432869373,880.0,2026-02-18 11:41:09.373
1771432869422,880.0,2026-02-18 11:41:09.422
1771432869471,879.0,2026-02-18 11:41:09.471
1771432869521,879.0,2026-02-18 11:41:09.521
1771432869574,879.0,2026-02-18 11:41:09.574
1771432869623,879.0,2026-02-18 11:41:09.623
1771432869672,879.0,2026-02-18 11:41:09.672
1771432869725,879.0,2026-02-18 11:41:09.725
1771432869774,879.0,2026-02-18 11:41:09.774
1771432869823,879.0,2026-02-18 11:41:09.823
1771432869873,879.0,2026-02-18 11:41:09.873
1771432869926,879.0,2026-02-18 11:41:09.926
1771432869975,879.0,2026-02-18 11:41:09.975
1771432870026,879.0,2026-02-18 11:41:10.026
1771432870077,879.0,2026-02-18 11:41:10.077
1771432870127,879.0,2026-02-18 11:41:10.127
1771432870176,879.0,2026-02-18 11:41:10.176
1771432870226,879.0,2026-02-18 11:41:10.226
1771432870279,879.0,2026-02-18 11:41:10.279
1771432870327,879.0,2026-02-18 11:41:10.327
1771432870376,880.0,2026-02-18 11:41:10.376
1771432870426,880.0,2026-02-18 11:41:10.426
1771432870479,879.0,2026-02-18 11:41:10.479
1771432870528,880.0,2026-02-18 11:41:10.528
1771432870577,880.0,2026-02-18 11:41:10.577
1771432870630,880.0,2026-02-18 11:41:10.630
1771432870679,880.0,2026-02-18 11:41:10.679
1771432870729,881.0,2026-02-18 11:41:10.729
1771432870778,881.0,2026-02-18 11:41:10.778
1771432870831,881.0,2026-02-18 11:41:10.831
1771432870880,882.0,2026-02-18 11:41:10.880
1771432870929,883.0,2026-02-18 11:41:10.929
1771432870983,883.0,2026-02-18 11:41:10.983
1771432871032,883.0,2026-02-18 11:41:11.032
1771432871081,884.0,2026-02-18 11:41:11.081
1771432871145,884.0,2026-02-18 11:41:11.145
1771432871183,884.0,2026-02-18 11:41:11.183
1771432871232,884.0,2026-02-18 11:41:11.232
1771432871282,884.0,2026-02-18 11:41:11.282
1771432871335,884.0,2026-02-18 11:41:11.335
1771432871384,884.0,2026-02-18 11:41:11.384
1771432871433,884.0,2026-02-18 11:41:11.433
1771432871483,883.0,2026-02-18 11:41:11.483
1771432871536,883.0,2026-02-18 11:41:11.536
1771432871585,883.0,2026-02-18 11:41:11.585
1771432871634,882.0,2026-02-18 11:41:11.634
1771432871683,882.0,2026-02-18 11:41:11.683
1771432871736,881.0,2026-02-18 11:41:11.736
1771432871785,881.0,2026-02-18 11:41:11.785
1771432871835,880.0,2026-02-18 11:41:11.835
1771432871888,880.0,2026-02-18 11:41:11.888
1771432871937,879.0,2026-02-18 11:41:11.937
1771432871986,879.0,2026-02-18 11:41:11.986
1771432872035,878.0,2026-02-18 11:41:12.035
1771432872088,878.0,2026-02-18 11:41:12.088
1771432872138,879.0,2026-02-18 11:41:12.138
1771432872187,878.0,2026-02-18 11:41:12.187
1771432872240,878.0,2026-02-18 11:41:12.240
1771432872290,878.0,2026-02-18 11:41:12.290
1771432872338,879.0,2026-02-18 11:41:12.338
1771432872387,878.0,2026-02-18 11:41:12.387
1771432872441,878.0,2026-02-18 11:41:12.441
1771432872490,878.0,2026-02-18 11:41:12.490
1771432872539,878.0,2026-02-18 11:41:12.539
1771432872592,878.0,2026-02-18 11:41:12.592
1771432872642,879.0,2026-02-18 11:41:12.642
1771432872691,879.0,2026-02-18 11:41:12.691
1771432872740,879.0,2026-02-18 11:41:12.740
1771432872793,879.0,2026-02-18 11:41:12.793
1771432872842,879.0,2026-02-18 11:41:12.842
1771432872891,879.0,2026-02-18 11:41:12.891
1771432872940,879.0,2026-02-18 11:41:12.940
1771432872994,879.0,2026-02-18 11:41:12.994
1771432873043,879.0,2026-02-18 11:41:13.043
1771432873092,879.0,2026-02-18 11:41:13.092
1771432873145,879.0,2026-02-18 11:41:13.145
1771432873194,879.0,2026-02-18 11:41:13.194
1771432873244,879.0,2026-02-18 11:41:13.244
1771432873293,880.0,2026-02-18 11:41:13.293
1771432873346,880.0,2026-02-18 11:41:13.346
1771432873395,881.0,2026-02-18 11:41:13.395
1771432873444,881.0,2026-02-18 11:41:13.444
1771432873497,882.0,2026-02-18 11:41:13.497
1771432873546,882.0,2026-02-18 11:41:13.546
1771432873596,882.0,2026-02-18 11:41:13.596
1771432873645,883.0,2026-02-18 11:41:13.645
1771432873698,883.0,2026-02-18 11:41:13.698
1771432873747,883.0,2026-02-18 11:41:13.747
1771432873796,883.0,2026-02-18 11:41:13.796
1771432873850,883.0,2026-02-18 11:41:13.850
1771432873899,883.0,2026-02-18 11:41:13.899
1771432873948,883.0,2026-02-18 11:41:13.948
1771432874001,883.0,2026-02-18 11:41:14.001
1771432874050,883.0,2026-02-18 11:41:14.050
1771432874100,882.0,2026-02-18 11:41:14.100
1771432874149,882.0,2026-02-18 11:41:14.149
1771432874202,882.0,2026-02-18 11:41:14.202
1771432874251,881.0,2026-02-18 11:41:14.251
1771432874300,881.0,2026-02-18 11:41:14.300
1771432874349,880.0,2026-02-18 11:41:14.349
1771432874403,880.0,2026-02-18 11:41:14.403
1771432874452,879.0,2026-02-18 11:41:14.452
1771432874501,879.0,2026-02-18 11:41:14.501
1771432874550,878.0,2026-02-18 11:41:14.550
1771432874603,878.0,2026-02-18 11:41:14.603
1771432874652,878.0,2026-02-18 11:41:14.652
1771432874702,878.0,2026-02-18 11:41:14.702
1771432874755,878.0,2026-02-18 11:41:14.755
1771432874804,878.0,2026-02-18 11:41:14.804
1771432874853,878.0,2026-02-18 11:41:14.853
1771432874902,878.0,2026-02-18 11:41:14.902
1771432874955,878.0,2026-02-18 11:41:14.955
1771432875005,878.0,2026-02-18 11:41:15.005
1771432875054,878.0,2026-02-18 11:41:15.054
1771432875107,878.0,2026-02-18 11:41:15.107
1771432875156,878.0,2026-02-18 11:41:15.156
1771432875205,878.0,2026-02-18 11:41:15.205
1771432875254,878.0,2026-02-18 11:41:15.254
1771432875309,878.0,2026-02-18 11:41:15.309
1771432875357,878.0,2026-02-18 11:41:15.357
1771432875406,878.0,2026-02-18 11:41:15.406
1771432875459,878.0,2026-02-18 11:41:15.459
1771432875508,878.0,2026-02-18 11:41:15.508
1771432875561,878.0,2026-02-18 11:41:15.561
1771432875607,879.0,2026-02-18 11:41:15.607
1771432875660,879.0,2026-02-18 11:41:15.660
1771432875709,879.0,2026-02-18 11:41:15.709
1771432875759,879.0,2026-02-18 11:41:15.759
1771432875807,879.0,2026-02-18 11:41:15.807
1771432875861,879.0,2026-02-18 11:41:15.861
1771432875910,880.0,2026-02-18 11:41:15.910
1771432875959,880.0,2026-02-18 11:41:15.959
1771432876012,881.0,2026-02-18 11:41:16.012
1771432876061,881.0,2026-02-18 11:41:16.061
1771432876111,882.0,2026-02-18 11:41:16.111
1771432876160,882.0,2026-02-18 11:41:16.160
1771432876213,882.0,2026-02-18 11:41:16.213
1771432876262,882.0,2026-02-18 11:41:16.262
1771432876311,883.0,2026-02-18 11:41:16.311
1771432876365,883.0,2026-02-18 11:41:16.365
1771432876414,883.0,2026-02-18 11:41:16.414
1771432876463,882.0,2026-02-18 11:41:16.463
1771432876512,882.0,2026-02-18 11:41:16.512
1771432876565,882.0,2026-02-18 11:41:16.565
1771432876614,882.0,2026-02-18 11:41:16.614
1771432876663,882.0,2026-02-18 11:41:16.663
1771432876717,881.0,2026-02-18 11:41:16.717
1771432876766,881.0,2026-02-18 11:41:16.766
1771432876815,881.0,2026-02-18 11:41:16.815
1771432876864,880.0,2026-02-18 11:41:16.864
1771432876917,880.0,2026-02-18 11:41:16.917
1771432876967,880.0,2026-02-18 11:41:16.967
1771432877016,879.0,2026-02-18 11:41:17.016
1771432877065,878.0,2026-02-18 11:41:17.065
1771432877118,878.0,2026-02-18 11:41:17.118
1771432877167,877.0,2026-02-18 11:41:17.167
1771432877216,877.0,2026-02-18 11:41:17.216
1771432877270,877.0,2026-02-18 11:41:17.270
1771432877319,877.0,2026-02-18 11:41:17.319
1771432877368,877.0,2026-02-18 11:41:17.368
1771432877417,877.0,2026-02-18 11:41:17.417
1771432877471,877.0,2026-02-18 11:41:17.471
1771432877519,877.0,2026-02-18 11:41:17.519
1771432877569,877.0,2026-02-18 11:41:17.569
1771432877622,877.0,2026-02-18 11:41:17.622
1771432877671,877.0,2026-02-18 11:41:17.671
1771432877720,877.0,2026-02-18 11:41:17.720
1771432877769,877.0,2026-02-18 11:41:17.769
1771432877823,877.0,2026-02-18 11:41:17.823
1771432877872,878.0,2026-02-18 11:41:17.872
1771432877921,878.0,2026-02-18 11:41:17.921
1771432877974,878.0,2026-02-18 11:41:17.974
1771432878023,878.0,2026-02-18 11:41:18.023
1771432878072,878.0,2026-02-18 11:41:18.072
1771432878122,878.0,2026-02-18 11:41:18.122
1771432878175,878.0,2026-02-18 11:41:18.175
1771432878224,878.0,2026-02-18 11:41:18.224
1771432878273,878.0,2026-02-18 11:41:18.273
1771432878324,878.0,2026-02-18 11:41:18.324
1771432878375,879.0,2026-02-18 11:41:18.375
1771432878426,879.0,2026-02-18 11:41:18.426
1771432878474,879.0,2026-02-18 11:41:18.474
1771432878527,880.0,2026-02-18 11:41:18.527
1771432878576,880.0,2026-02-18 11:41:18.576
1771432878625,881.0,2026-02-18 11:41:18.625
1771432878675,881.0,2026-02-18 11:41:18.675
1771432878728,882.0,2026-02-18 11:41:18.728
1771432878777,882.0,2026-02-18 11:41:18.777
1771432878826,882.0,2026-02-18 11:41:18.826
1771432878879,882.0,2026-02-18 11:41:18.879
1771432878929,882.0,2026-02-18 11:41:18.929
1771432878978,882.0,2026-02-18 11:41:18.978
1771432879027,882.0,2026-02-18 11:41:19.027
1771432879080,882.0,2026-02-18 11:41:19.080
1771432879129,882.0,2026-02-18 11:41:19.129
1771432879178,882.0,2026-02-18 11:41:19.178
1771432879232,882.0,2026-02-18 11:41:19.232
1771432879281,882.0,2026-02-18 11:41:19.281
1771432879330,881.0,2026-02-18 11:41:19.330
1771432879379,881.0,2026-02-18 11:41:19.379
1771432879432,880.0,2026-02-18 11:41:19.432
1771432879481,880.0,2026-02-18 11:41:19.481
1771432879530,879.0,2026-02-18 11:41:19.530
1771432879580,879.0,2026-02-18 11:41:19.580
1771432879633,878.0,2026-02-18 11:41:19.633
1771432879682,878.0,2026-02-18 11:41:19.682
1771432879731,878.0,2026-02-18 11:41:19.731
1771432879784,877.0,2026-02-18 11:41:19.784
1771432879834,877.0,2026-02-18 11:41:19.834
1771432879883,877.0,2026-02-18 11:41:19.883
1771432879932,877.0,2026-02-18 11:41:19.932
1771432879985,877.0,2026-02-18 11:41:19.985
1771432880034,877.0,2026-02-18 11:41:20.034
1771432880084,877.0,2026-02-18 11:41:20.084
1771432880137,877.0,2026-02-18 11:41:20.137
1771432880187,877.0,2026-02-18 11:41:20.187
1771432880235,877.0,2026-02-18 11:41:20.235
1771432880284,877.0,2026-02-18 11:41:20.284
1771432880337,878.0,2026-02-18 11:41:20.337
1771432880387,877.0,2026-02-18 11:41:20.387
1771432880436,877.0,2026-02-18 11:41:20.436
1771432880489,878.0,2026-02-18 11:41:20.489
1771432880538,878.0,2026-02-18 11:41:20.538
1771432880587,878.0,2026-02-18 11:41:20.587
1771432880636,878.0,2026-02-18 11:41:20.636
1771432880690,878.0,2026-02-18 11:41:20.690
1771432880739,878.0,2026-02-18 11:41:20.739
1771432880788,878.0,2026-02-18 11:41:20.788
1771432880841,879.0,2026-02-18 11:41:20.841
1771432880890,879.0,2026-02-18 11:41:20.890
1771432880940,879.0,2026-02-18 11:41:20.940
1771432880989,879.0,2026-02-18 11:41:20.989
1771432881042,879.0,2026-02-18 11:41:21.042
1771432881091,880.0,2026-02-18 11:41:21.091
1771432881140,880.0,2026-02-18 11:41:21.140
1771432881189,881.0,2026-02-18 11:41:21.189
1771432881243,881.0,2026-02-18 11:41:21.243
1771432881292,882.0,2026-02-18 11:41:21.292
1771432881341,882.0,2026-02-18 11:41:21.341
1771432881394,882.0,2026-02-18 11:41:21.394
1771432881443,883.0,2026-02-18 11:41:21.443
1771432881493,883.0,2026-02-18 11:41:21.493
1771432881542,883.0,2026-02-18 11:41:21.542
1771432881595,883.0,2026-02-18 11:41:21.595
1771432881644,883.0,2026-02-18 11:41:21.644
1771432881693,883.0,2026-02-18 11:41:21.693
1771432881746,883.0,2026-02-18 11:41:21.746
1771432881796,882.0,2026-02-18 11:41:21.796
1771432881845,882.0,2026-02-18 11:41:21.845
1771432881894,882.0,2026-02-18 11:41:21.894
1771432881947,881.0,2026-02-18 11:41:21.947
1771432881996,881.0,2026-02-18 11:41:21.996
1771432882045,880.0,2026-02-18 11:41:22.045
1771432882099,880.0,2026-02-18 11:41:22.099
1771432882148,880.0,2026-02-18 11:41:22.148
1771432882197,879.0,2026-02-18 11:41:22.197
1771432882246,879.0,2026-02-18 11:41:22.246
1771432882300,878.0,2026-02-18 11:41:22.300
1771432882348,878.0,2026-02-18 11:41:22.348
1771432882398,878.0,2026-02-18 11:41:22.398
1771432882447,878.0,2026-02-18 11:41:22.447
1771432882500,877.0,2026-02-18 11:41:22.500
1771432882549,878.0,2026-02-18 11:41:22.549
1771432882598,878.0,2026-02-18 11:41:22.598
1771432882651,878.0,2026-02-18 11:41:22.651
1771432882701,878.0,2026-02-18 11:41:22.701
1771432882750,877.0,2026-02-18 11:41:22.750
1771432882799,878.0,2026-02-18 11:41:22.799
1771432882852,878.0,2026-02-18 11:41:22.852
1771432882903,878.0,2026-02-18 11:41:22.903
1771432882951,878.0,2026-02-18 11:41:22.951
1771432883004,878.0,2026-02-18 11:41:23.004
1771432883053,878.0,2026-02-18 11:41:23.053
1771432883102,878.0,2026-02-18 11:41:23.102
1771432883151,878.0,2026-02-18 11:41:23.151
1771432883204,878.0,2026-02-18 11:41:23.204
1771432883254,878.0,2026-02-18 11:41:23.254
1771432883303,879.0,2026-02-18 11:41:23.303
1771432883356,879.0,2026-02-18 11:41:23.356
1771432883405,879.0,2026-02-18 11:41:23.405
1771432883454,879.0,2026-02-18 11:41:23.454
1771432883504,879.0,2026-02-18 11:41:23.504
1771432883557,879.0,2026-02-18 11:41:23.557
1771432883606,880.0,2026-02-18 11:41:23.606
1771432883655,880.0,2026-02-18 11:41:23.655
1771432883704,881.0,2026-02-18 11:41:23.704
1771432883757,881.0,2026-02-18 11:41:23.757
1771432883807,882.0,2026-02-18 11:41:23.807
1771432883856,882.0,2026-02-18 11:41:23.856
1771432883909,882.0,2026-02-18 11:41:23.909
1771432883958,883.0,2026-02-18 11:41:23.958
1771432884007,883.0,2026-02-18 11:41:24.007
1771432884056,883.0,2026-02-18 11:41:24.056
1771432884110,883.0,2026-02-18 11:41:24.110
1771432884159,883.0,2026-02-18 11:41:24.159
1771432884208,883.0,2026-02-18 11:41:24.208
1771432884261,883.0,2026-02-18 11:41:24.261
1771432884310,883.0,2026-02-18 11:41:24.310
1771432884360,883.0,2026-02-18 11:41:24.360
1771432884409,883.0,2026-02-18 11:41:24.409
1771432884462,882.0,2026-02-18 11:41:24.462
1771432884511,882.0,2026-02-18 11:41:24.511
1771432884560,882.0,2026-02-18 11:41:24.560
1771432884613,881.0,2026-02-18 11:41:24.613
1771432884663,881.0,2026-02-18 11:41:24.663
1771432884712,880.0,2026-02-18 11:41:24.712
1771432884761,880.0,2026-02-18 11:41:24.761
1771432884814,879.0,2026-02-18 11:41:24.814
1771432884864,879.0,2026-02-18 11:41:24.864
1771432884913,878.0,2026-02-18 11:41:24.913
1771432884962,878.0,2026-02-18 11:41:24.962
1771432885015,878.0,2026-02-18 11:41:25.015
1771432885064,878.0,2026-02-18 11:41:25.064
1771432885113,878.0,2026-02-18 11:41:25.113
1771432885166,878.0,2026-02-18 11:41:25.166
1771432885215,878.0,2026-02-18 11:41:25.215
1771432885265,878.0,2026-02-18 11:41:25.265
1771432885314,878.0,2026-02-18 11:41:25.314
1771432885367,878.0,2026-02-18 11:41:25.367
1771432885416,878.0,2026-02-18 11:41:25.416
1771432885465,878.0,2026-02-18 11:41:25.465
1771432885519,879.0,2026-02-18 11:41:25.519
1771432885568,879.0,2026-02-18 11:41:25.568
1771432885617,879.0,2026-02-18 11:41:25.617
1771432885666,879.0,2026-02-18 11:41:25.666
1771432885719,879.0,2026-02-18 11:41:25.719
1771432885768,879.0,2026-02-18 11:41:25.768
1771432885818,879.0,2026-02-18 11:41:25.818
1771432885871,879.0,2026-02-18 11:41:25.871
1771432885920,879.0,2026-02-18 11:41:25.920
1771432885969,879.0,2026-02-18 11:41:25.969
1771432886019,879.0,2026-02-18 11:41:26.019
1771432886071,879.0,2026-02-18 11:41:26.071
1771432886121,879.0,2026-02-18 11:41:26.121
1771432886170,880.0,2026-02-18 11:41:26.170
1771432886223,880.0,2026-02-18 11:41:26.223
1771432886272,881.0,2026-02-18 11:41:26.272
1771432886321,881.0,2026-02-18 11:41:26.321
1771432886371,882.0,2026-02-18 11:41:26.371
1771432886424,882.0,2026-02-18 11:41:26.424
1771432886473,883.0,2026-02-18 11:41:26.473
1771432886522,883.0,2026-02-18 11:41:26.522
1771432886571,883.0,2026-02-18 11:41:26.571
1771432886624,884.0,2026-02-18 11:41:26.624
1771432886674,883.0,2026-02-18 11:41:26.674
1771432886723,884.0,2026-02-18 11:41:26.723
1771432886776,883.0,2026-02-18 11:41:26.776
1771432886825,883.0,2026-02-18 11:41:26.825
1771432886875,883.0,2026-02-18 11:41:26.875
1771432886924,883.0,2026-02-18 11:41:26.924
1771432886977,883.0,2026-02-18 11:41:26.977
1771432887026,883.0,2026-02-18 11:41:27.026
1771432887075,882.0,2026-02-18 11:41:27.075
1771432887128,882.0,2026-02-18 11:41:27.128
1771432887179,882.0,2026-02-18 11:41:27.179
1771432887227,881.0,2026-02-18 11:41:27.227
1771432887276,881.0,2026-02-18 11:41:27.276
1771432887329,880.0,2026-02-18 11:41:27.329
1771432887378,880.0,2026-02-18 11:41:27.378
1771432887427,879.0,2026-02-18 11:41:27.427
1771432887483,879.0,2026-02-18 11:41:27.483
1771432887530,879.0,2026-02-18 11:41:27.530
1771432887579,878.0,2026-02-18 11:41:27.579
1771432887628,878.0,2026-02-18 11:41:27.628
1771432887681,878.0,2026-02-18 11:41:27.681
1771432887730,878.0,2026-02-18 11:41:27.730
1771432887780,878.0,2026-02-18 11:41:27.780
1771432887829,879.0,2026-02-18 11:41:27.829
1771432887882,879.0,2026-02-18 11:41:27.882
1771432887931,878.0,2026-02-18 11:41:27.931
1771432887980,878.0,2026-02-18 11:41:27.980
1771432888034,878.0,2026-02-18 11:41:28.034
1771432888083,879.0,2026-02-18 11:41:28.083
1771432888132,879.0,2026-02-18 11:41:28.132
1771432888181,879.0,2026-02-18 11:41:28.181
1771432888234,879.0,2026-02-18 11:41:28.234
1771432888283,879.0,2026-02-18 11:41:28.283
1771432888332,879.0,2026-02-18 11:41:28.332
1771432888386,879.0,2026-02-18 11:41:28.386
1771432888435,879.0,2026-02-18 11:41:28.435
1771432888484,879.0,2026-02-18 11:41:28.484
1771432888533,879.0,2026-02-18 11:41:28.533
1771432888586,880.0,2026-02-18 11:41:28.586
1771432888636,880.0,2026-02-18 11:41:28.636
1771432888687,880.0,2026-02-18 11:41:28.687
1771432888738,879.0,2026-02-18 11:41:28.738
1771432888787,880.0,2026-02-18 11:41:28.787
1771432888836,881.0,2026-02-18 11:41:28.836
1771432888885,881.0,2026-02-18 11:41:28.885
1771432888939,882.0,2026-02-18 11:41:28.939
1771432888988,882.0,2026-02-18 11:41:28.988
1771432889037,882.0,2026-02-18 11:41:29.037
1771432889086,883.0,2026-02-18 11:41:29.086
1771432889139,883.0,2026-02-18 11:41:29.139
1771432889189,883.0,2026-02-18 11:41:29.189
1771432889238,883.0,2026-02-18 11:41:29.238
1771432889291,883.0,2026-02-18 11:41:29.291
1771432889340,884.0,2026-02-18 11:41:29.340
1771432889389,883.0,2026-02-18 11:41:29.389
1771432889438,883.0,2026-02-18 11:41:29.438
1771432889492,883.0,2026-02-18 11:41:29.492
1771432889541,883.0,2026-02-18 11:41:29.541
1771432889591,883.0,2026-02-18 11:41:29.591
1771432889643,882.0,2026-02-18 11:41:29.643
1771432889692,882.0,2026-02-18 11:41:29.692
1771432889742,882.0,2026-02-18 11:41:29.742
1771432889791,881.0,2026-02-18 11:41:29.791
1771432889844,881.0,2026-02-18 11:41:29.844
1771432889893,880.0,2026-02-18 11:41:29.893
1771432889942,880.0,2026-02-18 11:41:29.942
1771432889995,880.0,2026-02-18 11:41:29.995
1771432890044,879.0,2026-02-18 11:41:30.044
1771432890094,878.0,2026-02-18 11:41:30.094
1771432890143,878.0,2026-02-18 11:41:30.143
1771432890196,878.0,2026-02-18 11:41:30.196
1771432890245,878.0,2026-02-18 11:41:30.245
1771432890294,878.0,2026-02-18 11:41:30.294
1771432890344,878.0,2026-02-18 11:41:30.344
1771432890397,878.0,2026-02-18 11:41:30.397
1771432890446,878.0,2026-02-18 11:41:30.446
1771432890495,878.0,2026-02-18 11:41:30.495
1771432890548,878.0,2026-02-18 11:41:30.548
1771432890597,878.0,2026-02-18 11:41:30.597
1771432890647,878.0,2026-02-18 11:41:30.647
1771432890696,878.0,2026-02-18 11:41:30.696
1771432890749,879.0,2026-02-18 11:41:30.749
1771432890798,878.0,2026-02-18 11:41:30.798
1771432890847,878.0,2026-02-18 11:41:30.847
1771432890901,879.0,2026-02-18 11:41:30.901
1771432890950,879.0,2026-02-18 11:41:30.950
1771432890999,879.0,2026-02-18 11:41:30.999
1771432891048,879.0,2026-02-18 11:41:31.048
1771432891101,879.0,2026-02-18 11:41:31.101
1771432891150,879.0,2026-02-18 11:41:31.150
1771432891199,879.0,2026-02-18 11:41:31.199
1771432891253,879.0,2026-02-18 11:41:31.253
1771432891302,879.0,2026-02-18 11:41:31.302
1771432891351,880.0,2026-02-18 11:41:31.351
1771432891400,880.0,2026-02-18 11:41:31.400
1771432891453,881.0,2026-02-18 11:41:31.453
1771432891503,881.0,2026-02-18 11:41:31.503
1771432891552,881.0,2026-02-18 11:41:31.552
1771432891601,882.0,2026-02-18 11:41:31.601
1771432891654,882.0,2026-02-18 11:41:31.654
1771432891703,883.0,2026-02-18 11:41:31.703
1771432891752,883.0,2026-02-18 11:41:31.752
1771432891806,883.0,2026-02-18 11:41:31.806
1771432891855,883.0,2026-02-18 11:41:31.855
1771432891904,883.0,2026-02-18 11:41:31.904
1771432891953,883.0,2026-02-18 11:41:31.953
1771432892006,883.0,2026-02-18 11:41:32.006
1771432892056,883.0,2026-02-18 11:41:32.056
1771432892105,883.0,2026-02-18 11:41:32.105
1771432892158,883.0,2026-02-18 11:41:32.158
1771432892207,882.0,2026-02-18 11:41:32.207
1771432892256,882.0,2026-02-18 11:41:32.256
1771432892305,881.0,2026-02-18 11:41:32.305
1771432892359,881.0,2026-02-18 11:41:32.359
1771432892408,881.0,2026-02-18 11:41:32.408
1771432892457,880.0,2026-02-18 11:41:32.457
1771432892510,880.0,2026-02-18 11:41:32.510
1771432892559,879.0,2026-02-18 11:41:32.559
1771432892609,879.0,2026-02-18 11:41:32.609
1771432892658,878.0,2026-02-18 11:41:32.658
1771432892711,878.0,2026-02-18 11:41:32.711
1771432892760,878.0,2026-02-18 11:41:32.760
1771432892809,878.0,2026-02-18 11:41:32.809
1771432892865,878.0,2026-02-18 11:41:32.865
1771432892912,878.0,2026-02-18 11:41:32.912
1771432892961,878.0,2026-02-18 11:41:32.961
1771432893010,878.0,2026-02-18 11:41:33.010
1771432893065,878.0,2026-02-18 11:41:33.065
1771432893112,878.0,2026-02-18 11:41:33.112
1771432893161,878.0,2026-02-18 11:41:33.161
1771432893211,878.0,2026-02-18 11:41:33.211
1771432893268,878.0,2026-02-18 11:41:33.268
1771432893314,878.0,2026-02-18 11:41:33.314
1771432893362,878.0,2026-02-18 11:41:33.362
1771432893417,878.0,2026-02-18 11:41:33.417
1771432893465,878.0,2026-02-18 11:41:33.465
1771432893514,878.0,2026-02-18 11:41:33.514
1771432893563,878.0,2026-02-18 11:41:33.563
1771432893617,878.0,2026-02-18 11:41:33.617
1771432893665,879.0,2026-02-18 11:41:33.665
1771432893714,879.0,2026-02-18 11:41:33.714
1771432893768,879.0,2026-02-18 11:41:33.768
1771432893819,879.0,2026-02-18 11:41:33.819
1771432893867,879.0,2026-02-18 11:41:33.867
1771432893915,879.0,2026-02-18 11:41:33.915
1771432893968,879.0,2026-02-18 11:41:33.968
1771432894018,880.0,2026-02-18 11:41:34.018
1771432894067,881.0,2026-02-18 11:41:34.067
1771432894120,881.0,2026-02-18 11:41:34.120
1771432894171,881.0,2026-02-18 11:41:34.171
1771432894218,882.0,2026-02-18 11:41:34.218
1771432894268,882.0,2026-02-18 11:41:34.268
1771432894320,882.0,2026-02-18 11:41:34.320
1771432894370,883.0,2026-02-18 11:41:34.370
1771432894419,883.0,2026-02-18 11:41:34.419
1771432894468,883.0,2026-02-18 11:41:34.468
1771432894521,883.0,2026-02-18 11:41:34.521
1771432894570,883.0,2026-02-18 11:41:34.570
1771432894620,883.0,2026-02-18 11:41:34.620
1771432894673,882.0,2026-02-18 11:41:34.673
1771432894722,882.0,2026-02-18 11:41:34.722
1771432894771,882.0,2026-02-18 11:41:34.771
1771432894820,882.0,2026-02-18 11:41:34.820
1771432894873,881.0,2026-02-18 11:41:34.873
1771432894923,881.0,2026-02-18 11:41:34.923
1771432894972,880.0,2026-02-18 11:41:34.972
1771432895025,880.0,2026-02-18 11:41:35.025
1771432895076,880.0,2026-02-18 11:41:35.076
1771432895123,879.0,2026-02-18 11:41:35.123
1771432895173,878.0,2026-02-18 11:41:35.173
1771432895226,878.0,2026-02-18 11:41:35.226
1771432895275,877.0,2026-02-18 11:41:35.275
1771432895324,877.0,2026-02-18 11:41:35.324
1771432895377,877.0,2026-02-18 11:41:35.377
1771432895426,877.0,2026-02-18 11:41:35.426
1771432895476,877.0,2026-02-18 11:41:35.476
1771432895525,877.0,2026-02-18 11:41:35.525
1771432895578,877.0,2026-02-18 11:41:35.578
1771432895627,877.0,2026-02-18 11:41:35.627
1771432895676,877.0,2026-02-18 11:41:35.676
1771432895725,877.0,2026-02-18 11:41:35.725
1771432895779,877.0,2026-02-18 11:41:35.779
1771432895828,877.0,2026-02-18 11:41:35.828
1771432895877,878.0,2026-02-18 11:41:35.877
1771432895930,877.0,2026-02-18 11:41:35.930
1771432895980,878.0,2026-02-18 11:41:35.980
1771432896028,878.0,2026-02-18 11:41:36.028
1771432896078,878.0,2026-02-18 11:41:36.078
1771432896133,878.0,2026-02-18 11:41:36.133
1771432896184,878.0,2026-02-18 11:41:36.184
1771432896229,878.0,2026-02-18 11:41:36.229
1771432896282,878.0,2026-02-18 11:41:36.282
1771432896332,878.0,2026-02-18 11:41:36.332
1771432896381,878.0,2026-02-18 11:41:36.381
1771432896430,878.0,2026-02-18 11:41:36.430
1771432896483,879.0,2026-02-18 11:41:36.483
1771432896532,879.0,2026-02-18 11:41:36.532
1771432896581,879.0,2026-02-18 11:41:36.581
1771432896635,880.0,2026-02-18 11:41:36.635
1771432896687,880.0,2026-02-18 11:41:36.687
1771432896733,881.0,2026-02-18 11:41:36.733
1771432896782,881.0,2026-02-18 11:41:36.782
1771432896836,882.0,2026-02-18 11:41:36.836
1771432896884,882.0,2026-02-18 11:41:36.884
1771432896934,882.0,2026-02-18 11:41:36.934
1771432896983,882.0,2026-02-18 11:41:36.983
1771432897036,882.0,2026-02-18 11:41:37.036
1771432897085,882.0,2026-02-18 11:41:37.085
1771432897134,882.0,2026-02-18 11:41:37.134
1771432897189,882.0,2026-02-18 11:41:37.189
1771432897237,882.0,2026-02-18 11:41:37.237
1771432897286,882.0,2026-02-18 11:41:37.286
1771432897335,881.0,2026-02-18 11:41:37.335
1771432897388,881.0,2026-02-18 11:41:37.388
1771432897437,881.0,2026-02-18 11:41:37.437
1771432897487,880.0,2026-02-18 11:41:37.487
1771432897540,880.0,2026-02-18 11:41:37.540
1771432897589,880.0,2026-02-18 11:41:37.589
1771432897638,879.0,2026-02-18 11:41:37.638
1771432897687,878.0,2026-02-18 11:41:37.687
1771432897740,878.0,2026-02-18 11:41:37.740
1771432897790,877.0,2026-02-18 11:41:37.790
1771432897839,877.0,2026-02-18 11:41:37.839
1771432897892,877.0,2026-02-18 11:41:37.892
1771432897941,877.0,2026-02-18 11:41:37.941
1771432897991,877.0,2026-02-18 11:41:37.991
1771432898040,877.0,2026-02-18 11:41:38.040
1771432898093,877.0,2026-02-18 11:41:38.093
1771432898142,877.0,2026-02-18 11:41:38.142
1771432898191,877.0,2026-02-18 11:41:38.191
1771432898240,877.0,2026-02-18 11:41:38.240
1771432898293,877.0,2026-02-18 11:41:38.293
1771432898343,877.0,2026-02-18 11:41:38.343
1771432898392,877.0,2026-02-18 11:41:38.392
1771432898445,877.0,2026-02-18 11:41:38.445
1771432898494,877.0,2026-02-18 11:41:38.494
1771432898543,877.0,2026-02-18 11:41:38.543
1771432898592,877.0,2026-02-18 11:41:38.592
1771432898646,877.0,2026-02-18 11:41:38.646
1771432898695,877.0,2026-02-18 11:41:38.695
1771432898744,878.0,2026-02-18 11:41:38.744
1771432898798,878.0,2026-02-18 11:41:38.798
1771432898847,878.0,2026-02-18 11:41:38.847
1771432898896,878.0,2026-02-18 11:41:38.896
1771432898945,878.0,2026-02-18 11:41:38.945
1771432899002,878.0,2026-02-18 11:41:39.002
1771432899048,878.0,2026-02-18 11:41:39.048
1771432899096,878.0,2026-02-18 11:41:39.096
1771432899151,879.0,2026-02-18 11:41:39.151
1771432899199,879.0,2026-02-18 11:41:39.199
1771432899248,880.0,2026-02-18 11:41:39.248
1771432899297,880.0,2026-02-18 11:41:39.297
1771432899350,881.0,2026-02-18 11:41:39.350
1771432899399,881.0,2026-02-18 11:41:39.399
1771432899449,881.0,2026-02-18 11:41:39.449
1771432899502,882.0,2026-02-18 11:41:39.502
1771432899551,882.0,2026-02-18 11:41:39.551
1771432899600,882.0,2026-02-18 11:41:39.600
1771432899649,882.0,2026-02-18 11:41:39.649
1771432899702,882.0,2026-02-18 11:41:39.702
1771432899752,882.0,2026-02-18 11:41:39.752
1771432899801,882.0,2026-02-18 11:41:39.801
1771432899850,882.0,2026-02-18 11:41:39.850
1771432899903,881.0,2026-02-18 11:41:39.903
1771432899952,881.0,2026-02-18 11:41:39.952
1771432900002,881.0,2026-02-18 11:41:40.002
1771432900056,880.0,2026-02-18 11:41:40.056
1771432900104,880.0,2026-02-18 11:41:40.104
1771432900153,880.0,2026-02-18 11:41:40.153
1771432900202,880.0,2026-02-18 11:41:40.202
1771432900255,879.0,2026-02-18 11:41:40.255
1771432900305,878.0,2026-02-18 11:41:40.305
1771432900354,878.0,2026-02-18 11:41:40.354
1771432900407,878.0,2026-02-18 11:41:40.407
1771432900456,877.0,2026-02-18 11:41:40.456
1771432900505,877.0,2026-02-18 11:41:40.505
1771432900554,877.0,2026-02-18 11:41:40.554
1771432900608,878.0,2026-02-18 11:41:40.608
1771432900657,877.0,2026-02-18 11:41:40.657
1771432900706,878.0,2026-02-18 11:41:40.706
1771432900759,878.0,2026-02-18 11:41:40.759
1771432900808,878.0,2026-02-18 11:41:40.808
1771432900857,878.0,2026-02-18 11:41:40.857
1771432900907,878.0,2026-02-18 11:41:40.907
1771432900960,878.0,2026-02-18 11:41:40.960
1771432901009,878.0,2026-02-18 11:41:41.009
1771432901059,878.0,2026-02-18 11:41:41.059
1771432901107,878.0,2026-02-18 11:41:41.107
1771432901160,878.0,2026-02-18 11:41:41.160
1771432901210,879.0,2026-02-18 11:41:41.210
1771432901259,879.0,2026-02-18 11:41:41.259
1771432901312,879.0,2026-02-18 11:41:41.312
1771432901361,879.0,2026-02-18 11:41:41.361
1771432901410,879.0,2026-02-18 11:41:41.410
1771432901464,879.0,2026-02-18 11:41:41.464
1771432901513,879.0,2026-02-18 11:41:41.513
1771432901562,880.0,2026-02-18 11:41:41.562
1771432901611,880.0,2026-02-18 11:41:41.611
1771432901664,880.0,2026-02-18 11:41:41.664
1771432901713,880.0,2026-02-18 11:41:41.713
1771432901763,880.0,2026-02-18 11:41:41.763
1771432901812,881.0,2026-02-18 11:41:41.812
1771432901865,882.0,2026-02-18 11:41:41.865
1771432901914,882.0,2026-02-18 11:41:41.914
1771432901963,882.0,2026-02-18 11:41:41.963
1771432902016,883.0,2026-02-18 11:41:42.016
1771432902066,883.0,2026-02-18 11:41:42.066
1771432902115,883.0,2026-02-18 11:41:42.115
1771432902164,883.0,2026-02-18 11:41:42.164
1771432902217,884.0,2026-02-18 11:41:42.217
1771432902266,884.0,2026-02-18 11:41:42.266
1771432902316,884.0,2026-02-18 11:41:42.316
1771432902365,884.0,2026-02-18 11:41:42.365
1771432902418,883.0,2026-02-18 11:41:42.418
1771432902467,883.0,2026-02-18 11:41:42.467
1771432902516,883.0,2026-02-18 11:41:42.516
1771432902569,883.0,2026-02-18 11:41:42.569
1771432902620,882.0,2026-02-18 11:41:42.620
1771432902668,882.0,2026-02-18 11:41:42.668
1771432902717,881.0,2026-02-18 11:41:42.717
1771432902770,881.0,2026-02-18 11:41:42.770
1771432902819,881.0,2026-02-18 11:41:42.819
1771432902869,880.0,2026-02-18 11:41:42.869
1771432902922,879.0,2026-02-18 11:41:42.922
1771432902971,879.0,2026-02-18 11:41:42.971
1771432903020,879.0,2026-02-18 11:41:43.020
1771432903069,878.0,2026-02-18 11:41:43.069
1771432903122,878.0,2026-02-18 11:41:43.122
1771432903172,878.0,2026-02-18 11:41:43.172
1771432903222,879.0,2026-02-18 11:41:43.222
1771432903274,878.0,2026-02-18 11:41:43.274
1771432903326,878.0,2026-02-18 11:41:43.326
1771432903372,879.0,2026-02-18 11:41:43.372
1771432903422,878.0,2026-02-18 11:41:43.422
1771432903475,878.0,2026-02-18 11:41:43.475
1771432903524,879.0,2026-02-18 11:41:43.524
1771432903573,879.0,2026-02-18 11:41:43.573
1771432903622,879.0,2026-02-18 11:41:43.622
1771432903675,879.0,2026-02-18 11:41:43.675
1771432903725,879.0,2026-02-18 11:41:43.725
1771432903774,879.0,2026-02-18 11:41:43.774
1771432903827,879.0,2026-02-18 11:41:43.827
1771432903876,879.0,2026-02-18 11:41:43.876
1771432903925,879.0,2026-02-18 11:41:43.925
1771432903974,879.0,2026-02-18 11:41:43.974
1771432904028,879.0,2026-02-18 11:41:44.028
1771432904077,879.0,2026-02-18 11:41:44.077
1771432904126,879.0,2026-02-18 11:41:44.126
1771432904179,879.0,2026-02-18 11:41:44.179
1771432904228,880.0,2026-02-18 11:41:44.228
1771432904277,880.0,2026-02-18 11:41:44.277
1771432904327,880.0,2026-02-18 11:41:44.327
1771432904380,881.0,2026-02-18 11:41:44.380
1771432904429,882.0,2026-02-18 11:41:44.429
1771432904478,882.0,2026-02-18 11:41:44.478
1771432904532,882.0,2026-02-18 11:41:44.532
1771432904581,882.0,2026-02-18 11:41:44.581
1771432904630,883.0,2026-02-18 11:41:44.630
1771432904679,883.0,2026-02-18 11:41:44.679
1771432904732,883.0,2026-02-18 11:41:44.732
1771432904781,883.0,2026-02-18 11:41:44.781
1771432904830,883.0,2026-02-18 11:41:44.830
1771432904880,883.0,2026-02-18 11:41:44.880
1771432904933,883.0,2026-02-18 11:41:44.933
1771432904982,883.0,2026-02-18 11:41:44.982
1771432905031,883.0,2026-02-18 11:41:45.031
1771432905084,883.0,2026-02-18 11:41:45.084
1771432905134,882.0,2026-02-18 11:41:45.134
1771432905185,882.0,2026-02-18 11:41:45.185
1771432905232,882.0,2026-02-18 11:41:45.232
1771432905285,881.0,2026-02-18 11:41:45.285
1771432905334,881.0,2026-02-18 11:41:45.334
1771432905383,880.0,2026-02-18 11:41:45.383
1771432905437,879.0,2026-02-18 11:41:45.437
1771432905486,879.0,2026-02-18 11:41:45.486
1771432905535,878.0,2026-02-18 11:41:45.535
1771432905584,878.0,2026-02-18 11:41:45.584
1771432905637,878.0,2026-02-18 11:41:45.637
1771432905686,878.0,2026-02-18 11:41:45.686
1771432905736,878.0,2026-02-18 11:41:45.736
1771432905789,878.0,2026-02-18 11:41:45.789
1771432905838,878.0,2026-02-18 11:41:45.838
1771432905887,878.0,2026-02-18 11:41:45.887
1771432905936,878.0,2026-02-18 11:41:45.936
1771432905989,878.0,2026-02-18 11:41:45.989
1771432906039,878.0,2026-02-18 11:41:46.039
1771432906088,878.0,2026-02-18 11:41:46.088
1771432906141,878.0,2026-02-18 11:41:46.141
1771432906190,878.0,2026-02-18 11:41:46.190
1771432906239,878.0,2026-02-18 11:41:46.239
1771432906289,878.0,2026-02-18 11:41:46.289
1771432906342,878.0,2026-02-18 11:41:46.342
1771432906391,878.0,2026-02-18 11:41:46.391
1771432906441,878.0,2026-02-18 11:41:46.441
1771432906490,879.0,2026-02-18 11:41:46.490
1771432906542,878.0,2026-02-18 11:41:46.542
1771432906592,879.0,2026-02-18 11:41:46.592
1771432906641,879.0,2026-02-18 11:41:46.641
1771432906694,879.0,2026-02-18 11:41:46.694
1771432906743,879.0,2026-02-18 11:41:46.743
1771432906792,879.0,2026-02-18 11:41:46.792
1771432906841,880.0,2026-02-18 11:41:46.841
1771432906895,880.0,2026-02-18 11:41:46.895
1771432906944,880.0,2026-02-18 11:41:46.944
1771432906993,881.0,2026-02-18 11:41:46.993
1771432907046,881.0,2026-02-18 11:41:47.046
1771432907095,882.0,2026-02-18 11:41:47.095
1771432907145,882.0,2026-02-18 11:41:47.145
1771432907194,882.0,2026-02-18 11:41:47.194
1771432907248,882.0,2026-02-18 11:41:47.248
1771432907296,883.0,2026-02-18 11:41:47.296
1771432907345,882.0,2026-02-18 11:41:47.345
1771432907399,882.0,2026-02-18 11:41:47.399
1771432907448,882.0,2026-02-18 11:41:47.448
1771432907497,882.0,2026-02-18 11:41:47.497
1771432907546,882.0,2026-02-18 11:41:47.546
1771432907600,882.0,2026-02-18 11:41:47.600
1771432907648,882.0,2026-02-18 11:41:47.648
1771432907697,881.0,2026-02-18 11:41:47.697
1771432907747,881.0,2026-02-18 11:41:47.747
1771432907801,881.0,2026-02-18 11:41:47.801
1771432907851,880.0,2026-02-18 11:41:47.851
1771432907898,880.0,2026-02-18 11:41:47.898
1771432907951,879.0,2026-02-18 11:41:47.951
1771432908001,879.0,2026-02-18 11:41:48.001
1771432908054,878.0,2026-02-18 11:41:48.054
1771432908101,878.0,2026-02-18 11:41:48.101
1771432908153,877.0,2026-02-18 11:41:48.153
1771432908201,877.0,2026-02-18 11:41:48.201
1771432908251,877.0,2026-02-18 11:41:48.251
1771432908304,877.0,2026-02-18 11:41:48.304
1771432908353,877.0,2026-02-18 11:41:48.353
1771432908402,877.0,2026-02-18 11:41:48.402
1771432908451,877.0,2026-02-18 11:41:48.451
1771432908504,877.0,2026-02-18 11:41:48.504
1771432908553,877.0,2026-02-18 11:41:48.553
1771432908603,877.0,2026-02-18 11:41:48.603
1771432908656,877.0,2026-02-18 11:41:48.656
1771432908705,877.0,2026-02-18 11:41:48.705
1771432908759,877.0,2026-02-18 11:41:48.759
1771432908803,877.0,2026-02-18 11:41:48.803
1771432908857,877.0,2026-02-18 11:41:48.857
1771432908909,878.0,2026-02-18 11:41:48.909
1771432908955,878.0,2026-02-18 11:41:48.955
1771432909004,878.0,2026-02-18 11:41:49.004
1771432909061,878.0,2026-02-18 11:41:49.061
1771432909106,878.0,2026-02-18 11:41:49.106
1771432909156,878.0,2026-02-18 11:41:49.156
1771432909210,878.0,2026-02-18 11:41:49.210
1771432909258,878.0,2026-02-18 11:41:49.258
1771432909307,878.0,2026-02-18 11:41:49.307
1771432909356,879.0,2026-02-18 11:41:49.356
1771432909409,879.0,2026-02-18 11:41:49.409
1771432909460,880.0,2026-02-18 11:41:49.460
1771432909508,880.0,2026-02-18 11:41:49.508
1771432909561,880.0,2026-02-18 11:41:49.561
1771432909611,881.0,2026-02-18 11:41:49.611
1771432909659,881.0,2026-02-18 11:41:49.659
1771432909709,882.0,2026-02-18 11:41:49.709
1771432909762,882.0,2026-02-18 11:41:49.762
1771432909811,882.0,2026-02-18 11:41:49.811
1771432909860,882.0,2026-02-18 11:41:49.860
1771432909913,882.0,2026-02-18 11:41:49.913
1771432909962,882.0,2026-02-18 11:41:49.962
1771432910014,882.0,2026-02-18 11:41:50.014
1771432910061,882.0,2026-02-18 11:41:50.061
1771432910115,882.0,2026-02-18 11:41:50.115
1771432910163,882.0,2026-02-18 11:41:50.163
1771432910212,881.0,2026-02-18 11:41:50.212
1771432910262,881.0,2026-02-18 11:41:50.262
1771432910315,881.0,2026-02-18 11:41:50.315
1771432910364,880.0,2026-02-18 11:41:50.364
1771432910413,880.0,2026-02-18 11:41:50.413
1771432910477,880.0,2026-02-18 11:41:50.477
1771432910516,879.0,2026-02-18 11:41:50.516
1771432910565,878.0,2026-02-18 11:41:50.565
1771432910614,878.0,2026-02-18 11:41:50.614
1771432910667,877.0,2026-02-18 11:41:50.667
1771432910716,877.0,2026-02-18 11:41:50.716
1771432910767,877.0,2026-02-18 11:41:50.767
1771432910818,877.0,2026-02-18 11:41:50.818
1771432910868,877.0,2026-02-18 11:41:50.868
1771432910917,877.0,2026-02-18 11:41:50.917
1771432910966,877.0,2026-02-18 11:41:50.966
1771432911027,878.0,2026-02-18 11:41:51.027
1771432911068,878.0,2026-02-18 11:41:51.068
1771432911118,877.0,2026-02-18 11:41:51.118
1771432911171,878.0,2026-02-18 11:41:51.171
1771432911220,878.0,2026-02-18 11:41:51.220
1771432911269,878.0,2026-02-18 11:41:51.269
1771432911319,878.0,2026-02-18 11:41:51.319
1771432911372,878.0,2026-02-18 11:41:51.372
1771432911421,878.0,2026-02-18 11:41:51.421
1771432911470,879.0,2026-02-18 11:41:51.470
1771432911519,878.0,2026-02-18 11:41:51.519
1771432911572,879.0,2026-02-18 11:41:51.572
1771432911621,879.0,2026-02-18 11:41:51.621
1771432911670,879.0,2026-02-18 11:41:51.670
1771432911724,879.0,2026-02-18 11:41:51.724
1771432911773,879.0,2026-02-18 11:41:51.773
1771432911822,879.0,2026-02-18 11:41:51.822
1771432911871,880.0,2026-02-18 11:41:51.871
1771432911924,880.0,2026-02-18 11:41:51.924
1771432911974,881.0,2026-02-18 11:41:51.974
1771432912023,881.0,2026-02-18 11:41:52.023
1771432912076,881.0,2026-02-18 11:41:52.076
1771432912125,882.0,2026-02-18 11:41:52.125
1771432912174,882.0,2026-02-18 11:41:52.174
1771432912223,883.0,2026-02-18 11:41:52.223
1771432912277,883.0,2026-02-18 11:41:52.277
1771432912332,884.0,2026-02-18 11:41:52.332
1771432912375,884.0,2026-02-18 11:41:52.375
1771432912428,884.0,2026-02-18 11:41:52.428
1771432912477,884.0,2026-02-18 11:41:52.477
1771432912527,884.0,2026-02-18 11:41:52.527
1771432912576,884.0,2026-02-18 11:41:52.576
1771432912629,884.0,2026-02-18 11:41:52.629
1771432912678,884.0,2026-02-18 11:41:52.678
1771432912727,883.0,2026-02-18 11:41:52.727
1771432912780,883.0,2026-02-18 11:41:52.780
1771432912829,883.0,2026-02-18 11:41:52.829
1771432912879,882.0,2026-02-18 11:41:52.879
1771432912928,882.0,2026-02-18 11:41:52.928
1771432912981,882.0,2026-02-18 11:41:52.981
1771432913030,881.0,2026-02-18 11:41:53.030
1771432913079,881.0,2026-02-18 11:41:53.079
1771432913129,880.0,2026-02-18 11:41:53.129
1771432913182,879.0,2026-02-18 11:41:53.182
1771432913232,879.0,2026-02-18 11:41:53.232
1771432913280,879.0,2026-02-18 11:41:53.280
1771432913333,879.0,2026-02-18 11:41:53.333
1771432913385,879.0,2026-02-18 11:41:53.385
1771432913432,879.0,2026-02-18 11:41:53.432
1771432913481,879.0,2026-02-18 11:41:53.481
1771432913534,879.0,2026-02-18 11:41:53.534
1771432913583,879.0,2026-02-18 11:41:53.583
1771432913632,879.0,2026-02-18 11:41:53.632
1771432913685,878.0,2026-02-18 11:41:53.685
1771432913735,879.0,2026-02-18 11:41:53.735
1771432913784,879.0,2026-02-18 11:41:53.784
1771432913833,879.0,2026-02-18 11:41:53.833
1771432913886,879.0,2026-02-18 11:41:53.886
1771432913935,879.0,2026-02-18 11:41:53.935
1771432913985,879.0,2026-02-18 11:41:53.985
1771432914038,879.0,2026-02-18 11:41:54.038
1771432914087,879.0,2026-02-18 11:41:54.087
1771432914136,879.0,2026-02-18 11:41:54.136
1771432914185,879.0,2026-02-18 11:41:54.185
1771432914238,879.0,2026-02-18 11:41:54.238
1771432914288,879.0,2026-02-18 11:41:54.288
1771432914337,880.0,2026-02-18 11:41:54.337
1771432914386,879.0,2026-02-18 11:41:54.386
1771432914439,880.0,2026-02-18 11:41:54.439
1771432914488,880.0,2026-02-18 11:41:54.488
1771432914537,880.0,2026-02-18 11:41:54.537
1771432914591,881.0,2026-02-18 11:41:54.591
1771432914640,881.0,2026-02-18 11:41:54.640
1771432914689,882.0,2026-02-18 11:41:54.689
1771432914738,882.0,2026-02-18 11:41:54.738
1771432914792,883.0,2026-02-18 11:41:54.792
1771432914841,883.0,2026-02-18 11:41:54.841
1771432914890,883.0,2026-02-18 11:41:54.890
1771432914943,883.0,2026-02-18 11:41:54.943
1771432914994,883.0,2026-02-18 11:41:54.994
1771432915053,884.0,2026-02-18 11:41:55.053
1771432915090,883.0,2026-02-18 11:41:55.090
1771432915144,883.0,2026-02-18 11:41:55.144
1771432915193,883.0,2026-02-18 11:41:55.193
1771432915242,883.0,2026-02-18 11:41:55.242
1771432915295,883.0,2026-02-18 11:41:55.295
1771432915344,883.0,2026-02-18 11:41:55.344
1771432915393,882.0,2026-02-18 11:41:55.393
1771432915443,882.0,2026-02-18 11:41:55.443
1771432915496,881.0,2026-02-18 11:41:55.496
1771432915545,881.0,2026-02-18 11:41:55.545
1771432915594,880.0,2026-02-18 11:41:55.594
1771432915644,880.0,2026-02-18 11:41:55.644
1771432915697,880.0,2026-02-18 11:41:55.697
1771432915746,879.0,2026-02-18 11:41:55.746
1771432915795,879.0,2026-02-18 11:41:55.795
1771432915848,878.0,2026-02-18 11:41:55.848
1771432915897,878.0,2026-02-18 11:41:55.897
1771432915946,878.0,2026-02-18 11:41:55.946
1771432915996,878.0,2026-02-18 11:41:55.996
1771432916049,878.0,2026-02-18 11:41:56.049
1771432916098,878.0,2026-02-18 11:41:56.098
1771432916147,878.0,2026-02-18 11:41:56.147
1771432916200,878.0,2026-02-18 11:41:56.200
1771432916251,878.0,2026-02-18 11:41:56.251
1771432916299,878.0,2026-02-18 11:41:56.299
1771432916348,878.0,2026-02-18 11:41:56.348
1771432916401,878.0,2026-02-18 11:41:56.401
1771432916450,878.0,2026-02-18 11:41:56.450
1771432916499,878.0,2026-02-18 11:41:56.499
1771432916553,878.0,2026-02-18 11:41:56.553
1771432916602,878.0,2026-02-18 11:41:56.602
1771432916651,878.0,2026-02-18 11:41:56.651
1771432916700,879.0,2026-02-18 11:41:56.700
1771432916753,879.0,2026-02-18 11:41:56.753
1771432916802,879.0,2026-02-18 11:41:56.802
1771432916852,879.0,2026-02-18 11:41:56.852
1771432916901,879.0,2026-02-18 11:41:56.901
1771432916954,879.0,2026-02-18 11:41:56.954
1771432917004,879.0,2026-02-18 11:41:57.004
1771432917052,879.0,2026-02-18 11:41:57.052
1771432917106,880.0,2026-02-18 11:41:57.106
1771432917155,880.0,2026-02-18 11:41:57.155
1771432917204,880.0,2026-02-18 11:41:57.204
1771432917253,881.0,2026-02-18 11:41:57.253
1771432917306,881.0,2026-02-18 11:41:57.306
1771432917355,882.0,2026-02-18 11:41:57.355
1771432917405,882.0,2026-02-18 11:41:57.405
1771432917458,882.0,2026-02-18 11:41:57.458
1771432917507,882.0,2026-02-18 11:41:57.507
1771432917556,882.0,2026-02-18 11:41:57.556
1771432917605,883.0,2026-02-18 11:41:57.605
1771432917658,883.0,2026-02-18 11:41:57.658
1771432917708,883.0,2026-02-18 11:41:57.708
1771432917757,882.0,2026-02-18 11:41:57.757
1771432917810,882.0,2026-02-18 11:41:57.810
1771432917859,882.0,2026-02-18 11:41:57.859
1771432917909,882.0,2026-02-18 11:41:57.909
1771432917957,881.0,2026-02-18 11:41:57.957
1771432918011,881.0,2026-02-18 11:41:58.011
1771432918060,880.0,2026-02-18 11:41:58.060
1771432918109,880.0,2026-02-18 11:41:58.109
1771432918162,880.0,2026-02-18 11:41:58.162
1771432918211,879.0,2026-02-18 11:41:58.211
1771432918261,879.0,2026-02-18 11:41:58.261
1771432918310,878.0,2026-02-18 11:41:58.310
1771432918363,878.0,2026-02-18 11:41:58.363
1771432918412,877.0,2026-02-18 11:41:58.412
1771432918461,877.0,2026-02-18 11:41:58.461
1771432918510,877.0,2026-02-18 11:41:58.510
1771432918564,877.0,2026-02-18 11:41:58.564
1771432918613,877.0,2026-02-18 11:41:58.613
1771432918662,877.0,2026-02-18 11:41:58.662
1771432918715,877.0,2026-02-18 11:41:58.715
1771432918764,877.0,2026-02-18 11:41:58.764
1771432918813,877.0,2026-02-18 11:41:58.813
1771432918863,877.0,2026-02-18 11:41:58.863
1771432918916,877.0,2026-02-18 11:41:58.916
1771432918965,877.0,2026-02-18 11:41:58.965
1771432919014,877.0,2026-02-18 11:41:59.014
1771432919067,877.0,2026-02-18 11:41:59.067
1771432919117,877.0,2026-02-18 11:41:59.117
1771432919166,878.0,2026-02-18 11:41:59.166
1771432919215,877.0,2026-02-18 11:41:59.215
1771432919268,878.0,2026-02-18 11:41:59.268
1771432919317,878.0,2026-02-18 11:41:59.317
1771432919366,878.0,2026-02-18 11:41:59.366
1771432919420,878.0,2026-02-18 11:41:59.420
1771432919469,878.0,2026-02-18 11:41:59.469
1771432919518,878.0,2026-02-18 11:41:59.518
1771432919567,878.0,2026-02-18 11:41:59.567
1771432919620,878.0,2026-02-18 11:41:59.620
1771432919670,879.0,2026-02-18 11:41:59.670
1771432919719,879.0,2026-02-18 11:41:59.719
1771432919768,880.0,2026-02-18 11:41:59.768
1771432919821,880.0,2026-02-18 11:41:59.821
1771432919870,881.0,2026-02-18 11:41:59.870
1771432919919,881.0,2026-02-18 11:41:59.919
1771432919973,881.0,2026-02-18 11:41:59.973
1771432920024,882.0,2026-02-18 11:42:00.024
1771432920071,882.0,2026-02-18 11:42:00.071
1771432920120,882.0,2026-02-18 11:42:00.120
1771432920173,882.0,2026-02-18 11:42:00.173
1771432920222,882.0,2026-02-18 11:42:00.222
1771432920272,882.0,2026-02-18 11:42:00.272
1771432920325,882.0,2026-02-18 11:42:00.325
1771432920374,881.0,2026-02-18 11:42:00.374
1771432920423,881.0,2026-02-18 11:42:00.423
1771432920472,881.0,2026-02-18 11:42:00.472
1771432920526,880.0,2026-02-18 11:42:00.526
1771432920575,880.0,2026-02-18 11:42:00.575
1771432920624,880.0,2026-02-18 11:42:00.624
1771432920677,880.0,2026-02-18 11:42:00.677
1771432920726,879.0,2026-02-18 11:42:00.726
1771432920775,878.0,2026-02-18 11:42:00.775
1771432920825,878.0,2026-02-18 11:42:00.825
1771432920878,877.0,2026-02-18 11:42:00.878
1771432920927,877.0,2026-02-18 11:42:00.927
1771432920976,876.0,2026-02-18 11:42:00.976
1771432921025,876.0,2026-02-18 11:42:01.025
1771432921078,876.0,2026-02-18 11:42:01.078
1771432921128,877.0,2026-02-18 11:42:01.128
1771432921177,877.0,2026-02-18 11:42:01.177
1771432921230,876.0,2026-02-18 11:42:01.230
1771432921279,877.0,2026-02-18 11:42:01.279
1771432921328,876.0,2026-02-18 11:42:01.328
1771432921378,876.0,2026-02-18 11:42:01.378
1771432921431,876.0,2026-02-18 11:42:01.431
1771432921480,876.0,2026-02-18 11:42:01.480
1771432921529,876.0,2026-02-18 11:42:01.529
1771432921584,876.0,2026-02-18 11:42:01.584
1771432921631,877.0,2026-02-18 11:42:01.631
1771432921681,877.0,2026-02-18 11:42:01.681
1771432921730,877.0,2026-02-18 11:42:01.730
1771432921783,877.0,2026-02-18 11:42:01.783
1771432921832,877.0,2026-02-18 11:42:01.832
1771432921885,877.0,2026-02-18 11:42:01.885
1771432921935,877.0,2026-02-18 11:42:01.935
1771432921984,877.0,2026-02-18 11:42:01.984
1771432922033,877.0,2026-02-18 11:42:02.033
1771432922082,877.0,2026-02-18 11:42:02.082
1771432922135,877.0,2026-02-18 11:42:02.135
1771432922187,878.0,2026-02-18 11:42:02.187
1771432922234,878.0,2026-02-18 11:42:02.234
1771432922285,879.0,2026-02-18 11:42:02.285
1771432922336,879.0,2026-02-18 11:42:02.336
1771432922385,879.0,2026-02-18 11:42:02.385
1771432922434,880.0,2026-02-18 11:42:02.434
1771432922487,880.0,2026-02-18 11:42:02.487
1771432922537,880.0,2026-02-18 11:42:02.537
1771432922586,881.0,2026-02-18 11:42:02.586
1771432922635,881.0,2026-02-18 11:42:02.635
1771432922688,881.0,2026-02-18 11:42:02.688
1771432922737,881.0,2026-02-18 11:42:02.737
1771432922786,881.0,2026-02-18 11:42:02.786
1771432922840,881.0,2026-02-18 11:42:02.840
1771432922889,881.0,2026-02-18 11:42:02.889
1771432922938,881.0,2026-02-18 11:42:02.938
1771432922987,881.0,2026-02-18 11:42:02.987
1771432923041,880.0,2026-02-18 11:42:03.041
1771432923090,880.0,2026-02-18 11:42:03.090
1771432923139,879.0,2026-02-18 11:42:03.139
1771432923192,879.0,2026-02-18 11:42:03.192
1771432923241,879.0,2026-02-18 11:42:03.241
1771432923290,878.0,2026-02-18 11:42:03.290
1771432923339,878.0,2026-02-18 11:42:03.339
1771432923393,877.0,2026-02-18 11:42:03.393
1771432923442,876.0,2026-02-18 11:42:03.442
1771432923491,876.0,2026-02-18 11:42:03.491
1771432923540,876.0,2026-02-18 11:42:03.540
1771432923593,876.0,2026-02-18 11:42:03.593
1771432923643,876.0,2026-02-18 11:42:03.643
1771432923692,876.0,2026-02-18 11:42:03.692
1771432923745,876.0,2026-02-18 11:42:03.745
1771432923794,876.0,2026-02-18 11:42:03.794
1771432923843,876.0,2026-02-18 11:42:03.843
1771432923892,876.0,2026-02-18 11:42:03.892
1771432923946,876.0,2026-02-18 11:42:03.946
1771432923995,876.0,2026-02-18 11:42:03.995
1771432924044,876.0,2026-02-18 11:42:04.044
1771432924097,876.0,2026-02-18 11:42:04.097
1771432924146,876.0,2026-02-18 11:42:04.146
1771432924196,876.0,2026-02-18 11:42:04.196
1771432924245,876.0,2026-02-18 11:42:04.245
1771432924298,876.0,2026-02-18 11:42:04.298
1771432924347,876.0,2026-02-18 11:42:04.347
1771432924401,876.0,2026-02-18 11:42:04.401
1771432924449,876.0,2026-02-18 11:42:04.449
1771432924498,877.0,2026-02-18 11:42:04.498
1771432924548,876.0,2026-02-18 11:42:04.548
1771432924597,877.0,2026-02-18 11:42:04.597
1771432924650,877.0,2026-02-18 11:42:04.650
1771432924699,877.0,2026-02-18 11:42:04.699
1771432924749,877.0,2026-02-18 11:42:04.749
1771432924802,877.0,2026-02-18 11:42:04.802
1771432924851,878.0,2026-02-18 11:42:04.851
1771432924900,878.0,2026-02-18 11:42:04.900
1771432924949,879.0,2026-02-18 11:42:04.949
1771432925005,879.0,2026-02-18 11:42:05.005
1771432925051,880.0,2026-02-18 11:42:05.051
1771432925101,880.0,2026-02-18 11:42:05.101
1771432925151,880.0,2026-02-18 11:42:05.151
1771432925203,880.0,2026-02-18 11:42:05.203
1771432925253,881.0,2026-02-18 11:42:05.253
1771432925301,881.0,2026-02-18 11:42:05.301
1771432925355,880.0,2026-02-18 11:42:05.355
1771432925404,880.0,2026-02-18 11:42:05.404
1771432925453,880.0,2026-02-18 11:42:05.453
1771432925502,880.0,2026-02-18 11:42:05.502
1771432925555,880.0,2026-02-18 11:42:05.555
1771432925605,880.0,2026-02-18 11:42:05.605
1771432925653,879.0,2026-02-18 11:42:05.653
1771432925707,879.0,2026-02-18 11:42:05.707
1771432925756,879.0,2026-02-18 11:42:05.756
1771432925805,878.0,2026-02-18 11:42:05.805
1771432925854,878.0,2026-02-18 11:42:05.854
1771432925908,877.0,2026-02-18 11:42:05.908
1771432925957,877.0,2026-02-18 11:42:05.957
1771432926006,876.0,2026-02-18 11:42:06.006
1771432926059,876.0,2026-02-18 11:42:06.059
1771432926108,875.0,2026-02-18 11:42:06.108
1771432926157,875.0,2026-02-18 11:42:06.157
1771432926207,875.0,2026-02-18 11:42:06.207
1771432926260,875.0,2026-02-18 11:42:06.260
1771432926309,875.0,2026-02-18 11:42:06.309
1771432926358,875.0,2026-02-18 11:42:06.358
1771432926407,875.0,2026-02-18 11:42:06.407
1771432926460,875.0,2026-02-18 11:42:06.460
1771432926510,875.0,2026-02-18 11:42:06.510
1771432926559,875.0,2026-02-18 11:42:06.559
1771432926612,875.0,2026-02-18 11:42:06.612
1771432926661,875.0,2026-02-18 11:42:06.661
1771432926710,875.0,2026-02-18 11:42:06.710
1771432926760,875.0,2026-02-18 11:42:06.760
1771432926813,876.0,2026-02-18 11:42:06.813
1771432926862,876.0,2026-02-18 11:42:06.862
1771432926911,876.0,2026-02-18 11:42:06.911
1771432926964,876.0,2026-02-18 11:42:06.964
1771432927013,876.0,2026-02-18 11:42:07.013
1771432927062,876.0,2026-02-18 11:42:07.062
1771432927112,876.0,2026-02-18 11:42:07.112
1771432927165,876.0,2026-02-18 11:42:07.165
1771432927214,876.0,2026-02-18 11:42:07.214
1771432927263,876.0,2026-02-18 11:42:07.263
1771432927316,877.0,2026-02-18 11:42:07.316
1771432927366,877.0,2026-02-18 11:42:07.366
1771432927415,878.0,2026-02-18 11:42:07.415
1771432927464,878.0,2026-02-18 11:42:07.464
1771432927517,878.0,2026-02-18 11:42:07.517
1771432927568,879.0,2026-02-18 11:42:07.568
1771432927615,879.0,2026-02-18 11:42:07.615
1771432927665,879.0,2026-02-18 11:42:07.665
1771432927718,880.0,2026-02-18 11:42:07.718
1771432927767,880.0,2026-02-18 11:42:07.767
1771432927821,880.0,2026-02-18 11:42:07.821
1771432927869,880.0,2026-02-18 11:42:07.869
1771432927918,880.0,2026-02-18 11:42:07.918
1771432927968,880.0,2026-02-18 11:42:07.968
1771432928017,880.0,2026-02-18 11:42:08.017
1771432928070,880.0,2026-02-18 11:42:08.070
1771432928119,880.0,2026-02-18 11:42:08.119
1771432928168,879.0,2026-02-18 11:42:08.168
1771432928222,879.0,2026-02-18 11:42:08.222
1771432928271,878.0,2026-02-18 11:42:08.271
1771432928320,878.0,2026-02-18 11:42:08.320
1771432928369,878.0,2026-02-18 11:42:08.369
1771432928422,877.0,2026-02-18 11:42:08.422
1771432928472,877.0,2026-02-18 11:42:08.472
1771432928521,876.0,2026-02-18 11:42:08.521
1771432928574,876.0,2026-02-18 11:42:08.574
1771432928623,875.0,2026-02-18 11:42:08.623
1771432928672,875.0,2026-02-18 11:42:08.672
1771432928721,875.0,2026-02-18 11:42:08.721
1771432928774,875.0,2026-02-18 11:42:08.774
1771432928824,875.0,2026-02-18 11:42:08.824
1771432928873,875.0,2026-02-18 11:42:08.873
1771432928922,875.0,2026-02-18 11:42:08.922
1771432928975,875.0,2026-02-18 11:42:08.975
1771432929024,875.0,2026-02-18 11:42:09.024
1771432929074,875.0,2026-02-18 11:42:09.074
1771432929127,875.0,2026-02-18 11:42:09.127
1771432929176,875.0,2026-02-18 11:42:09.176
1771432929225,875.0,2026-02-18 11:42:09.225
1771432929275,875.0,2026-02-18 11:42:09.275
1771432929327,875.0,2026-02-18 11:42:09.327
1771432929377,875.0,2026-02-18 11:42:09.377
1771432929426,875.0,2026-02-18 11:42:09.426
1771432929479,875.0,2026-02-18 11:42:09.479
1771432929528,875.0,2026-02-18 11:42:09.528
1771432929577,875.0,2026-02-18 11:42:09.577
1771432929627,875.0,2026-02-18 11:42:09.627
1771432929680,875.0,2026-02-18 11:42:09.680
1771432929729,876.0,2026-02-18 11:42:09.729
1771432929778,876.0,2026-02-18 11:42:09.778
1771432929831,876.0,2026-02-18 11:42:09.831
1771432929880,876.0,2026-02-18 11:42:09.880
1771432929930,877.0,2026-02-18 11:42:09.930
1771432929979,877.0,2026-02-18 11:42:09.979
1771432930032,877.0,2026-02-18 11:42:10.032
1771432930086,878.0,2026-02-18 11:42:10.086
1771432930130,878.0,2026-02-18 11:42:10.130
1771432930179,879.0,2026-02-18 11:42:10.179
1771432930233,879.0,2026-02-18 11:42:10.233
1771432930282,879.0,2026-02-18 11:42:10.282
1771432930331,879.0,2026-02-18 11:42:10.331
1771432930385,879.0,2026-02-18 11:42:10.385
1771432930433,879.0,2026-02-18 11:42:10.433
1771432930483,879.0,2026-02-18 11:42:10.483
1771432930532,879.0,2026-02-18 11:42:10.532
1771432930585,880.0,2026-02-18 11:42:10.585
1771432930634,879.0,2026-02-18 11:42:10.634
1771432930683,879.0,2026-02-18 11:42:10.683
1771432930740,879.0,2026-02-18 11:42:10.740
1771432930786,878.0,2026-02-18 11:42:10.786
1771432930835,878.0,2026-02-18 11:42:10.835
1771432930884,878.0,2026-02-18 11:42:10.884
1771432930937,877.0,2026-02-18 11:42:10.937
1771432930986,877.0,2026-02-18 11:42:10.986
1771432931036,876.0,2026-02-18 11:42:11.036
1771432931089,876.0,2026-02-18 11:42:11.089
1771432931138,875.0,2026-02-18 11:42:11.138
1771432931187,875.0,2026-02-18 11:42:11.187
1771432931236,874.0,2026-02-18 11:42:11.236
1771432931289,874.0,2026-02-18 11:42:11.289
1771432931339,874.0,2026-02-18 11:42:11.339
1771432931388,874.0,2026-02-18 11:42:11.388
1771432931437,874.0,2026-02-18 11:42:11.437
1771432931490,874.0,2026-02-18 11:42:11.490
1771432931539,874.0,2026-02-18 11:42:11.539
1771432931588,874.0,2026-02-18 11:42:11.588
1771432931642,874.0,2026-02-18 11:42:11.642
1771432931691,874.0,2026-02-18 11:42:11.691
1771432931740,874.0,2026-02-18 11:42:11.740
1771432931790,874.0,2026-02-18 11:42:11.790
1771432931842,874.0,2026-02-18 11:42:11.842
1771432931891,874.0,2026-02-18 11:42:11.891
1771432931941,874.0,2026-02-18 11:42:11.941
1771432931994,875.0,2026-02-18 11:42:11.994
1771432932043,875.0,2026-02-18 11:42:12.043
1771432932092,875.0,2026-02-18 11:42:12.092
1771432932141,875.0,2026-02-18 11:42:12.141
1771432932195,875.0,2026-02-18 11:42:12.195
1771432932244,875.0,2026-02-18 11:42:12.244
1771432932293,875.0,2026-02-18 11:42:12.293
1771432932346,875.0,2026-02-18 11:42:12.346
1771432932395,875.0,2026-02-18 11:42:12.395
1771432932444,876.0,2026-02-18 11:42:12.444
1771432932494,876.0,2026-02-18 11:42:12.494
1771432932547,877.0,2026-02-18 11:42:12.547
1771432932596,877.0,2026-02-18 11:42:12.596
1771432932645,878.0,2026-02-18 11:42:12.645
1771432932698,878.0,2026-02-18 11:42:12.698
1771432932748,878.0,2026-02-18 11:42:12.748
1771432932797,879.0,2026-02-18 11:42:12.797
1771432932846,879.0,2026-02-18 11:42:12.846
1771432932899,879.0,2026-02-18 11:42:12.899
1771432932948,879.0,2026-02-18 11:42:12.948
1771432932997,879.0,2026-02-18 11:42:12.997
1771432933047,879.0,2026-02-18 11:42:13.047
1771432933100,879.0,2026-02-18 11:42:13.100
1771432933149,879.0,2026-02-18 11:42:13.149
1771432933198,879.0,2026-02-18 11:42:13.198
1771432933251,879.0,2026-02-18 11:42:13.251
1771432933300,878.0,2026-02-18 11:42:13.300
1771432933350,878.0,2026-02-18 11:42:13.350
1771432933399,878.0,2026-02-18 11:42:13.399
1771432933452,877.0,2026-02-18 11:42:13.452
1771432933501,877.0,2026-02-18 11:42:13.501
1771432933550,876.0,2026-02-18 11:42:13.550
1771432933603,876.0,2026-02-18 11:42:13.603
1771432933656,875.0,2026-02-18 11:42:13.656
1771432933702,874.0,2026-02-18 11:42:13.702
1771432933753,874.0,2026-02-18 11:42:13.753
1771432933804,874.0,2026-02-18 11:42:13.804
1771432933853,874.0,2026-02-18 11:42:13.853
1771432933903,874.0,2026-02-18 11:42:13.903
1771432933956,874.0,2026-02-18 11:42:13.956
1771432934005,874.0,2026-02-18 11:42:14.005
1771432934054,874.0,2026-02-18 11:42:14.054
1771432934105,874.0,2026-02-18 11:42:14.105
1771432934156,874.0,2026-02-18 11:42:14.156
1771432934206,874.0,2026-02-18 11:42:14.206
1771432934255,874.0,2026-02-18 11:42:14.255
1771432934304,874.0,2026-02-18 11:42:14.304
1771432934357,874.0,2026-02-18 11:42:14.357
1771432934407,874.0,2026-02-18 11:42:14.407
1771432934455,874.0,2026-02-18 11:42:14.455
1771432934509,874.0,2026-02-18 11:42:14.509
1771432934558,874.0,2026-02-18 11:42:14.558
1771432934607,874.0,2026-02-18 11:42:14.607
1771432934656,875.0,2026-02-18 11:42:14.656
1771432934709,875.0,2026-02-18 11:42:14.709
1771432934758,875.0,2026-02-18 11:42:14.758
1771432934808,875.0,2026-02-18 11:42:14.808
1771432934861,875.0,2026-02-18 11:42:14.861
1771432934910,875.0,2026-02-18 11:42:14.910
1771432934959,875.0,2026-02-18 11:42:14.959
1771432935008,875.0,2026-02-18 11:42:15.008
1771432935062,876.0,2026-02-18 11:42:15.062
1771432935111,876.0,2026-02-18 11:42:15.111
1771432935160,877.0,2026-02-18 11:42:15.160
1771432935213,877.0,2026-02-18 11:42:15.213
1771432935262,877.0,2026-02-18 11:42:15.262
1771432935312,878.0,2026-02-18 11:42:15.312
1771432935361,878.0,2026-02-18 11:42:15.361
1771432935414,879.0,2026-02-18 11:42:15.414
1771432935464,879.0,2026-02-18 11:42:15.464
1771432935512,879.0,2026-02-18 11:42:15.512
1771432935561,879.0,2026-02-18 11:42:15.561
1771432935615,879.0,2026-02-18 11:42:15.615
1771432935664,879.0,2026-02-18 11:42:15.664
1771432935714,879.0,2026-02-18 11:42:15.714
1771432935766,878.0,2026-02-18 11:42:15.766
1771432935815,878.0,2026-02-18 11:42:15.815
1771432935864,878.0,2026-02-18 11:42:15.864
1771432935914,877.0,2026-02-18 11:42:15.914
1771432935967,877.0,2026-02-18 11:42:15.967
1771432936016,877.0,2026-02-18 11:42:16.016
1771432936065,876.0,2026-02-18 11:42:16.065
1771432936118,876.0,2026-02-18 11:42:16.118
1771432936168,875.0,2026-02-18 11:42:16.168
1771432936217,875.0,2026-02-18 11:42:16.217
1771432936266,874.0,2026-02-18 11:42:16.266
1771432936319,874.0,2026-02-18 11:42:16.319
1771432936369,874.0,2026-02-18 11:42:16.369
1771432936417,874.0,2026-02-18 11:42:16.417
1771432936471,873.0,2026-02-18 11:42:16.471
1771432936520,873.0,2026-02-18 11:42:16.520
1771432936569,873.0,2026-02-18 11:42:16.569
1771432936618,873.0,2026-02-18 11:42:16.618
1771432936671,874.0,2026-02-18 11:42:16.671
1771432936720,874.0,2026-02-18 11:42:16.720
1771432936770,873.0,2026-02-18 11:42:16.770
1771432936819,873.0,2026-02-18 11:42:16.819
1771432936872,873.0,2026-02-18 11:42:16.872
1771432936921,873.0,2026-02-18 11:42:16.921
1771432936970,874.0,2026-02-18 11:42:16.970
1771432937023,874.0,2026-02-18 11:42:17.023
1771432937073,874.0,2026-02-18 11:42:17.073
1771432937122,874.0,2026-02-18 11:42:17.122
1771432937171,874.0,2026-02-18 11:42:17.171
1771432937224,874.0,2026-02-18 11:42:17.224
1771432937273,874.0,2026-02-18 11:42:17.273
1771432937323,874.0,2026-02-18 11:42:17.323
1771432937376,874.0,2026-02-18 11:42:17.376
1771432937425,874.0,2026-02-18 11:42:17.425
1771432937474,875.0,2026-02-18 11:42:17.474
1771432937523,875.0,2026-02-18 11:42:17.523
1771432937576,875.0,2026-02-18 11:42:17.576
1771432937626,875.0,2026-02-18 11:42:17.626
1771432937675,876.0,2026-02-18 11:42:17.675
1771432937728,876.0,2026-02-18 11:42:17.728
1771432937777,877.0,2026-02-18 11:42:17.777
1771432937826,877.0,2026-02-18 11:42:17.826
1771432937875,877.0,2026-02-18 11:42:17.875
1771432937929,878.0,2026-02-18 11:42:17.929
1771432937978,878.0,2026-02-18 11:42:17.978
1771432938027,878.0,2026-02-18 11:42:18.027
1771432938076,878.0,2026-02-18 11:42:18.076
1771432938131,878.0,2026-02-18 11:42:18.131
1771432938179,878.0,2026-02-18 11:42:18.179
1771432938228,878.0,2026-02-18 11:42:18.228
1771432938281,878.0,2026-02-18 11:42:18.281
1771432938332,878.0,2026-02-18 11:42:18.332
1771432938379,878.0,2026-02-18 11:42:18.379
1771432938428,878.0,2026-02-18 11:42:18.428
1771432938482,877.0,2026-02-18 11:42:18.482
1771432938532,877.0,2026-02-18 11:42:18.532
1771432938580,877.0,2026-02-18 11:42:18.580
1771432938633,876.0,2026-02-18 11:42:18.633
1771432938683,876.0,2026-02-18 11:42:18.683
1771432938732,875.0,2026-02-18 11:42:18.732
1771432938781,875.0,2026-02-18 11:42:18.781
1771432938834,874.0,2026-02-18 11:42:18.834
1771432938883,873.0,2026-02-18 11:42:18.883
1771432938932,873.0,2026-02-18 11:42:18.932
1771432938986,873.0,2026-02-18 11:42:18.986
1771432939035,873.0,2026-02-18 11:42:19.035
1771432939084,873.0,2026-02-18 11:42:19.084
1771432939133,873.0,2026-02-18 11:42:19.133
1771432939186,873.0,2026-02-18 11:42:19.186
1771432939235,873.0,2026-02-18 11:42:19.235
1771432939285,873.0,2026-02-18 11:42:19.285
1771432939334,873.0,2026-02-18 11:42:19.334
1771432939387,873.0,2026-02-18 11:42:19.387
1771432939436,873.0,2026-02-18 11:42:19.436
1771432939485,873.0,2026-02-18 11:42:19.485
1771432939539,873.0,2026-02-18 11:42:19.539
1771432939588,873.0,2026-02-18 11:42:19.588
1771432939637,874.0,2026-02-18 11:42:19.637
1771432939686,874.0,2026-02-18 11:42:19.686
1771432939739,874.0,2026-02-18 11:42:19.739
1771432939788,874.0,2026-02-18 11:42:19.788
1771432939837,874.0,2026-02-18 11:42:19.837
1771432939891,874.0,2026-02-18 11:42:19.891
1771432939940,874.0,2026-02-18 11:42:19.940
1771432939989,874.0,2026-02-18 11:42:19.989
1771432940038,874.0,2026-02-18 11:42:20.038
1771432940091,874.0,2026-02-18 11:42:20.091
1771432940140,874.0,2026-02-18 11:42:20.140
1771432940190,875.0,2026-02-18 11:42:20.190
1771432940243,875.0,2026-02-18 11:42:20.243
1771432940292,876.0,2026-02-18 11:42:20.292
1771432940341,876.0,2026-02-18 11:42:20.341
1771432940391,877.0,2026-02-18 11:42:20.391
1771432940443,877.0,2026-02-18 11:42:20.443
1771432940493,877.0,2026-02-18 11:42:20.493
1771432940542,878.0,2026-02-18 11:42:20.542
1771432940591,878.0,2026-02-18 11:42:20.591
1771432940644,878.0,2026-02-18 11:42:20.644
1771432940693,878.0,2026-02-18 11:42:20.693
1771432940743,878.0,2026-02-18 11:42:20.743
1771432940796,878.0,2026-02-18 11:42:20.796
1771432940845,878.0,2026-02-18 11:42:20.845
1771432940894,878.0,2026-02-18 11:42:20.894
1771432940943,878.0,2026-02-18 11:42:20.943
1771432940996,877.0,2026-02-18 11:42:20.996
1771432941046,877.0,2026-02-18 11:42:21.046
1771432941095,876.0,2026-02-18 11:42:21.095
1771432941148,876.0,2026-02-18 11:42:21.148
1771432941197,876.0,2026-02-18 11:42:21.197
1771432941246,875.0,2026-02-18 11:42:21.246
1771432941295,875.0,2026-02-18 11:42:21.295
1771432941349,874.0,2026-02-18 11:42:21.349
1771432941398,874.0,2026-02-18 11:42:21.398
1771432941447,873.0,2026-02-18 11:42:21.447
1771432941500,873.0,2026-02-18 11:42:21.500
1771432941550,873.0,2026-02-18 11:42:21.550
1771432941599,873.0,2026-02-18 11:42:21.599
1771432941648,873.0,2026-02-18 11:42:21.648
1771432941701,873.0,2026-02-18 11:42:21.701
1771432941750,873.0,2026-02-18 11:42:21.750
1771432941799,873.0,2026-02-18 11:42:21.799
1771432941849,873.0,2026-02-18 11:42:21.849
1771432941902,873.0,2026-02-18 11:42:21.902
1771432941951,873.0,2026-02-18 11:42:21.951
1771432942000,873.0,2026-02-18 11:42:22.000
1771432942053,873.0,2026-02-18 11:42:22.053
1771432942102,873.0,2026-02-18 11:42:22.102
1771432942151,873.0,2026-02-18 11:42:22.151
1771432942201,873.0,2026-02-18 11:42:22.201
1771432942254,873.0,2026-02-18 11:42:22.254
1771432942303,873.0,2026-02-18 11:42:22.303
1771432942352,873.0,2026-02-18 11:42:22.352
1771432942405,873.0,2026-02-18 11:42:22.405
1771432942455,873.0,2026-02-18 11:42:22.455
1771432942504,874.0,2026-02-18 11:42:22.504
1771432942553,874.0,2026-02-18 11:42:22.553
1771432942606,874.0,2026-02-18 11:42:22.606
1771432942662,874.0,2026-02-18 11:42:22.662
1771432942705,874.0,2026-02-18 11:42:22.705
1771432942758,874.0,2026-02-18 11:42:22.758
1771432942807,875.0,2026-02-18 11:42:22.807
1771432942856,875.0,2026-02-18 11:42:22.856
1771432942905,876.0,2026-02-18 11:42:22.905
1771432942958,876.0,2026-02-18 11:42:22.958
1771432943008,876.0,2026-02-18 11:42:23.008
1771432943057,877.0,2026-02-18 11:42:23.057
1771432943106,877.0,2026-02-18 11:42:23.106
1771432943159,877.0,2026-02-18 11:42:23.159
1771432943208,877.0,2026-02-18 11:42:23.208
1771432943257,877.0,2026-02-18 11:42:23.257
1771432943311,877.0,2026-02-18 11:42:23.311
1771432943360,877.0,2026-02-18 11:42:23.360
1771432943409,877.0,2026-02-18 11:42:23.409
1771432943458,877.0,2026-02-18 11:42:23.458
1771432943511,877.0,2026-02-18 11:42:23.511
1771432943561,877.0,2026-02-18 11:42:23.561
1771432943610,876.0,2026-02-18 11:42:23.610
1771432943663,876.0,2026-02-18 11:42:23.663
1771432943712,876.0,2026-02-18 11:42:23.712
1771432943761,875.0,2026-02-18 11:42:23.761
1771432943810,875.0,2026-02-18 11:42:23.810
1771432943864,874.0,2026-02-18 11:42:23.864
1771432943913,874.0,2026-02-18 11:42:23.913
1771432943962,873.0,2026-02-18 11:42:23.962
1771432944015,873.0,2026-02-18 11:42:24.015
1771432944064,873.0,2026-02-18 11:42:24.064
1771432944113,872.0,2026-02-18 11:42:24.113
1771432944163,872.0,2026-02-18 11:42:24.163
1771432944216,872.0,2026-02-18 11:42:24.216
1771432944265,872.0,2026-02-18 11:42:24.265
1771432944314,873.0,2026-02-18 11:42:24.314
1771432944368,873.0,2026-02-18 11:42:24.368
1771432944417,873.0,2026-02-18 11:42:24.417
1771432944466,873.0,2026-02-18 11:42:24.466
1771432944515,873.0,2026-02-18 11:42:24.515
1771432944568,873.0,2026-02-18 11:42:24.568
1771432944617,873.0,2026-02-18 11:42:24.617
1771432944668,873.0,2026-02-18 11:42:24.668
1771432944717,873.0,2026-02-18 11:42:24.717
1771432944769,873.0,2026-02-18 11:42:24.769
1771432944818,874.0,2026-02-18 11:42:24.818
1771432944868,874.0,2026-02-18 11:42:24.868
1771432944920,874.0,2026-02-18 11:42:24.920
1771432944969,874.0,2026-02-18 11:42:24.969
1771432945019,874.0,2026-02-18 11:42:25.019
1771432945068,875.0,2026-02-18 11:42:25.068
1771432945121,875.0,2026-02-18 11:42:25.121
1771432945181,875.0,2026-02-18 11:42:25.181
1771432945219,875.0,2026-02-18 11:42:25.219
1771432945272,875.0,2026-02-18 11:42:25.272
1771432945322,876.0,2026-02-18 11:42:25.322
1771432945371,876.0,2026-02-18 11:42:25.371
1771432945420,877.0,2026-02-18 11:42:25.420
1771432945473,877.0,2026-02-18 11:42:25.473
1771432945522,878.0,2026-02-18 11:42:25.522
1771432945571,879.0,2026-02-18 11:42:25.571
1771432945625,879.0,2026-02-18 11:42:25.625
1771432945674,880.0,2026-02-18 11:42:25.674
1771432945727,880.0,2026-02-18 11:42:25.727
1771432945772,880.0,2026-02-18 11:42:25.772
1771432945826,881.0,2026-02-18 11:42:25.826
1771432945875,881.0,2026-02-18 11:42:25.875
1771432945924,881.0,2026-02-18 11:42:25.924
1771432945973,881.0,2026-02-18 11:42:25.973
1771432946026,881.0,2026-02-18 11:42:26.026
1771432946075,881.0,2026-02-18 11:42:26.075
1771432946124,881.0,2026-02-18 11:42:26.124
1771432946178,881.0,2026-02-18 11:42:26.178
1771432946227,881.0,2026-02-18 11:42:26.227
1771432946276,880.0,2026-02-18 11:42:26.276
1771432946325,880.0,2026-02-18 11:42:26.325
1771432946378,880.0,2026-02-18 11:42:26.378
1771432946428,880.0,2026-02-18 11:42:26.428
1771432946477,879.0,2026-02-18 11:42:26.477
1771432946530,879.0,2026-02-18 11:42:26.530
1771432946579,878.0,2026-02-18 11:42:26.579
1771432946628,878.0,2026-02-18 11:42:26.628
1771432946677,878.0,2026-02-18 11:42:26.677
1771432946731,878.0,2026-02-18 11:42:26.731
1771432946780,878.0,2026-02-18 11:42:26.780
1771432946829,878.0,2026-02-18 11:42:26.829
1771432946882,878.0,2026-02-18 11:42:26.882
1771432946932,878.0,2026-02-18 11:42:26.932
1771432946980,878.0,2026-02-18 11:42:26.980
1771432947030,878.0,2026-02-18 11:42:27.030
1771432947083,878.0,2026-02-18 11:42:27.083
1771432947135,878.0,2026-02-18 11:42:27.135
1771432947182,878.0,2026-02-18 11:42:27.182
1771432947232,878.0,2026-02-18 11:42:27.232
1771432947283,878.0,2026-02-18 11:42:27.283
1771432947333,879.0,2026-02-18 11:42:27.333
1771432947382,879.0,2026-02-18 11:42:27.382
1771432947435,879.0,2026-02-18 11:42:27.435
1771432947484,879.0,2026-02-18 11:42:27.484
1771432947533,879.0,2026-02-18 11:42:27.533
1771432947583,879.0,2026-02-18 11:42:27.583
1771432947636,879.0,2026-02-18 11:42:27.636
1771432947685,879.0,2026-02-18 11:42:27.685
1771432947734,879.0,2026-02-18 11:42:27.734
1771432947787,880.0,2026-02-18 11:42:27.787
1771432947836,880.0,2026-02-18 11:42:27.836
1771432947886,880.0,2026-02-18 11:42:27.886
1771432947935,880.0,2026-02-18 11:42:27.935
1771432947988,881.0,2026-02-18 11:42:27.988
1771432948037,881.0,2026-02-18 11:42:28.037
1771432948086,882.0,2026-02-18 11:42:28.086
1771432948140,882.0,2026-02-18 11:42:28.140
1771432948189,883.0,2026-02-18 11:42:28.189
1771432948238,883.0,2026-02-18 11:42:28.238
1771432948287,883.0,2026-02-18 11:42:28.287
1771432948340,884.0,2026-02-18 11:42:28.340
1771432948389,884.0,2026-02-18 11:42:28.389
1771432948439,884.0,2026-02-18 11:42:28.439
1771432948490,884.0,2026-02-18 11:42:28.490
1771432948541,884.0,2026-02-18 11:42:28.541
1771432948590,884.0,2026-02-18 11:42:28.590
1771432948639,883.0,2026-02-18 11:42:28.639
1771432948697,884.0,2026-02-18 11:42:28.697
1771432948742,883.0,2026-02-18 11:42:28.742
1771432948791,883.0,2026-02-18 11:42:28.791
1771432948840,882.0,2026-02-18 11:42:28.840
1771432948893,882.0,2026-02-18 11:42:28.893
1771432948942,882.0,2026-02-18 11:42:28.942
1771432948992,882.0,2026-02-18 11:42:28.992
1771432949045,881.0,2026-02-18 11:42:29.045
1771432949094,880.0,2026-02-18 11:42:29.094
1771432949143,880.0,2026-02-18 11:42:29.143
1771432949192,880.0,2026-02-18 11:42:29.192
1771432949245,880.0,2026-02-18 11:42:29.245
1771432949295,879.0,2026-02-18 11:42:29.295
1771432949344,879.0,2026-02-18 11:42:29.344
1771432949397,880.0,2026-02-18 11:42:29.397
1771432949446,880.0,2026-02-18 11:42:29.446
1771432949495,880.0,2026-02-18 11:42:29.495
1771432949545,880.0,2026-02-18 11:42:29.545
1771432949598,880.0,2026-02-18 11:42:29.598
1771432949647,881.0,2026-02-18 11:42:29.647
1771432949696,881.0,2026-02-18 11:42:29.696
1771432949749,881.0,2026-02-18 11:42:29.749
1771432949798,881.0,2026-02-18 11:42:29.798
1771432949847,882.0,2026-02-18 11:42:29.847
1771432949897,882.0,2026-02-18 11:42:29.897
1771432949950,882.0,2026-02-18 11:42:29.950
1771432950001,883.0,2026-02-18 11:42:30.001
1771432950048,883.0,2026-02-18 11:42:30.048
1771432950097,883.0,2026-02-18 11:42:30.097
1771432950151,883.0,2026-02-18 11:42:30.151
1771432950200,883.0,2026-02-18 11:42:30.200
1771432950249,883.0,2026-02-18 11:42:30.249
1771432950302,883.0,2026-02-18 11:42:30.302
1771432950351,884.0,2026-02-18 11:42:30.351
1771432950400,884.0,2026-02-18 11:42:30.400
1771432950451,884.0,2026-02-18 11:42:30.451
1771432950503,885.0,2026-02-18 11:42:30.503
1771432950552,885.0,2026-02-18 11:42:30.552
1771432950601,886.0,2026-02-18 11:42:30.601
1771432950655,886.0,2026-02-18 11:42:30.655
1771432950705,887.0,2026-02-18 11:42:30.705
1771432950753,887.0,2026-02-18 11:42:30.753
1771432950802,888.0,2026-02-18 11:42:30.802
1771432950855,888.0,2026-02-18 11:42:30.855
1771432950904,889.0,2026-02-18 11:42:30.904
1771432950955,889.0,2026-02-18 11:42:30.955
1771432951007,889.0,2026-02-18 11:42:31.007
1771432951056,889.0,2026-02-18 11:42:31.056
1771432951105,888.0,2026-02-18 11:42:31.105
1771432951154,889.0,2026-02-18 11:42:31.154
1771432951207,888.0,2026-02-18 11:42:31.207
1771432951257,888.0,2026-02-18 11:42:31.257
1771432951306,888.0,2026-02-18 11:42:31.306
1771432951355,887.0,2026-02-18 11:42:31.355
1771432951408,887.0,2026-02-18 11:42:31.408
1771432951457,887.0,2026-02-18 11:42:31.457
1771432951506,886.0,2026-02-18 11:42:31.506
1771432951560,886.0,2026-02-18 11:42:31.560
1771432951609,885.0,2026-02-18 11:42:31.609
1771432951669,885.0,2026-02-18 11:42:31.669
1771432951707,884.0,2026-02-18 11:42:31.707
1771432951760,883.0,2026-02-18 11:42:31.760
1771432951809,883.0,2026-02-18 11:42:31.809
1771432951859,883.0,2026-02-18 11:42:31.859
1771432951914,883.0,2026-02-18 11:42:31.914
1771432951961,883.0,2026-02-18 11:42:31.961
1771432952010,883.0,2026-02-18 11:42:32.010
1771432952059,883.0,2026-02-18 11:42:32.059
1771432952112,883.0,2026-02-18 11:42:32.112
1771432952162,883.0,2026-02-18 11:42:32.162
1771432952211,883.0,2026-02-18 11:42:32.211
1771432952266,883.0,2026-02-18 11:42:32.266
1771432952313,883.0,2026-02-18 11:42:32.313
1771432952362,883.0,2026-02-18 11:42:32.362
1771432952411,883.0,2026-02-18 11:42:32.411
1771432952465,883.0,2026-02-18 11:42:32.465
1771432952514,883.0,2026-02-18 11:42:32.514
1771432952563,883.0,2026-02-18 11:42:32.563
1771432952613,883.0,2026-02-18 11:42:32.613
1771432952665,883.0,2026-02-18 11:42:32.665
1771432952715,883.0,2026-02-18 11:42:32.715
1771432952764,883.0,2026-02-18 11:42:32.764
1771432952817,883.0,2026-02-18 11:42:32.817
1771432952869,883.0,2026-02-18 11:42:32.869
1771432952916,883.0,2026-02-18 11:42:32.916
1771432952964,883.0,2026-02-18 11:42:32.964
1771432953018,883.0,2026-02-18 11:42:33.018
1771432953067,884.0,2026-02-18 11:42:33.067
1771432953116,884.0,2026-02-18 11:42:33.116
1771432953170,885.0,2026-02-18 11:42:33.170
1771432953218,885.0,2026-02-18 11:42:33.218
1771432953268,885.0,2026-02-18 11:42:33.268
1771432953317,886.0,2026-02-18 11:42:33.317
1771432953371,886.0,2026-02-18 11:42:33.371
1771432953419,886.0,2026-02-18 11:42:33.419
1771432953468,887.0,2026-02-18 11:42:33.468
1771432953521,887.0,2026-02-18 11:42:33.521
1771432953571,887.0,2026-02-18 11:42:33.571
1771432953620,887.0,2026-02-18 11:42:33.620
1771432953669,887.0,2026-02-18 11:42:33.669
1771432953724,887.0,2026-02-18 11:42:33.724
1771432953772,886.0,2026-02-18 11:42:33.772
1771432953820,886.0,2026-02-18 11:42:33.820
1771432953874,886.0,2026-02-18 11:42:33.874
1771432953923,885.0,2026-02-18 11:42:33.923
1771432953972,885.0,2026-02-18 11:42:33.972
1771432954021,884.0,2026-02-18 11:42:34.021
1771432954074,884.0,2026-02-18 11:42:34.074
1771432954123,883.0,2026-02-18 11:42:34.123
1771432954173,883.0,2026-02-18 11:42:34.173
1771432954222,882.0,2026-02-18 11:42:34.222
1771432954275,881.0,2026-02-18 11:42:34.275
1771432954324,881.0,2026-02-18 11:42:34.324
1771432954373,881.0,2026-02-18 11:42:34.373
1771432954427,881.0,2026-02-18 11:42:34.427
1771432954476,881.0,2026-02-18 11:42:34.476
1771432954525,881.0,2026-02-18 11:42:34.525
1771432954575,880.0,2026-02-18 11:42:34.575
1771432954627,880.0,2026-02-18 11:42:34.627
1771432954677,881.0,2026-02-18 11:42:34.677
1771432954726,880.0,2026-02-18 11:42:34.726
1771432954779,880.0,2026-02-18 11:42:34.779
1771432954828,880.0,2026-02-18 11:42:34.828
1771432954877,880.0,2026-02-18 11:42:34.877
1771432954926,881.0,2026-02-18 11:42:34.926
1771432954980,881.0,2026-02-18 11:42:34.980
1771432955029,880.0,2026-02-18 11:42:35.029
1771432955078,880.0,2026-02-18 11:42:35.078
1771432955131,881.0,2026-02-18 11:42:35.131
1771432955184,881.0,2026-02-18 11:42:35.184
1771432955229,881.0,2026-02-18 11:42:35.229
1771432955279,881.0,2026-02-18 11:42:35.279
1771432955332,881.0,2026-02-18 11:42:35.332
1771432955384,881.0,2026-02-18 11:42:35.384
1771432955430,881.0,2026-02-18 11:42:35.430
1771432955479,881.0,2026-02-18 11:42:35.479
1771432955537,882.0,2026-02-18 11:42:35.537
1771432955582,882.0,2026-02-18 11:42:35.582
1771432955632,882.0,2026-02-18 11:42:35.632
1771432955684,883.0,2026-02-18 11:42:35.684
1771432955733,883.0,2026-02-18 11:42:35.733
1771432955783,884.0,2026-02-18 11:42:35.783
1771432955833,884.0,2026-02-18 11:42:35.833
1771432955885,884.0,2026-02-18 11:42:35.885
1771432955934,885.0,2026-02-18 11:42:35.934
1771432955984,885.0,2026-02-18 11:42:35.984
1771432956037,885.0,2026-02-18 11:42:36.037
1771432956086,885.0,2026-02-18 11:42:36.086
1771432956136,885.0,2026-02-18 11:42:36.136
1771432956184,885.0,2026-02-18 11:42:36.184
1771432956237,885.0,2026-02-18 11:42:36.237
1771432956286,885.0,2026-02-18 11:42:36.286
1771432956335,885.0,2026-02-18 11:42:36.335
1771432956388,885.0,2026-02-18 11:42:36.388
1771432956438,884.0,2026-02-18 11:42:36.438
1771432956487,884.0,2026-02-18 11:42:36.487
1771432956536,884.0,2026-02-18 11:42:36.536
1771432956589,883.0,2026-02-18 11:42:36.589
1771432956638,883.0,2026-02-18 11:42:36.638
1771432956688,882.0,2026-02-18 11:42:36.688
1771432956737,882.0,2026-02-18 11:42:36.737
1771432956790,881.0,2026-02-18 11:42:36.790
1771432956839,880.0,2026-02-18 11:42:36.839
1771432956888,880.0,2026-02-18 11:42:36.888
1771432956941,880.0,2026-02-18 11:42:36.941
1771432956992,879.0,2026-02-18 11:42:36.992
1771432957040,879.0,2026-02-18 11:42:37.040
1771432957089,879.0,2026-02-18 11:42:37.089
1771432957142,880.0,2026-02-18 11:42:37.142
1771432957191,880.0,2026-02-18 11:42:37.191
1771432957241,880.0,2026-02-18 11:42:37.241
1771432957294,879.0,2026-02-18 11:42:37.294
1771432957343,879.0,2026-02-18 11:42:37.343
1771432957393,879.0,2026-02-18 11:42:37.393
1771432957442,879.0,2026-02-18 11:42:37.442
1771432957494,879.0,2026-02-18 11:42:37.494
1771432957544,880.0,2026-02-18 11:42:37.544
1771432957593,880.0,2026-02-18 11:42:37.593
1771432957646,880.0,2026-02-18 11:42:37.646
1771432957695,880.0,2026-02-18 11:42:37.695
1771432957744,880.0,2026-02-18 11:42:37.744
1771432957794,880.0,2026-02-18 11:42:37.794
1771432957847,880.0,2026-02-18 11:42:37.847
1771432957896,880.0,2026-02-18 11:42:37.896
1771432957945,880.0,2026-02-18 11:42:37.945
1771432957994,880.0,2026-02-18 11:42:37.994
1771432958047,880.0,2026-02-18 11:42:38.047
1771432958096,880.0,2026-02-18 11:42:38.096
1771432958146,881.0,2026-02-18 11:42:38.146
1771432958201,881.0,2026-02-18 11:42:38.201
1771432958249,881.0,2026-02-18 11:42:38.249
1771432958297,882.0,2026-02-18 11:42:38.297
1771432958346,882.0,2026-02-18 11:42:38.346
1771432958400,883.0,2026-02-18 11:42:38.400
1771432958451,883.0,2026-02-18 11:42:38.451
1771432958498,884.0,2026-02-18 11:42:38.498
1771432958551,884.0,2026-02-18 11:42:38.551
1771432958600,884.0,2026-02-18 11:42:38.600
1771432958649,884.0,2026-02-18 11:42:38.649
1771432958699,884.0,2026-02-18 11:42:38.699
1771432958752,884.0,2026-02-18 11:42:38.752
1771432958801,884.0,2026-02-18 11:42:38.801
1771432958850,884.0,2026-02-18 11:42:38.850
1771432958903,884.0,2026-02-18 11:42:38.903
1771432958953,883.0,2026-02-18 11:42:38.953
1771432959002,883.0,2026-02-18 11:42:39.002
1771432959051,883.0,2026-02-18 11:42:39.051
1771432959104,882.0,2026-02-18 11:42:39.104
1771432959153,882.0,2026-02-18 11:42:39.153
1771432959202,882.0,2026-02-18 11:42:39.202
1771432959256,881.0,2026-02-18 11:42:39.256
1771432959305,880.0,2026-02-18 11:42:39.305
1771432959354,880.0,2026-02-18 11:42:39.354
1771432959403,879.0,2026-02-18 11:42:39.403
1771432959456,879.0,2026-02-18 11:42:39.456
1771432959506,878.0,2026-02-18 11:42:39.506
1771432959555,879.0,2026-02-18 11:42:39.555
1771432959604,878.0,2026-02-18 11:42:39.604
1771432959657,878.0,2026-02-18 11:42:39.657
1771432959706,878.0,2026-02-18 11:42:39.706
1771432959755,878.0,2026-02-18 11:42:39.755
1771432959809,878.0,2026-02-18 11:42:39.809
1771432959858,878.0,2026-02-18 11:42:39.858
1771432959907,878.0,2026-02-18 11:42:39.907
1771432959956,878.0,2026-02-18 11:42:39.956
1771432960009,878.0,2026-02-18 11:42:40.009
1771432960058,878.0,2026-02-18 11:42:40.058
1771432960108,878.0,2026-02-18 11:42:40.108
1771432960161,878.0,2026-02-18 11:42:40.161
1771432960210,879.0,2026-02-18 11:42:40.210
1771432960259,878.0,2026-02-18 11:42:40.259
1771432960310,879.0,2026-02-18 11:42:40.310
1771432960361,879.0,2026-02-18 11:42:40.361
1771432960411,879.0,2026-02-18 11:42:40.411
1771432960460,879.0,2026-02-18 11:42:40.460
1771432960513,879.0,2026-02-18 11:42:40.513
1771432960571,879.0,2026-02-18 11:42:40.571
1771432960611,879.0,2026-02-18 11:42:40.611
1771432960661,879.0,2026-02-18 11:42:40.661
1771432960714,879.0,2026-02-18 11:42:40.714
1771432960763,880.0,2026-02-18 11:42:40.763
1771432960812,880.0,2026-02-18 11:42:40.812
1771432960861,881.0,2026-02-18 11:42:40.861
1771432960915,881.0,2026-02-18 11:42:40.915
1771432960964,882.0,2026-02-18 11:42:40.964
1771432961013,882.0,2026-02-18 11:42:41.013
1771432961066,882.0,2026-02-18 11:42:41.066
1771432961115,883.0,2026-02-18 11:42:41.115
1771432961164,883.0,2026-02-18 11:42:41.164
1771432961213,883.0,2026-02-18 11:42:41.213
1771432961269,883.0,2026-02-18 11:42:41.269
1771432961316,883.0,2026-02-18 11:42:41.316
1771432961365,883.0,2026-02-18 11:42:41.365
1771432961418,883.0,2026-02-18 11:42:41.418
1771432961467,883.0,2026-02-18 11:42:41.467
1771432961516,883.0,2026-02-18 11:42:41.516
1771432961566,882.0,2026-02-18 11:42:41.566
1771432961619,882.0,2026-02-18 11:42:41.619
1771432961668,881.0,2026-02-18 11:42:41.668
1771432961717,881.0,2026-02-18 11:42:41.717
1771432961771,880.0,2026-02-18 11:42:41.771
1771432961820,880.0,2026-02-18 11:42:41.820
1771432961869,879.0,2026-02-18 11:42:41.869
1771432961918,879.0,2026-02-18 11:42:41.918
1771432961971,878.0,2026-02-18 11:42:41.971
1771432962020,878.0,2026-02-18 11:42:42.020
1771432962070,877.0,2026-02-18 11:42:42.070
1771432962119,877.0,2026-02-18 11:42:42.119
1771432962172,877.0,2026-02-18 11:42:42.172
1771432962222,877.0,2026-02-18 11:42:42.222
1771432962270,877.0,2026-02-18 11:42:42.270
1771432962324,877.0,2026-02-18 11:42:42.324
1771432962373,877.0,2026-02-18 11:42:42.373
1771432962422,877.0,2026-02-18 11:42:42.422
1771432962471,877.0,2026-02-18 11:42:42.471
1771432962524,877.0,2026-02-18 11:42:42.524
1771432962573,877.0,2026-02-18 11:42:42.573
1771432962622,877.0,2026-02-18 11:42:42.622
1771432962676,877.0,2026-02-18 11:42:42.676
1771432962725,877.0,2026-02-18 11:42:42.725
1771432962774,877.0,2026-02-18 11:42:42.774
1771432962823,878.0,2026-02-18 11:42:42.823
1771432962876,877.0,2026-02-18 11:42:42.876
1771432962925,878.0,2026-02-18 11:42:42.925
1771432962975,878.0,2026-02-18 11:42:42.975
1771432963028,878.0,2026-02-18 11:42:43.028
1771432963077,878.0,2026-02-18 11:42:43.077
1771432963126,878.0,2026-02-18 11:42:43.126
1771432963175,878.0,2026-02-18 11:42:43.175
1771432963229,878.0,2026-02-18 11:42:43.229
1771432963278,879.0,2026-02-18 11:42:43.278
1771432963327,879.0,2026-02-18 11:42:43.327
1771432963376,879.0,2026-02-18 11:42:43.376
1771432963429,880.0,2026-02-18 11:42:43.429
1771432963478,880.0,2026-02-18 11:42:43.478
1771432963528,881.0,2026-02-18 11:42:43.528
1771432963581,881.0,2026-02-18 11:42:43.581
1771432963630,881.0,2026-02-18 11:42:43.630
1771432963679,882.0,2026-02-18 11:42:43.679
1771432963728,882.0,2026-02-18 11:42:43.728
1771432963783,882.0,2026-02-18 11:42:43.783
1771432963831,882.0,2026-02-18 11:42:43.831
1771432963880,882.0,2026-02-18 11:42:43.880
1771432963933,882.0,2026-02-18 11:42:43.933
1771432963982,882.0,2026-02-18 11:42:43.982
1771432964033,882.0,2026-02-18 11:42:44.033
1771432964081,881.0,2026-02-18 11:42:44.081
1771432964134,881.0,2026-02-18 11:42:44.134
1771432964184,881.0,2026-02-18 11:42:44.184
1771432964232,880.0,2026-02-18 11:42:44.232
1771432964286,880.0,2026-02-18 11:42:44.286
1771432964334,879.0,2026-02-18 11:42:44.334
1771432964384,879.0,2026-02-18 11:42:44.384
1771432964433,878.0,2026-02-18 11:42:44.433
1771432964486,878.0,2026-02-18 11:42:44.486
1771432964535,877.0,2026-02-18 11:42:44.535
1771432964584,876.0,2026-02-18 11:42:44.584
1771432964634,876.0,2026-02-18 11:42:44.634
1771432964688,876.0,2026-02-18 11:42:44.688
1771432964736,876.0,2026-02-18 11:42:44.736
1771432964785,876.0,2026-02-18 11:42:44.785
1771432964838,876.0,2026-02-18 11:42:44.838
1771432964887,876.0,2026-02-18 11:42:44.887
1771432964937,876.0,2026-02-18 11:42:44.937
1771432964986,876.0,2026-02-18 11:42:44.986
1771432965039,876.0,2026-02-18 11:42:45.039
1771432965088,876.0,2026-02-18 11:42:45.088
1771432965137,876.0,2026-02-18 11:42:45.137
1771432965191,876.0,2026-02-18 11:42:45.191
1771432965240,876.0,2026-02-18 11:42:45.240
1771432965289,876.0,2026-02-18 11:42:45.289
1771432965338,877.0,2026-02-18 11:42:45.338
1771432965391,877.0,2026-02-18 11:42:45.391
1771432965441,877.0,2026-02-18 11:42:45.441
1771432965489,877.0,2026-02-18 11:42:45.489
1771432965543,877.0,2026-02-18 11:42:45.543
1771432965592,877.0,2026-02-18 11:42:45.592
1771432965642,877.0,2026-02-18 11:42:45.642
1771432965690,877.0,2026-02-18 11:42:45.690
1771432965743,877.0,2026-02-18 11:42:45.743
1771432965793,877.0,2026-02-18 11:42:45.793
1771432965842,878.0,2026-02-18 11:42:45.842
1771432965891,878.0,2026-02-18 11:42:45.891
1771432965944,879.0,2026-02-18 11:42:45.944
1771432965993,879.0,2026-02-18 11:42:45.993
1771432966042,879.0,2026-02-18 11:42:46.042
1771432966096,880.0,2026-02-18 11:42:46.096
1771432966145,880.0,2026-02-18 11:42:46.145
1771432966194,881.0,2026-02-18 11:42:46.194
1771432966243,881.0,2026-02-18 11:42:46.243
1771432966296,881.0,2026-02-18 11:42:46.296
1771432966345,881.0,2026-02-18 11:42:46.345
1771432966395,881.0,2026-02-18 11:42:46.395
1771432966448,881.0,2026-02-18 11:42:46.448
1771432966497,881.0,2026-02-18 11:42:46.497
1771432966546,881.0,2026-02-18 11:42:46.546
1771432966595,881.0,2026-02-18 11:42:46.595
1771432966648,880.0,2026-02-18 11:42:46.648
1771432966698,880.0,2026-02-18 11:42:46.698
1771432966748,880.0,2026-02-18 11:42:46.748
1771432966800,879.0,2026-02-18 11:42:46.800
1771432966849,879.0,2026-02-18 11:42:46.849
1771432966900,878.0,2026-02-18 11:42:46.900
1771432966948,878.0,2026-02-18 11:42:46.948
1771432967001,877.0,2026-02-18 11:42:47.001
1771432967050,877.0,2026-02-18 11:42:47.050
1771432967099,876.0,2026-02-18 11:42:47.099
1771432967152,876.0,2026-02-18 11:42:47.152
1771432967201,876.0,2026-02-18 11:42:47.201
1771432967251,876.0,2026-02-18 11:42:47.251
1771432967300,876.0,2026-02-18 11:42:47.300
1771432967353,876.0,2026-02-18 11:42:47.353
1771432967402,876.0,2026-02-18 11:42:47.402
1771432967452,876.0,2026-02-18 11:42:47.452
1771432967500,876.0,2026-02-18 11:42:47.500
1771432967554,876.0,2026-02-18 11:42:47.554
1771432967603,875.0,2026-02-18 11:42:47.603
1771432967652,876.0,2026-02-18 11:42:47.652
1771432967705,876.0,2026-02-18 11:42:47.705
1771432967757,876.0,2026-02-18 11:42:47.757
1771432967804,876.0,2026-02-18 11:42:47.804
1771432967853,876.0,2026-02-18 11:42:47.853
1771432967906,876.0,2026-02-18 11:42:47.906
1771432967955,876.0,2026-02-18 11:42:47.955
1771432968004,876.0,2026-02-18 11:42:48.004
1771432968058,876.0,2026-02-18 11:42:48.058
1771432968107,876.0,2026-02-18 11:42:48.107
1771432968156,877.0,2026-02-18 11:42:48.156
1771432968205,877.0,2026-02-18 11:42:48.205
1771432968259,877.0,2026-02-18 11:42:48.259
1771432968308,877.0,2026-02-18 11:42:48.308
1771432968357,877.0,2026-02-18 11:42:48.357
1771432968410,877.0,2026-02-18 11:42:48.410
1771432968459,878.0,2026-02-18 11:42:48.459
1771432968508,878.0,2026-02-18 11:42:48.508
1771432968558,879.0,2026-02-18 11:42:48.558
1771432968610,879.0,2026-02-18 11:42:48.610
1771432968660,880.0,2026-02-18 11:42:48.660
1771432968709,880.0,2026-02-18 11:42:48.709
1771432968758,881.0,2026-02-18 11:42:48.758
1771432968811,881.0,2026-02-18 11:42:48.811
1771432968860,881.0,2026-02-18 11:42:48.860
1771432968909,881.0,2026-02-18 11:42:48.909
1771432968963,881.0,2026-02-18 11:42:48.963
1771432969012,881.0,2026-02-18 11:42:49.012
1771432969061,881.0,2026-02-18 11:42:49.061
1771432969110,881.0,2026-02-18 11:42:49.110
1771432969163,881.0,2026-02-18 11:42:49.163
1771432969213,881.0,2026-02-18 11:42:49.213
1771432969262,881.0,2026-02-18 11:42:49.262
1771432969315,880.0,2026-02-18 11:42:49.315
1771432969364,880.0,2026-02-18 11:42:49.364
1771432969424,880.0,2026-02-18 11:42:49.424
1771432969462,879.0,2026-02-18 11:42:49.462
1771432969516,879.0,2026-02-18 11:42:49.516
1771432969565,879.0,2026-02-18 11:42:49.565
1771432969614,878.0,2026-02-18 11:42:49.614
1771432969667,878.0,2026-02-18 11:42:49.667
1771432969716,878.0,2026-02-18 11:42:49.716
1771432969765,878.0,2026-02-18 11:42:49.765
1771432969815,878.0,2026-02-18 11:42:49.815
1771432969868,878.0,2026-02-18 11:42:49.868
1771432969917,879.0,2026-02-18 11:42:49.917
1771432969966,879.0,2026-02-18 11:42:49.966
1771432970015,879.0,2026-02-18 11:42:50.015
1771432970069,879.0,2026-02-18 11:42:50.069
1771432970118,879.0,2026-02-18 11:42:50.118
1771432970167,879.0,2026-02-18 11:42:50.167
1771432970220,880.0,2026-02-18 11:42:50.220
1771432970269,880.0,2026-02-18 11:42:50.269
1771432970318,880.0,2026-02-18 11:42:50.318
1771432970368,880.0,2026-02-18 11:42:50.368
1771432970421,880.0,2026-02-18 11:42:50.421
1771432970470,881.0,2026-02-18 11:42:50.470
1771432970519,881.0,2026-02-18 11:42:50.519
1771432970572,882.0,2026-02-18 11:42:50.572
1771432970622,882.0,2026-02-18 11:42:50.622
1771432970671,882.0,2026-02-18 11:42:50.671
1771432970720,883.0,2026-02-18 11:42:50.720
1771432970773,883.0,2026-02-18 11:42:50.773
1771432970822,883.0,2026-02-18 11:42:50.822
1771432970871,883.0,2026-02-18 11:42:50.871
1771432970925,884.0,2026-02-18 11:42:50.925
1771432970975,884.0,2026-02-18 11:42:50.975
1771432971023,885.0,2026-02-18 11:42:51.023
1771432971072,886.0,2026-02-18 11:42:51.072
1771432971125,886.0,2026-02-18 11:42:51.125
1771432971175,887.0,2026-02-18 11:42:51.175
1771432971224,887.0,2026-02-18 11:42:51.224
1771432971273,888.0,2026-02-18 11:42:51.273
1771432971328,889.0,2026-02-18 11:42:51.328
1771432971375,889.0,2026-02-18 11:42:51.375
1771432971425,889.0,2026-02-18 11:42:51.425
1771432971478,889.0,2026-02-18 11:42:51.478
1771432971527,889.0,2026-02-18 11:42:51.527
1771432971576,889.0,2026-02-18 11:42:51.576
1771432971625,889.0,2026-02-18 11:42:51.625
1771432971678,889.0,2026-02-18 11:42:51.678
1771432971727,889.0,2026-02-18 11:42:51.727
1771432971777,889.0,2026-02-18 11:42:51.777
1771432971830,888.0,2026-02-18 11:42:51.830
1771432971879,888.0,2026-02-18 11:42:51.879
1771432971928,888.0,2026-02-18 11:42:51.928
1771432971977,888.0,2026-02-18 11:42:51.977
1771432972032,887.0,2026-02-18 11:42:52.032
1771432972080,887.0,2026-02-18 11:42:52.080
1771432972129,887.0,2026-02-18 11:42:52.129
1771432972182,886.0,2026-02-18 11:42:52.182
1771432972231,886.0,2026-02-18 11:42:52.231
1771432972280,886.0,2026-02-18 11:42:52.280
1771432972330,885.0,2026-02-18 11:42:52.330
1771432972383,885.0,2026-02-18 11:42:52.383
1771432972432,885.0,2026-02-18 11:42:52.432
1771432972483,886.0,2026-02-18 11:42:52.483
1771432972536,886.0,2026-02-18 11:42:52.536
1771432972586,886.0,2026-02-18 11:42:52.586
1771432972633,886.0,2026-02-18 11:42:52.633
1771432972682,886.0,2026-02-18 11:42:52.682
1771432972735,886.0,2026-02-18 11:42:52.735
1771432972784,886.0,2026-02-18 11:42:52.784
1771432972834,886.0,2026-02-18 11:42:52.834
1771432972886,886.0,2026-02-18 11:42:52.886
1771432972936,886.0,2026-02-18 11:42:52.936
1771432972985,887.0,2026-02-18 11:42:52.985
1771432973036,887.0,2026-02-18 11:42:53.036
1771432973087,887.0,2026-02-18 11:42:53.087
1771432973136,887.0,2026-02-18 11:42:53.136
1771432973185,887.0,2026-02-18 11:42:53.185
1771432973235,887.0,2026-02-18 11:42:53.235
1771432973288,888.0,2026-02-18 11:42:53.288
1771432973337,888.0,2026-02-18 11:42:53.337
1771432973386,888.0,2026-02-18 11:42:53.386
1771432973440,888.0,2026-02-18 11:42:53.440
1771432973489,888.0,2026-02-18 11:42:53.489
1771432973538,889.0,2026-02-18 11:42:53.538
1771432973587,889.0,2026-02-18 11:42:53.587
1771432973640,890.0,2026-02-18 11:42:53.640
1771432973689,890.0,2026-02-18 11:42:53.689
1771432973738,890.0,2026-02-18 11:42:53.738
1771432973792,891.0,2026-02-18 11:42:53.792
1771432973841,891.0,2026-02-18 11:42:53.841
1771432973890,891.0,2026-02-18 11:42:53.890
1771432973939,892.0,2026-02-18 11:42:53.939
1771432973992,892.0,2026-02-18 11:42:53.992
1771432974042,892.0,2026-02-18 11:42:54.042
1771432974091,892.0,2026-02-18 11:42:54.091
1771432974140,892.0,2026-02-18 11:42:54.140
1771432974193,891.0,2026-02-18 11:42:54.193
1771432974242,891.0,2026-02-18 11:42:54.242
1771432974292,891.0,2026-02-18 11:42:54.292
1771432974345,890.0,2026-02-18 11:42:54.345
1771432974394,890.0,2026-02-18 11:42:54.394
1771432974443,890.0,2026-02-18 11:42:54.443
1771432974492,889.0,2026-02-18 11:42:54.492
1771432974545,889.0,2026-02-18 11:42:54.545
1771432974594,888.0,2026-02-18 11:42:54.594
1771432974644,888.0,2026-02-18 11:42:54.644
1771432974697,887.0,2026-02-18 11:42:54.697
1771432974746,886.0,2026-02-18 11:42:54.746
1771432974795,886.0,2026-02-18 11:42:54.795
1771432974844,886.0,2026-02-18 11:42:54.844
1771432974897,886.0,2026-02-18 11:42:54.897
1771432974947,886.0,2026-02-18 11:42:54.947
1771432974999,886.0,2026-02-18 11:42:54.999
1771432975049,886.0,2026-02-18 11:42:55.049
1771432975098,886.0,2026-02-18 11:42:55.098
1771432975155,886.0,2026-02-18 11:42:55.155
1771432975197,886.0,2026-02-18 11:42:55.197
1771432975250,886.0,2026-02-18 11:42:55.250
1771432975299,886.0,2026-02-18 11:42:55.299
1771432975348,886.0,2026-02-18 11:42:55.348
1771432975397,886.0,2026-02-18 11:42:55.397
1771432975451,886.0,2026-02-18 11:42:55.451
1771432975500,887.0,2026-02-18 11:42:55.500
1771432975549,887.0,2026-02-18 11:42:55.549
1771432975602,887.0,2026-02-18 11:42:55.602
1771432975651,888.0,2026-02-18 11:42:55.651
1771432975700,888.0,2026-02-18 11:42:55.700
1771432975749,888.0,2026-02-18 11:42:55.749
1771432975803,888.0,2026-02-18 11:42:55.803
1771432975852,888.0,2026-02-18 11:42:55.852
1771432975901,888.0,2026-02-18 11:42:55.901
1771432975954,888.0,2026-02-18 11:42:55.954
1771432976004,888.0,2026-02-18 11:42:56.004
1771432976053,889.0,2026-02-18 11:42:56.053
1771432976102,889.0,2026-02-18 11:42:56.102
1771432976155,890.0,2026-02-18 11:42:56.155
1771432976204,890.0,2026-02-18 11:42:56.204
1771432976255,891.0,2026-02-18 11:42:56.255
1771432976307,891.0,2026-02-18 11:42:56.307
1771432976356,892.0,2026-02-18 11:42:56.356
1771432976405,892.0,2026-02-18 11:42:56.405
1771432976454,892.0,2026-02-18 11:42:56.454
1771432976507,892.0,2026-02-18 11:42:56.507
1771432976556,892.0,2026-02-18 11:42:56.556
1771432976606,892.0,2026-02-18 11:42:56.606
1771432976655,892.0,2026-02-18 11:42:56.655
1771432976708,892.0,2026-02-18 11:42:56.708
1771432976758,892.0,2026-02-18 11:42:56.758
1771432976806,892.0,2026-02-18 11:42:56.806
1771432976861,891.0,2026-02-18 11:42:56.861
1771432976909,891.0,2026-02-18 11:42:56.909
1771432976958,891.0,2026-02-18 11:42:56.958
1771432977007,890.0,2026-02-18 11:42:57.007
1771432977060,890.0,2026-02-18 11:42:57.060
1771432977109,889.0,2026-02-18 11:42:57.109
1771432977159,889.0,2026-02-18 11:42:57.159
1771432977212,888.0,2026-02-18 11:42:57.212
1771432977261,887.0,2026-02-18 11:42:57.261
1771432977310,887.0,2026-02-18 11:42:57.310
1771432977359,887.0,2026-02-18 11:42:57.359
1771432977412,886.0,2026-02-18 11:42:57.412
1771432977462,886.0,2026-02-18 11:42:57.462
1771432977511,886.0,2026-02-18 11:42:57.511
1771432977564,886.0,2026-02-18 11:42:57.564
1771432977613,886.0,2026-02-18 11:42:57.613
1771432977662,886.0,2026-02-18 11:42:57.662
1771432977711,886.0,2026-02-18 11:42:57.711
1771432977765,886.0,2026-02-18 11:42:57.765
1771432977814,886.0,2026-02-18 11:42:57.814
1771432977863,886.0,2026-02-18 11:42:57.863
1771432977916,886.0,2026-02-18 11:42:57.916
1771432977965,886.0,2026-02-18 11:42:57.965
1771432978014,886.0,2026-02-18 11:42:58.014
1771432978064,886.0,2026-02-18 11:42:58.064
1771432978117,886.0,2026-02-18 11:42:58.117
1771432978167,887.0,2026-02-18 11:42:58.167
1771432978215,887.0,2026-02-18 11:42:58.215
1771432978264,887.0,2026-02-18 11:42:58.264
1771432978318,887.0,2026-02-18 11:42:58.318
1771432978367,887.0,2026-02-18 11:42:58.367
1771432978416,887.0,2026-02-18 11:42:58.416
1771432978469,887.0,2026-02-18 11:42:58.469
1771432978518,887.0,2026-02-18 11:42:58.518
1771432978567,887.0,2026-02-18 11:42:58.567
1771432978617,888.0,2026-02-18 11:42:58.617
1771432978670,888.0,2026-02-18 11:42:58.670
1771432978719,889.0,2026-02-18 11:42:58.719
1771432978768,889.0,2026-02-18 11:42:58.768
1771432978821,889.0,2026-02-18 11:42:58.821
1771432978871,890.0,2026-02-18 11:42:58.871
1771432978920,890.0,2026-02-18 11:42:58.920
1771432978969,890.0,2026-02-18 11:42:58.969
1771432979022,891.0,2026-02-18 11:42:59.022
1771432979072,891.0,2026-02-18 11:42:59.072
1771432979121,891.0,2026-02-18 11:42:59.121
1771432979174,891.0,2026-02-18 11:42:59.174
1771432979232,891.0,2026-02-18 11:42:59.232
1771432979272,890.0,2026-02-18 11:42:59.272
1771432979321,890.0,2026-02-18 11:42:59.321
1771432979374,890.0,2026-02-18 11:42:59.374
1771432979423,890.0,2026-02-18 11:42:59.423
1771432979474,889.0,2026-02-18 11:42:59.474
1771432979522,889.0,2026-02-18 11:42:59.522
1771432979575,888.0,2026-02-18 11:42:59.575
1771432979624,888.0,2026-02-18 11:42:59.624
1771432979674,887.0,2026-02-18 11:42:59.674
1771432979727,887.0,2026-02-18 11:42:59.727
1771432979776,886.0,2026-02-18 11:42:59.776
1771432979825,885.0,2026-02-18 11:42:59.825
1771432979874,885.0,2026-02-18 11:42:59.874
1771432979928,885.0,2026-02-18 11:42:59.928
1771432979976,884.0,2026-02-18 11:42:59.976
1771432980025,884.0,2026-02-18 11:43:00.025
1771432980079,884.0,2026-02-18 11:43:00.079
1771432980128,884.0,2026-02-18 11:43:00.128
1771432980177,884.0,2026-02-18 11:43:00.177
1771432980226,884.0,2026-02-18 11:43:00.226
1771432980279,884.0,2026-02-18 11:43:00.279
1771432980329,884.0,2026-02-18 11:43:00.329
1771432980378,884.0,2026-02-18 11:43:00.378
1771432980431,884.0,2026-02-18 11:43:00.431
1771432980480,884.0,2026-02-18 11:43:00.480
1771432980529,884.0,2026-02-18 11:43:00.529
1771432980579,884.0,2026-02-18 11:43:00.579
1771432980632,884.0,2026-02-18 11:43:00.632
1771432980681,884.0,2026-02-18 11:43:00.681
1771432980731,885.0,2026-02-18 11:43:00.731
1771432980783,884.0,2026-02-18 11:43:00.783
1771432980832,884.0,2026-02-18 11:43:00.832
1771432980882,884.0,2026-02-18 11:43:00.882
1771432980931,885.0,2026-02-18 11:43:00.931
1771432980984,885.0,2026-02-18 11:43:00.984
1771432981035,885.0,2026-02-18 11:43:01.035
1771432981082,885.0,2026-02-18 11:43:01.082
1771432981131,885.0,2026-02-18 11:43:01.131
1771432981185,886.0,2026-02-18 11:43:01.185
1771432981234,886.0,2026-02-18 11:43:01.234
1771432981283,887.0,2026-02-18 11:43:01.283
1771432981336,887.0,2026-02-18 11:43:01.336
1771432981385,888.0,2026-02-18 11:43:01.385
1771432981434,888.0,2026-02-18 11:43:01.434
1771432981484,888.0,2026-02-18 11:43:01.484
1771432981537,888.0,2026-02-18 11:43:01.537
1771432981586,888.0,2026-02-18 11:43:01.586
1771432981635,888.0,2026-02-18 11:43:01.635
1771432981688,888.0,2026-02-18 11:43:01.688
1771432981738,888.0,2026-02-18 11:43:01.738
1771432981787,888.0,2026-02-18 11:43:01.787
1771432981836,888.0,2026-02-18 11:43:01.836
1771432981889,888.0,2026-02-18 11:43:01.889
1771432981938,888.0,2026-02-18 11:43:01.938
1771432981987,887.0,2026-02-18 11:43:01.987
1771432982037,887.0,2026-02-18 11:43:02.037
1771432982090,887.0,2026-02-18 11:43:02.090
1771432982139,886.0,2026-02-18 11:43:02.139
1771432982188,886.0,2026-02-18 11:43:02.188
1771432982241,885.0,2026-02-18 11:43:02.241
1771432982293,885.0,2026-02-18 11:43:02.293
1771432982341,884.0,2026-02-18 11:43:02.341
1771432982389,883.0,2026-02-18 11:43:02.389
1771432982442,883.0,2026-02-18 11:43:02.442
1771432982491,883.0,2026-02-18 11:43:02.491
1771432982540,882.0,2026-02-18 11:43:02.540
1771432982594,882.0,2026-02-18 11:43:02.594
1771432982643,882.0,2026-02-18 11:43:02.643
1771432982692,882.0,2026-02-18 11:43:02.692
1771432982741,883.0,2026-02-18 11:43:02.741
1771432982794,883.0,2026-02-18 11:43:02.794
1771432982843,882.0,2026-02-18 11:43:02.843
1771432982893,882.0,2026-02-18 11:43:02.893
1771432982946,882.0,2026-02-18 11:43:02.946
1771432982995,882.0,2026-02-18 11:43:02.995
1771432983044,883.0,2026-02-18 11:43:03.044
1771432983093,882.0,2026-02-18 11:43:03.093
1771432983146,882.0,2026-02-18 11:43:03.146
1771432983196,883.0,2026-02-18 11:43:03.196
1771432983245,883.0,2026-02-18 11:43:03.245
1771432983298,883.0,2026-02-18 11:43:03.298
1771432983347,883.0,2026-02-18 11:43:03.347
1771432983396,883.0,2026-02-18 11:43:03.396
1771432983445,883.0,2026-02-18 11:43:03.445
1771432983500,883.0,2026-02-18 11:43:03.500
1771432983548,883.0,2026-02-18 11:43:03.548
1771432983597,883.0,2026-02-18 11:43:03.597
1771432983646,883.0,2026-02-18 11:43:03.646
1771432983700,884.0,2026-02-18 11:43:03.700
1771432983751,884.0,2026-02-18 11:43:03.751
1771432983798,885.0,2026-02-18 11:43:03.798
1771432983851,885.0,2026-02-18 11:43:03.851
1771432983900,886.0,2026-02-18 11:43:03.900
1771432983949,886.0,2026-02-18 11:43:03.949
1771432983999,886.0,2026-02-18 11:43:03.999
1771432984052,886.0,2026-02-18 11:43:04.052
1771432984101,887.0,2026-02-18 11:43:04.101
1771432984150,887.0,2026-02-18 11:43:04.150
1771432984203,887.0,2026-02-18 11:43:04.203
1771432984252,887.0,2026-02-18 11:43:04.252
1771432984302,887.0,2026-02-18 11:43:04.302
1771432984351,887.0,2026-02-18 11:43:04.351
1771432984404,887.0,2026-02-18 11:43:04.404
1771432984453,887.0,2026-02-18 11:43:04.453
1771432984502,886.0,2026-02-18 11:43:04.502
1771432984555,886.0,2026-02-18 11:43:04.555
1771432984605,886.0,2026-02-18 11:43:04.605
1771432984654,885.0,2026-02-18 11:43:04.654
1771432984705,885.0,2026-02-18 11:43:04.705
1771432984756,885.0,2026-02-18 11:43:04.756
1771432984805,884.0,2026-02-18 11:43:04.805
1771432984855,883.0,2026-02-18 11:43:04.855
1771432984904,883.0,2026-02-18 11:43:04.904
1771432984957,882.0,2026-02-18 11:43:04.957
1771432985006,882.0,2026-02-18 11:43:05.006
1771432985055,881.0,2026-02-18 11:43:05.055
1771432985108,881.0,2026-02-18 11:43:05.108
1771432985158,881.0,2026-02-18 11:43:05.158
1771432985207,881.0,2026-02-18 11:43:05.207
1771432985256,881.0,2026-02-18 11:43:05.256
1771432985309,881.0,2026-02-18 11:43:05.309
1771432985358,881.0,2026-02-18 11:43:05.358
1771432985408,881.0,2026-02-18 11:43:05.408
1771432985461,881.0,2026-02-18 11:43:05.461
1771432985510,881.0,2026-02-18 11:43:05.510
1771432985559,881.0,2026-02-18 11:43:05.559
1771432985608,881.0,2026-02-18 11:43:05.608
1771432985661,881.0,2026-02-18 11:43:05.661
1771432985711,882.0,2026-02-18 11:43:05.711
1771432985760,882.0,2026-02-18 11:43:05.760
1771432985813,882.0,2026-02-18 11:43:05.813
1771432985862,882.0,2026-02-18 11:43:05.862
1771432985911,882.0,2026-02-18 11:43:05.911
1771432985960,882.0,2026-02-18 11:43:05.960
1771432986014,882.0,2026-02-18 11:43:06.014
1771432986063,882.0,2026-02-18 11:43:06.063
1771432986112,882.0,2026-02-18 11:43:06.112
1771432986161,882.0,2026-02-18 11:43:06.161
1771432986214,882.0,2026-02-18 11:43:06.214
1771432986263,883.0,2026-02-18 11:43:06.263
1771432986313,883.0,2026-02-18 11:43:06.313
1771432986366,884.0,2026-02-18 11:43:06.366
1771432986415,884.0,2026-02-18 11:43:06.415
1771432986464,885.0,2026-02-18 11:43:06.464
1771432986513,885.0,2026-02-18 11:43:06.513
1771432986566,885.0,2026-02-18 11:43:06.566
1771432986616,886.0,2026-02-18 11:43:06.616
1771432986665,886.0,2026-02-18 11:43:06.665
1771432986718,886.0,2026-02-18 11:43:06.718
1771432986767,886.0,2026-02-18 11:43:06.767
1771432986816,886.0,2026-02-18 11:43:06.816
1771432986866,886.0,2026-02-18 11:43:06.866
1771432986919,886.0,2026-02-18 11:43:06.919
1771432986968,886.0,2026-02-18 11:43:06.968
1771432987017,886.0,2026-02-18 11:43:07.017
1771432987070,885.0,2026-02-18 11:43:07.070
1771432987119,885.0,2026-02-18 11:43:07.119
1771432987169,885.0,2026-02-18 11:43:07.169
1771432987218,884.0,2026-02-18 11:43:07.218
1771432987271,884.0,2026-02-18 11:43:07.271
1771432987320,883.0,2026-02-18 11:43:07.320
1771432987369,883.0,2026-02-18 11:43:07.369
1771432987426,883.0,2026-02-18 11:43:07.426
1771432987472,882.0,2026-02-18 11:43:07.472
1771432987522,881.0,2026-02-18 11:43:07.522
1771432987570,881.0,2026-02-18 11:43:07.570
1771432987623,881.0,2026-02-18 11:43:07.623
1771432987673,880.0,2026-02-18 11:43:07.673
1771432987722,881.0,2026-02-18 11:43:07.722
1771432987771,880.0,2026-02-18 11:43:07.771
1771432987829,880.0,2026-02-18 11:43:07.829
1771432987873,880.0,2026-02-18 11:43:07.873
1771432987922,881.0,2026-02-18 11:43:07.922
1771432987976,880.0,2026-02-18 11:43:07.976
1771432988025,880.0,2026-02-18 11:43:08.025
1771432988074,880.0,2026-02-18 11:43:08.074
1771432988123,880.0,2026-02-18 11:43:08.123
1771432988176,880.0,2026-02-18 11:43:08.176
1771432988225,881.0,2026-02-18 11:43:08.225
1771432988275,881.0,2026-02-18 11:43:08.275
1771432988328,881.0,2026-02-18 11:43:08.328
1771432988377,881.0,2026-02-18 11:43:08.377
1771432988427,881.0,2026-02-18 11:43:08.427
1771432988475,881.0,2026-02-18 11:43:08.475
1771432988528,881.0,2026-02-18 11:43:08.528
1771432988578,881.0,2026-02-18 11:43:08.578
1771432988627,881.0,2026-02-18 11:43:08.627
1771432988680,881.0,2026-02-18 11:43:08.680
1771432988729,882.0,2026-02-18 11:43:08.729
1771432988778,882.0,2026-02-18 11:43:08.778
1771432988827,882.0,2026-02-18 11:43:08.827
1771432988881,883.0,2026-02-18 11:43:08.881
1771432988930,883.0,2026-02-18 11:43:08.930
1771432988979,883.0,2026-02-18 11:43:08.979
1771432989028,884.0,2026-02-18 11:43:09.028
1771432989083,884.0,2026-02-18 11:43:09.083
1771432989131,885.0,2026-02-18 11:43:09.131
1771432989180,885.0,2026-02-18 11:43:09.180
1771432989233,885.0,2026-02-18 11:43:09.233
1771432989282,885.0,2026-02-18 11:43:09.282
1771432989331,886.0,2026-02-18 11:43:09.331
1771432989380,886.0,2026-02-18 11:43:09.380
1771432989434,885.0,2026-02-18 11:43:09.434
1771432989483,885.0,2026-02-18 11:43:09.483
1771432989534,885.0,2026-02-18 11:43:09.534
1771432989585,885.0,2026-02-18 11:43:09.585
1771432989634,885.0,2026-02-18 11:43:09.634
1771432989683,884.0,2026-02-18 11:43:09.683
1771432989733,884.0,2026-02-18 11:43:09.733
1771432989786,883.0,2026-02-18 11:43:09.786
1771432989835,883.0,2026-02-18 11:43:09.835
1771432989884,883.0,2026-02-18 11:43:09.884
1771432989937,882.0,2026-02-18 11:43:09.937
1771432989987,882.0,2026-02-18 11:43:09.987
1771432990036,881.0,2026-02-18 11:43:10.036
1771432990085,880.0,2026-02-18 11:43:10.085
1771432990138,880.0,2026-02-18 11:43:10.138
1771432990187,880.0,2026-02-18 11:43:10.187
1771432990236,880.0,2026-02-18 11:43:10.236
1771432990286,880.0,2026-02-18 11:43:10.286
1771432990339,880.0,2026-02-18 11:43:10.339
1771432990388,880.0,2026-02-18 11:43:10.388
1771432990437,880.0,2026-02-18 11:43:10.437
1771432990493,880.0,2026-02-18 11:43:10.493
1771432990539,880.0,2026-02-18 11:43:10.539
1771432990589,880.0,2026-02-18 11:43:10.589
1771432990639,880.0,2026-02-18 11:43:10.639
1771432990691,880.0,2026-02-18 11:43:10.691
1771432990740,880.0,2026-02-18 11:43:10.740
1771432990789,880.0,2026-02-18 11:43:10.789
1771432990843,880.0,2026-02-18 11:43:10.843
1771432990892,880.0,2026-02-18 11:43:10.892
1771432990941,880.0,2026-02-18 11:43:10.941
1771432990990,880.0,2026-02-18 11:43:10.990
1771432991043,880.0,2026-02-18 11:43:11.043
1771432991092,881.0,2026-02-18 11:43:11.092
1771432991144,881.0,2026-02-18 11:43:11.144
1771432991195,881.0,2026-02-18 11:43:11.195
1771432991244,881.0,2026-02-18 11:43:11.244
1771432991293,881.0,2026-02-18 11:43:11.293
1771432991342,881.0,2026-02-18 11:43:11.342
1771432991395,882.0,2026-02-18 11:43:11.395
1771432991445,882.0,2026-02-18 11:43:11.445
1771432991494,883.0,2026-02-18 11:43:11.494
1771432991543,883.0,2026-02-18 11:43:11.543
1771432991596,884.0,2026-02-18 11:43:11.596
1771432991645,884.0,2026-02-18 11:43:11.645
1771432991694,884.0,2026-02-18 11:43:11.694
1771432991748,885.0,2026-02-18 11:43:11.748
1771432991797,885.0,2026-02-18 11:43:11.797
1771432991846,885.0,2026-02-18 11:43:11.846
1771432991895,885.0,2026-02-18 11:43:11.895
1771432991948,885.0,2026-02-18 11:43:11.948
1771432991998,885.0,2026-02-18 11:43:11.998
1771432992047,885.0,2026-02-18 11:43:12.047
1771432992100,885.0,2026-02-18 11:43:12.100
1771432992152,885.0,2026-02-18 11:43:12.152
1771432992198,885.0,2026-02-18 11:43:12.198
1771432992248,884.0,2026-02-18 11:43:12.248
1771432992301,884.0,2026-02-18 11:43:12.301
1771432992350,883.0,2026-02-18 11:43:12.350
1771432992399,883.0,2026-02-18 11:43:12.399
1771432992452,882.0,2026-02-18 11:43:12.452
1771432992502,882.0,2026-02-18 11:43:12.502
1771432992550,881.0,2026-02-18 11:43:12.550
1771432992600,881.0,2026-02-18 11:43:12.600
1771432992653,881.0,2026-02-18 11:43:12.653
1771432992702,880.0,2026-02-18 11:43:12.702
1771432992751,880.0,2026-02-18 11:43:12.751
1771432992804,880.0,2026-02-18 11:43:12.804
1771432992854,880.0,2026-02-18 11:43:12.854
1771432992903,880.0,2026-02-18 11:43:12.903
1771432992952,880.0,2026-02-18 11:43:12.952
1771432993005,880.0,2026-02-18 11:43:13.005
1771432993054,880.0,2026-02-18 11:43:13.054
1771432993103,880.0,2026-02-18 11:43:13.103
1771432993153,880.0,2026-02-18 11:43:13.153
1771432993206,880.0,2026-02-18 11:43:13.206
1771432993255,880.0,2026-02-18 11:43:13.255
1771432993304,880.0,2026-02-18 11:43:13.304
1771432993357,880.0,2026-02-18 11:43:13.357
1771432993407,880.0,2026-02-18 11:43:13.407
1771432993456,881.0,2026-02-18 11:43:13.456
1771432993505,881.0,2026-02-18 11:43:13.505
1771432993559,881.0,2026-02-18 11:43:13.559
1771432993608,881.0,2026-02-18 11:43:13.608
1771432993656,881.0,2026-02-18 11:43:13.656
1771432993710,881.0,2026-02-18 11:43:13.710
1771432993759,881.0,2026-02-18 11:43:13.759
1771432993809,881.0,2026-02-18 11:43:13.809
1771432993857,881.0,2026-02-18 11:43:13.857
1771432993910,882.0,2026-02-18 11:43:13.910
1771432993960,882.0,2026-02-18 11:43:13.960
1771432994009,883.0,2026-02-18 11:43:14.009
1771432994062,883.0,2026-02-18 11:43:14.062
1771432994111,884.0,2026-02-18 11:43:14.111
1771432994160,884.0,2026-02-18 11:43:14.160
1771432994210,884.0,2026-02-18 11:43:14.210
1771432994263,885.0,2026-02-18 11:43:14.263
1771432994312,885.0,2026-02-18 11:43:14.312
1771432994361,885.0,2026-02-18 11:43:14.361
1771432994410,885.0,2026-02-18 11:43:14.410
1771432994464,885.0,2026-02-18 11:43:14.464
1771432994513,885.0,2026-02-18 11:43:14.513
1771432994562,885.0,2026-02-18 11:43:14.562
1771432994615,885.0,2026-02-18 11:43:14.615
1771432994664,885.0,2026-02-18 11:43:14.664
1771432994713,885.0,2026-02-18 11:43:14.713
1771432994762,885.0,2026-02-18 11:43:14.762
1771432994816,884.0,2026-02-18 11:43:14.816
1771432994865,884.0,2026-02-18 11:43:14.865
1771432994915,884.0,2026-02-18 11:43:14.915
1771432994967,883.0,2026-02-18 11:43:14.967
1771432995016,883.0,2026-02-18 11:43:15.016
1771432995065,882.0,2026-02-18 11:43:15.065
1771432995116,881.0,2026-02-18 11:43:15.116
1771432995168,881.0,2026-02-18 11:43:15.168
1771432995217,880.0,2026-02-18 11:43:15.217
1771432995266,880.0,2026-02-18 11:43:15.266
1771432995319,880.0,2026-02-18 11:43:15.319
1771432995368,880.0,2026-02-18 11:43:15.368
1771432995418,880.0,2026-02-18 11:43:15.418
1771432995467,880.0,2026-02-18 11:43:15.467
1771432995520,880.0,2026-02-18 11:43:15.520
1771432995569,880.0,2026-02-18 11:43:15.569
1771432995618,880.0,2026-02-18 11:43:15.618
1771432995667,880.0,2026-02-18 11:43:15.667
1771432995721,880.0,2026-02-18 11:43:15.721
1771432995770,880.0,2026-02-18 11:43:15.770
1771432995819,880.0,2026-02-18 11:43:15.819
1771432995872,880.0,2026-02-18 11:43:15.872
1771432995924,880.0,2026-02-18 11:43:15.924
1771432995971,880.0,2026-02-18 11:43:15.971
1771432996020,880.0,2026-02-18 11:43:16.020
1771432996073,880.0,2026-02-18 11:43:16.073
1771432996122,880.0,2026-02-18 11:43:16.122
1771432996171,881.0,2026-02-18 11:43:16.171
1771432996225,881.0,2026-02-18 11:43:16.225
1771432996274,881.0,2026-02-18 11:43:16.274
1771432996323,881.0,2026-02-18 11:43:16.323
1771432996372,881.0,2026-02-18 11:43:16.372
1771432996425,881.0,2026-02-18 11:43:16.425
1771432996475,882.0,2026-02-18 11:43:16.475
1771432996524,882.0,2026-02-18 11:43:16.524
1771432996577,883.0,2026-02-18 11:43:16.577
1771432996626,883.0,2026-02-18 11:43:16.626
1771432996675,884.0,2026-02-18 11:43:16.675
1771432996724,884.0,2026-02-18 11:43:16.724
1771432996777,885.0,2026-02-18 11:43:16.777
1771432996827,885.0,2026-02-18 11:43:16.827
1771432996876,885.0,2026-02-18 11:43:16.876
1771432996929,886.0,2026-02-18 11:43:16.929
1771432996978,886.0,2026-02-18 11:43:16.978
1771432997027,886.0,2026-02-18 11:43:17.027
1771432997077,886.0,2026-02-18 11:43:17.077
1771432997130,886.0,2026-02-18 11:43:17.130
1771432997179,886.0,2026-02-18 11:43:17.179
1771432997228,886.0,2026-02-18 11:43:17.228
1771432997277,886.0,2026-02-18 11:43:17.277
1771432997330,886.0,2026-02-18 11:43:17.330
1771432997379,885.0,2026-02-18 11:43:17.379
1771432997429,885.0,2026-02-18 11:43:17.429
1771432997483,885.0,2026-02-18 11:43:17.483
1771432997531,885.0,2026-02-18 11:43:17.531
1771432997580,884.0,2026-02-18 11:43:17.580
1771432997629,883.0,2026-02-18 11:43:17.629
1771432997683,883.0,2026-02-18 11:43:17.683
1771432997732,882.0,2026-02-18 11:43:17.732
1771432997781,882.0,2026-02-18 11:43:17.781
1771432997834,882.0,2026-02-18 11:43:17.834
1771432997883,881.0,2026-02-18 11:43:17.883
1771432997932,882.0,2026-02-18 11:43:17.932
1771432997982,882.0,2026-02-18 11:43:17.982
1771432998036,882.0,2026-02-18 11:43:18.036
1771432998084,882.0,2026-02-18 11:43:18.084
1771432998133,882.0,2026-02-18 11:43:18.133
1771432998186,882.0,2026-02-18 11:43:18.186
1771432998235,882.0,2026-02-18 11:43:18.235
1771432998285,882.0,2026-02-18 11:43:18.285
1771432998335,882.0,2026-02-18 11:43:18.335
1771432998387,882.0,2026-02-18 11:43:18.387
1771432998436,882.0,2026-02-18 11:43:18.436
1771432998485,882.0,2026-02-18 11:43:18.485
1771432998534,882.0,2026-02-18 11:43:18.534
1771432998588,882.0,2026-02-18 11:43:18.588
1771432998637,882.0,2026-02-18 11:43:18.637
1771432998686,883.0,2026-02-18 11:43:18.686
1771432998739,882.0,2026-02-18 11:43:18.739
1771432998788,883.0,2026-02-18 11:43:18.788
1771432998838,883.0,2026-02-18 11:43:18.838
1771432998887,883.0,2026-02-18 11:43:18.887
1771432998940,883.0,2026-02-18 11:43:18.940
1771432998989,883.0,2026-02-18 11:43:18.989
1771432999038,883.0,2026-02-18 11:43:19.038
1771432999092,884.0,2026-02-18 11:43:19.092
1771432999142,884.0,2026-02-18 11:43:19.142
1771432999190,885.0,2026-02-18 11:43:19.190
1771432999239,885.0,2026-02-18 11:43:19.239
1771432999292,886.0,2026-02-18 11:43:19.292
1771432999341,886.0,2026-02-18 11:43:19.341
1771432999391,887.0,2026-02-18 11:43:19.391
1771432999444,887.0,2026-02-18 11:43:19.444
1771432999493,887.0,2026-02-18 11:43:19.493
1771432999542,887.0,2026-02-18 11:43:19.542
1771432999591,887.0,2026-02-18 11:43:19.591
1771432999644,887.0,2026-02-18 11:43:19.644
1771432999694,887.0,2026-02-18 11:43:19.694
1771432999743,887.0,2026-02-18 11:43:19.743
1771432999792,886.0,2026-02-18 11:43:19.792
1771432999845,886.0,2026-02-18 11:43:19.845
1771432999894,886.0,2026-02-18 11:43:19.894
1771432999944,886.0,2026-02-18 11:43:19.944
1771432999997,885.0,2026-02-18 11:43:19.997
1771433000046,885.0,2026-02-18 11:43:20.046
1771433000095,884.0,2026-02-18 11:43:20.095
1771433000144,884.0,2026-02-18 11:43:20.144
1771433000199,883.0,2026-02-18 11:43:20.199
1771433000247,883.0,2026-02-18 11:43:20.247
1771433000296,882.0,2026-02-18 11:43:20.296
1771433000349,882.0,2026-02-18 11:43:20.349
1771433000398,881.0,2026-02-18 11:43:20.398
1771433000447,881.0,2026-02-18 11:43:20.447
1771433000496,881.0,2026-02-18 11:43:20.496
1771433000550,881.0,2026-02-18 11:43:20.550
1771433000599,881.0,2026-02-18 11:43:20.599
1771433000648,881.0,2026-02-18 11:43:20.648
1771433000701,881.0,2026-02-18 11:43:20.701
1771433000750,881.0,2026-02-18 11:43:20.750
1771433000800,881.0,2026-02-18 11:43:20.800
1771433000850,881.0,2026-02-18 11:43:20.850
1771433000902,881.0,2026-02-18 11:43:20.902
1771433000951,881.0,2026-02-18 11:43:20.951
1771433001001,881.0,2026-02-18 11:43:21.001
1771433001053,881.0,2026-02-18 11:43:21.053
1771433001103,881.0,2026-02-18 11:43:21.103
1771433001152,881.0,2026-02-18 11:43:21.152
1771433001201,882.0,2026-02-18 11:43:21.201
1771433001254,881.0,2026-02-18 11:43:21.254
1771433001303,882.0,2026-02-18 11:43:21.303
1771433001352,882.0,2026-02-18 11:43:21.352
1771433001402,882.0,2026-02-18 11:43:21.402
1771433001455,882.0,2026-02-18 11:43:21.455
1771433001504,882.0,2026-02-18 11:43:21.504
1771433001553,882.0,2026-02-18 11:43:21.553
1771433001607,882.0,2026-02-18 11:43:21.607
1771433001656,883.0,2026-02-18 11:43:21.656
1771433001705,883.0,2026-02-18 11:43:21.705
1771433001754,884.0,2026-02-18 11:43:21.754
1771433001808,884.0,2026-02-18 11:43:21.808
1771433001856,885.0,2026-02-18 11:43:21.856
1771433001905,885.0,2026-02-18 11:43:21.905
1771433001959,885.0,2026-02-18 11:43:21.959
1771433002008,886.0,2026-02-18 11:43:22.008
1771433002057,886.0,2026-02-18 11:43:22.057
1771433002106,886.0,2026-02-18 11:43:22.106
1771433002159,886.0,2026-02-18 11:43:22.159
1771433002208,886.0,2026-02-18 11:43:22.208
1771433002258,886.0,2026-02-18 11:43:22.258
1771433002311,886.0,2026-02-18 11:43:22.311
1771433002360,886.0,2026-02-18 11:43:22.360
1771433002409,885.0,2026-02-18 11:43:22.409
1771433002458,885.0,2026-02-18 11:43:22.458
1771433002512,885.0,2026-02-18 11:43:22.512
1771433002561,884.0,2026-02-18 11:43:22.561
1771433002610,884.0,2026-02-18 11:43:22.610
1771433002659,884.0,2026-02-18 11:43:22.659
1771433002712,883.0,2026-02-18 11:43:22.712
1771433002761,882.0,2026-02-18 11:43:22.761
1771433002811,882.0,2026-02-18 11:43:22.811
1771433002864,881.0,2026-02-18 11:43:22.864
1771433002913,881.0,2026-02-18 11:43:22.913
1771433002962,880.0,2026-02-18 11:43:22.962
1771433003011,880.0,2026-02-18 11:43:23.011
1771433003064,880.0,2026-02-18 11:43:23.064
1771433003114,880.0,2026-02-18 11:43:23.114
1771433003163,880.0,2026-02-18 11:43:23.163
1771433003216,880.0,2026-02-18 11:43:23.216
1771433003265,880.0,2026-02-18 11:43:23.265
1771433003317,880.0,2026-02-18 11:43:23.317
1771433003368,880.0,2026-02-18 11:43:23.368
1771433003417,880.0,2026-02-18 11:43:23.417
1771433003466,880.0,2026-02-18 11:43:23.466
1771433003516,880.0,2026-02-18 11:43:23.516
1771433003568,880.0,2026-02-18 11:43:23.568
1771433003617,880.0,2026-02-18 11:43:23.617
1771433003667,880.0,2026-02-18 11:43:23.667
1771433003716,880.0,2026-02-18 11:43:23.716
1771433003769,881.0,2026-02-18 11:43:23.769
1771433003818,881.0,2026-02-18 11:43:23.818
1771433003867,881.0,2026-02-18 11:43:23.867
1771433003916,881.0,2026-02-18 11:43:23.916
1771433003970,881.0,2026-02-18 11:43:23.970
1771433004019,882.0,2026-02-18 11:43:24.019
1771433004069,882.0,2026-02-18 11:43:24.069
1771433004121,882.0,2026-02-18 11:43:24.121
1771433004170,882.0,2026-02-18 11:43:24.170
1771433004219,883.0,2026-02-18 11:43:24.219
1771433004270,884.0,2026-02-18 11:43:24.270
1771433004322,884.0,2026-02-18 11:43:24.322
1771433004372,885.0,2026-02-18 11:43:24.372
1771433004420,885.0,2026-02-18 11:43:24.420
1771433004474,886.0,2026-02-18 11:43:24.474
1771433004523,887.0,2026-02-18 11:43:24.523
1771433004572,887.0,2026-02-18 11:43:24.572
1771433004621,888.0,2026-02-18 11:43:24.621
1771433004675,888.0,2026-02-18 11:43:24.675
1771433004724,888.0,2026-02-18 11:43:24.724
1771433004773,888.0,2026-02-18 11:43:24.773
1771433004826,889.0,2026-02-18 11:43:24.826
1771433004875,889.0,2026-02-18 11:43:24.875
1771433004927,889.0,2026-02-18 11:43:24.927
1771433004973,889.0,2026-02-18 11:43:24.973
1771433005027,889.0,2026-02-18 11:43:25.027
1771433005075,889.0,2026-02-18 11:43:25.075
1771433005125,889.0,2026-02-18 11:43:25.125
1771433005178,889.0,2026-02-18 11:43:25.178
1771433005227,889.0,2026-02-18 11:43:25.227
1771433005277,889.0,2026-02-18 11:43:25.277
1771433005326,889.0,2026-02-18 11:43:25.326
1771433005379,888.0,2026-02-18 11:43:25.379
1771433005428,888.0,2026-02-18 11:43:25.428
1771433005477,888.0,2026-02-18 11:43:25.477
1771433005526,887.0,2026-02-18 11:43:25.526
1771433005579,888.0,2026-02-18 11:43:25.579
1771433005629,888.0,2026-02-18 11:43:25.629
1771433005678,888.0,2026-02-18 11:43:25.678
1771433005732,888.0,2026-02-18 11:43:25.732
1771433005780,889.0,2026-02-18 11:43:25.780
1771433005829,889.0,2026-02-18 11:43:25.829
1771433005878,889.0,2026-02-18 11:43:25.878
1771433005932,889.0,2026-02-18 11:43:25.932
1771433005982,889.0,2026-02-18 11:43:25.982
1771433006030,889.0,2026-02-18 11:43:26.030
1771433006083,890.0,2026-02-18 11:43:26.083
1771433006132,890.0,2026-02-18 11:43:26.132
1771433006181,890.0,2026-02-18 11:43:26.181
1771433006231,890.0,2026-02-18 11:43:26.231
1771433006284,890.0,2026-02-18 11:43:26.284
1771433006334,891.0,2026-02-18 11:43:26.334
1771433006382,891.0,2026-02-18 11:43:26.382
1771433006435,891.0,2026-02-18 11:43:26.435
1771433006485,892.0,2026-02-18 11:43:26.485
1771433006534,892.0,2026-02-18 11:43:26.534
1771433006583,892.0,2026-02-18 11:43:26.583
1771433006636,892.0,2026-02-18 11:43:26.636
1771433006685,892.0,2026-02-18 11:43:26.685
1771433006734,892.0,2026-02-18 11:43:26.734
1771433006784,893.0,2026-02-18 11:43:26.784
1771433006837,893.0,2026-02-18 11:43:26.837
1771433006886,894.0,2026-02-18 11:43:26.886
1771433006936,895.0,2026-02-18 11:43:26.936
1771433006988,895.0,2026-02-18 11:43:26.988
1771433007038,896.0,2026-02-18 11:43:27.038
1771433007087,897.0,2026-02-18 11:43:27.087
1771433007136,897.0,2026-02-18 11:43:27.136
1771433007189,898.0,2026-02-18 11:43:27.189
1771433007238,898.0,2026-02-18 11:43:27.238
1771433007287,899.0,2026-02-18 11:43:27.287
1771433007341,899.0,2026-02-18 11:43:27.341
1771433007390,899.0,2026-02-18 11:43:27.390
1771433007439,899.0,2026-02-18 11:43:27.439
1771433007488,899.0,2026-02-18 11:43:27.488
1771433007542,899.0,2026-02-18 11:43:27.542
1771433007590,900.0,2026-02-18 11:43:27.590
1771433007643,899.0,2026-02-18 11:43:27.643
1771433007693,899.0,2026-02-18 11:43:27.693
1771433007742,899.0,2026-02-18 11:43:27.742
1771433007796,899.0,2026-02-18 11:43:27.796
1771433007840,899.0,2026-02-18 11:43:27.840
1771433007893,898.0,2026-02-18 11:43:27.893
1771433007943,898.0,2026-02-18 11:43:27.943
1771433007993,898.0,2026-02-18 11:43:27.993
1771433008041,898.0,2026-02-18 11:43:28.041
1771433008094,897.0,2026-02-18 11:43:28.094
1771433008143,897.0,2026-02-18 11:43:28.143
1771433008193,897.0,2026-02-18 11:43:28.193
1771433008246,897.0,2026-02-18 11:43:28.246
1771433008295,898.0,2026-02-18 11:43:28.295
1771433008344,898.0,2026-02-18 11:43:28.344
1771433008393,898.0,2026-02-18 11:43:28.393
1771433008446,898.0,2026-02-18 11:43:28.446
1771433008496,899.0,2026-02-18 11:43:28.496
1771433008545,899.0,2026-02-18 11:43:28.545
1771433008598,899.0,2026-02-18 11:43:28.598
1771433008647,899.0,2026-02-18 11:43:28.647
1771433008696,900.0,2026-02-18 11:43:28.696
1771433008745,900.0,2026-02-18 11:43:28.745
1771433008799,901.0,2026-02-18 11:43:28.799
1771433008848,901.0,2026-02-18 11:43:28.848
1771433008898,901.0,2026-02-18 11:43:28.898
1771433008950,902.0,2026-02-18 11:43:28.950
1771433008999,902.0,2026-02-18 11:43:28.999
1771433009048,902.0,2026-02-18 11:43:29.048
1771433009098,902.0,2026-02-18 11:43:29.098
1771433009155,903.0,2026-02-18 11:43:29.155
1771433009200,903.0,2026-02-18 11:43:29.200
1771433009249,903.0,2026-02-18 11:43:29.249
1771433009298,904.0,2026-02-18 11:43:29.298
1771433009352,904.0,2026-02-18 11:43:29.352
1771433009401,905.0,2026-02-18 11:43:29.401
1771433009450,905.0,2026-02-18 11:43:29.450
1771433009503,906.0,2026-02-18 11:43:29.503
1771433009552,907.0,2026-02-18 11:43:29.552
1771433009601,907.0,2026-02-18 11:43:29.601
1771433009651,908.0,2026-02-18 11:43:29.651
1771433009704,909.0,2026-02-18 11:43:29.704
1771433009753,909.0,2026-02-18 11:43:29.753
1771433009802,910.0,2026-02-18 11:43:29.802
1771433009855,910.0,2026-02-18 11:43:29.855
1771433009904,910.0,2026-02-18 11:43:29.904
1771433009954,910.0,2026-02-18 11:43:29.954
1771433010003,910.0,2026-02-18 11:43:30.003
1771433010056,910.0,2026-02-18 11:43:30.056
1771433010105,911.0,2026-02-18 11:43:30.105
1771433010154,911.0,2026-02-18 11:43:30.154
1771433010208,910.0,2026-02-18 11:43:30.208
1771433010257,911.0,2026-02-18 11:43:30.257
1771433010306,910.0,2026-02-18 11:43:30.306
1771433010355,910.0,2026-02-18 11:43:30.355
1771433010408,910.0,2026-02-18 11:43:30.408
1771433010457,910.0,2026-02-18 11:43:30.457
1771433010507,909.0,2026-02-18 11:43:30.507
1771433010556,909.0,2026-02-18 11:43:30.556
1771433010609,908.0,2026-02-18 11:43:30.609
1771433010658,908.0,2026-02-18 11:43:30.658
1771433010707,907.0,2026-02-18 11:43:30.707
1771433010762,907.0,2026-02-18 11:43:30.762
1771433010810,907.0,2026-02-18 11:43:30.810
1771433010859,907.0,2026-02-18 11:43:30.859
1771433010908,907.0,2026-02-18 11:43:30.908
1771433010961,907.0,2026-02-18 11:43:30.961
1771433011010,908.0,2026-02-18 11:43:31.010
1771433011060,908.0,2026-02-18 11:43:31.060
1771433011113,908.0,2026-02-18 11:43:31.113
1771433011162,908.0,2026-02-18 11:43:31.162
1771433011211,908.0,2026-02-18 11:43:31.211
1771433011260,908.0,2026-02-18 11:43:31.260
1771433011313,908.0,2026-02-18 11:43:31.313
1771433011363,908.0,2026-02-18 11:43:31.363
1771433011412,908.0,2026-02-18 11:43:31.412
1771433011465,909.0,2026-02-18 11:43:31.465
1771433011514,909.0,2026-02-18 11:43:31.514
1771433011563,909.0,2026-02-18 11:43:31.563
1771433011613,909.0,2026-02-18 11:43:31.613
1771433011666,909.0,2026-02-18 11:43:31.666
1771433011715,909.0,2026-02-18 11:43:31.715
1771433011764,909.0,2026-02-18 11:43:31.764
1771433011813,909.0,2026-02-18 11:43:31.813
1771433011867,909.0,2026-02-18 11:43:31.867
1771433011915,909.0,2026-02-18 11:43:31.915
1771433011965,910.0,2026-02-18 11:43:31.965
1771433012018,910.0,2026-02-18 11:43:32.018
1771433012067,911.0,2026-02-18 11:43:32.067
1771433012116,911.0,2026-02-18 11:43:32.116
1771433012165,911.0,2026-02-18 11:43:32.165
1771433012219,912.0,2026-02-18 11:43:32.219
1771433012268,912.0,2026-02-18 11:43:32.268
1771433012317,912.0,2026-02-18 11:43:32.317
1771433012370,912.0,2026-02-18 11:43:32.370
1771433012420,913.0,2026-02-18 11:43:32.420
1771433012468,913.0,2026-02-18 11:43:32.468
1771433012518,913.0,2026-02-18 11:43:32.518
1771433012571,913.0,2026-02-18 11:43:32.571
1771433012620,913.0,2026-02-18 11:43:32.620
1771433012669,913.0,2026-02-18 11:43:32.669
1771433012723,913.0,2026-02-18 11:43:32.723
1771433012772,913.0,2026-02-18 11:43:32.772
1771433012821,913.0,2026-02-18 11:43:32.821
1771433012870,912.0,2026-02-18 11:43:32.870
1771433012925,912.0,2026-02-18 11:43:32.925
1771433012972,911.0,2026-02-18 11:43:32.972
1771433013021,911.0,2026-02-18 11:43:33.021
1771433013075,910.0,2026-02-18 11:43:33.075
1771433013124,910.0,2026-02-18 11:43:33.124
1771433013173,910.0,2026-02-18 11:43:33.173
1771433013224,909.0,2026-02-18 11:43:33.224
1771433013275,908.0,2026-02-18 11:43:33.275
1771433013324,908.0,2026-02-18 11:43:33.324
1771433013374,908.0,2026-02-18 11:43:33.374
1771433013423,908.0,2026-02-18 11:43:33.423
1771433013476,908.0,2026-02-18 11:43:33.476
1771433013525,908.0,2026-02-18 11:43:33.525
1771433013574,908.0,2026-02-18 11:43:33.574
1771433013628,908.0,2026-02-18 11:43:33.628
1771433013677,908.0,2026-02-18 11:43:33.677
1771433013726,908.0,2026-02-18 11:43:33.726
1771433013775,907.0,2026-02-18 11:43:33.775
1771433013828,907.0,2026-02-18 11:43:33.828
1771433013877,908.0,2026-02-18 11:43:33.877
1771433013927,907.0,2026-02-18 11:43:33.927
1771433013980,908.0,2026-02-18 11:43:33.980
1771433014029,908.0,2026-02-18 11:43:34.029
1771433014078,908.0,2026-02-18 11:43:34.078
1771433014127,908.0,2026-02-18 11:43:34.127
1771433014183,908.0,2026-02-18 11:43:34.183
1771433014231,908.0,2026-02-18 11:43:34.231
1771433014279,908.0,2026-02-18 11:43:34.279
1771433014336,908.0,2026-02-18 11:43:34.336
1771433014381,908.0,2026-02-18 11:43:34.381
1771433014430,908.0,2026-02-18 11:43:34.430
1771433014481,908.0,2026-02-18 11:43:34.481
1771433014533,908.0,2026-02-18 11:43:34.533
1771433014582,908.0,2026-02-18 11:43:34.582
1771433014631,909.0,2026-02-18 11:43:34.631
1771433014680,909.0,2026-02-18 11:43:34.680
1771433014733,909.0,2026-02-18 11:43:34.733
1771433014783,910.0,2026-02-18 11:43:34.783
1771433014832,910.0,2026-02-18 11:43:34.832
1771433014891,910.0,2026-02-18 11:43:34.891
1771433014934,911.0,2026-02-18 11:43:34.934
1771433014983,911.0,2026-02-18 11:43:34.983
1771433015035,911.0,2026-02-18 11:43:35.035
1771433015086,911.0,2026-02-18 11:43:35.086
1771433015135,911.0,2026-02-18 11:43:35.135
1771433015184,911.0,2026-02-18 11:43:35.184
1771433015237,911.0,2026-02-18 11:43:35.237
1771433015286,910.0,2026-02-18 11:43:35.286
1771433015336,910.0,2026-02-18 11:43:35.336
1771433015385,910.0,2026-02-18 11:43:35.385
1771433015442,909.0,2026-02-18 11:43:35.442
1771433015487,909.0,2026-02-18 11:43:35.487
1771433015536,908.0,2026-02-18 11:43:35.536
1771433015589,908.0,2026-02-18 11:43:35.589
1771433015639,907.0,2026-02-18 11:43:35.639
1771433015688,907.0,2026-02-18 11:43:35.688
1771433015737,906.0,2026-02-18 11:43:35.737
1771433015790,906.0,2026-02-18 11:43:35.790
1771433015840,905.0,2026-02-18 11:43:35.840
1771433015888,905.0,2026-02-18 11:43:35.888
1771433015938,904.0,2026-02-18 11:43:35.938
1771433015991,904.0,2026-02-18 11:43:35.991
1771433016040,904.0,2026-02-18 11:43:36.040
1771433016091,904.0,2026-02-18 11:43:36.091
1771433016142,904.0,2026-02-18 11:43:36.142
1771433016192,904.0,2026-02-18 11:43:36.192
1771433016241,904.0,2026-02-18 11:43:36.241
1771433016293,904.0,2026-02-18 11:43:36.293
1771433016343,904.0,2026-02-18 11:43:36.343
1771433016392,904.0,2026-02-18 11:43:36.392
1771433016441,903.0,2026-02-18 11:43:36.441
1771433016495,903.0,2026-02-18 11:43:36.495
1771433016544,904.0,2026-02-18 11:43:36.544
1771433016593,904.0,2026-02-18 11:43:36.593
1771433016642,904.0,2026-02-18 11:43:36.642
1771433016695,904.0,2026-02-18 11:43:36.695
1771433016745,904.0,2026-02-18 11:43:36.745
1771433016794,904.0,2026-02-18 11:43:36.794
1771433016847,904.0,2026-02-18 11:43:36.847
1771433016896,904.0,2026-02-18 11:43:36.896
1771433016945,904.0,2026-02-18 11:43:36.945
1771433016994,904.0,2026-02-18 11:43:36.994
1771433017048,904.0,2026-02-18 11:43:37.048
1771433017097,904.0,2026-02-18 11:43:37.097
1771433017146,904.0,2026-02-18 11:43:37.146
1771433017195,905.0,2026-02-18 11:43:37.195
1771433017248,905.0,2026-02-18 11:43:37.248
1771433017297,905.0,2026-02-18 11:43:37.297
1771433017347,906.0,2026-02-18 11:43:37.347
1771433017400,906.0,2026-02-18 11:43:37.400
1771433017449,906.0,2026-02-18 11:43:37.449
1771433017498,907.0,2026-02-18 11:43:37.498
1771433017547,907.0,2026-02-18 11:43:37.547
1771433017601,907.0,2026-02-18 11:43:37.601
1771433017650,907.0,2026-02-18 11:43:37.650
1771433017702,907.0,2026-02-18 11:43:37.702
1771433017752,907.0,2026-02-18 11:43:37.752
1771433017801,907.0,2026-02-18 11:43:37.801
1771433017850,907.0,2026-02-18 11:43:37.850
1771433017899,907.0,2026-02-18 11:43:37.899
1771433017953,907.0,2026-02-18 11:43:37.953
1771433018002,906.0,2026-02-18 11:43:38.002
1771433018051,906.0,2026-02-18 11:43:38.051
1771433018104,905.0,2026-02-18 11:43:38.104
1771433018153,905.0,2026-02-18 11:43:38.153
1771433018203,904.0,2026-02-18 11:43:38.203
1771433018252,904.0,2026-02-18 11:43:38.252
1771433018305,903.0,2026-02-18 11:43:38.305
1771433018354,903.0,2026-02-18 11:43:38.354
1771433018403,902.0,2026-02-18 11:43:38.403
1771433018453,902.0,2026-02-18 11:43:38.453
1771433018506,901.0,2026-02-18 11:43:38.506
1771433018555,901.0,2026-02-18 11:43:38.555
1771433018604,901.0,2026-02-18 11:43:38.604
1771433018657,901.0,2026-02-18 11:43:38.657
1771433018707,901.0,2026-02-18 11:43:38.707
1771433018757,901.0,2026-02-18 11:43:38.757
1771433018805,901.0,2026-02-18 11:43:38.805
1771433018858,901.0,2026-02-18 11:43:38.858
1771433018907,901.0,2026-02-18 11:43:38.907
1771433018956,901.0,2026-02-18 11:43:38.956
1771433019010,901.0,2026-02-18 11:43:39.010
1771433019059,901.0,2026-02-18 11:43:39.059
1771433019108,901.0,2026-02-18 11:43:39.108
1771433019157,901.0,2026-02-18 11:43:39.157
1771433019210,901.0,2026-02-18 11:43:39.210
1771433019260,901.0,2026-02-18 11:43:39.260
1771433019309,901.0,2026-02-18 11:43:39.309
1771433019362,901.0,2026-02-18 11:43:39.362
1771433019411,901.0,2026-02-18 11:43:39.411
1771433019462,901.0,2026-02-18 11:43:39.462
1771433019510,901.0,2026-02-18 11:43:39.510
1771433019562,901.0,2026-02-18 11:43:39.562
1771433019612,901.0,2026-02-18 11:43:39.612
1771433019661,902.0,2026-02-18 11:43:39.661
1771433019710,902.0,2026-02-18 11:43:39.710
1771433019763,902.0,2026-02-18 11:43:39.763
1771433019812,902.0,2026-02-18 11:43:39.812
1771433019861,903.0,2026-02-18 11:43:39.861
1771433019916,904.0,2026-02-18 11:43:39.916
1771433019964,904.0,2026-02-18 11:43:39.964
1771433020013,904.0,2026-02-18 11:43:40.013
1771433020062,904.0,2026-02-18 11:43:40.062
1771433020115,905.0,2026-02-18 11:43:40.115
1771433020175,905.0,2026-02-18 11:43:40.175
1771433020214,905.0,2026-02-18 11:43:40.214
1771433020267,905.0,2026-02-18 11:43:40.267
1771433020316,905.0,2026-02-18 11:43:40.316
1771433020366,905.0,2026-02-18 11:43:40.366
1771433020415,905.0,2026-02-18 11:43:40.415
1771433020468,905.0,2026-02-18 11:43:40.468
1771433020517,905.0,2026-02-18 11:43:40.517
1771433020566,904.0,2026-02-18 11:43:40.566
1771433020619,904.0,2026-02-18 11:43:40.619
1771433020669,903.0,2026-02-18 11:43:40.669
1771433020718,903.0,2026-02-18 11:43:40.718
1771433020767,902.0,2026-02-18 11:43:40.767
1771433020820,902.0,2026-02-18 11:43:40.820
1771433020869,901.0,2026-02-18 11:43:40.869
1771433020918,901.0,2026-02-18 11:43:40.918
1771433020968,900.0,2026-02-18 11:43:40.968
1771433021021,900.0,2026-02-18 11:43:41.021
1771433021070,899.0,2026-02-18 11:43:41.070
1771433021119,899.0,2026-02-18 11:43:41.119
1771433021172,899.0,2026-02-18 11:43:41.172
1771433021221,899.0,2026-02-18 11:43:41.221
1771433021271,899.0,2026-02-18 11:43:41.271
1771433021320,899.0,2026-02-18 11:43:41.320
1771433021373,899.0,2026-02-18 11:43:41.373
1771433021422,899.0,2026-02-18 11:43:41.422
1771433021472,899.0,2026-02-18 11:43:41.472
1771433021524,899.0,2026-02-18 11:43:41.524
1771433021574,899.0,2026-02-18 11:43:41.574
1771433021623,899.0,2026-02-18 11:43:41.623
1771433021673,899.0,2026-02-18 11:43:41.673
1771433021725,899.0,2026-02-18 11:43:41.725
1771433021774,899.0,2026-02-18 11:43:41.774
1771433021823,899.0,2026-02-18 11:43:41.823
1771433021876,899.0,2026-02-18 11:43:41.876
1771433021926,899.0,2026-02-18 11:43:41.926
1771433021975,899.0,2026-02-18 11:43:41.975
1771433022024,899.0,2026-02-18 11:43:42.024
1771433022077,899.0,2026-02-18 11:43:42.077
1771433022126,900.0,2026-02-18 11:43:42.126
1771433022176,900.0,2026-02-18 11:43:42.176
1771433022225,900.0,2026-02-18 11:43:42.225
1771433022278,900.0,2026-02-18 11:43:42.278
1771433022327,900.0,2026-02-18 11:43:42.327
1771433022376,901.0,2026-02-18 11:43:42.376
1771433022429,901.0,2026-02-18 11:43:42.429
1771433022479,901.0,2026-02-18 11:43:42.479
1771433022528,902.0,2026-02-18 11:43:42.528
1771433022577,902.0,2026-02-18 11:43:42.577
1771433022630,903.0,2026-02-18 11:43:42.630
1771433022679,903.0,2026-02-18 11:43:42.679
1771433022728,903.0,2026-02-18 11:43:42.728
1771433022782,903.0,2026-02-18 11:43:42.782
1771433022831,903.0,2026-02-18 11:43:42.831
1771433022880,903.0,2026-02-18 11:43:42.880
1771433022929,903.0,2026-02-18 11:43:42.929
1771433022982,903.0,2026-02-18 11:43:42.982
1771433023032,903.0,2026-02-18 11:43:43.032
1771433023081,903.0,2026-02-18 11:43:43.081
1771433023134,903.0,2026-02-18 11:43:43.134
1771433023183,902.0,2026-02-18 11:43:43.183
1771433023233,902.0,2026-02-18 11:43:43.233
1771433023282,902.0,2026-02-18 11:43:43.282
1771433023335,901.0,2026-02-18 11:43:43.335
1771433023384,901.0,2026-02-18 11:43:43.384
1771433023433,900.0,2026-02-18 11:43:43.433
1771433023486,900.0,2026-02-18 11:43:43.486
1771433023535,899.0,2026-02-18 11:43:43.535
1771433023585,899.0,2026-02-18 11:43:43.585
1771433023634,898.0,2026-02-18 11:43:43.634
1771433023687,898.0,2026-02-18 11:43:43.687
1771433023736,897.0,2026-02-18 11:43:43.736
1771433023785,897.0,2026-02-18 11:43:43.785
1771433023834,897.0,2026-02-18 11:43:43.834
1771433023888,897.0,2026-02-18 11:43:43.888
1771433023937,897.0,2026-02-18 11:43:43.937
1771433023986,897.0,2026-02-18 11:43:43.986
1771433024039,897.0,2026-02-18 11:43:44.039
1771433024088,897.0,2026-02-18 11:43:44.088
1771433024139,897.0,2026-02-18 11:43:44.139
1771433024187,897.0,2026-02-18 11:43:44.187
1771433024240,897.0,2026-02-18 11:43:44.240
1771433024289,898.0,2026-02-18 11:43:44.289
1771433024338,898.0,2026-02-18 11:43:44.338
1771433024391,898.0,2026-02-18 11:43:44.391
1771433024441,898.0,2026-02-18 11:43:44.441
1771433024490,898.0,2026-02-18 11:43:44.490
1771433024539,898.0,2026-02-18 11:43:44.539
1771433024592,898.0,2026-02-18 11:43:44.592
1771433024641,898.0,2026-02-18 11:43:44.641
1771433024690,898.0,2026-02-18 11:43:44.690
1771433024744,898.0,2026-02-18 11:43:44.744
1771433024793,898.0,2026-02-18 11:43:44.793
1771433024842,898.0,2026-02-18 11:43:44.842
1771433024892,899.0,2026-02-18 11:43:44.892
1771433024944,899.0,2026-02-18 11:43:44.944
1771433024994,900.0,2026-02-18 11:43:44.994
1771433025043,900.0,2026-02-18 11:43:45.043
1771433025092,901.0,2026-02-18 11:43:45.092
1771433025145,901.0,2026-02-18 11:43:45.145
1771433025194,902.0,2026-02-18 11:43:45.194
1771433025243,902.0,2026-02-18 11:43:45.243
1771433025297,902.0,2026-02-18 11:43:45.297
1771433025346,903.0,2026-02-18 11:43:45.346
1771433025395,903.0,2026-02-18 11:43:45.395
1771433025444,903.0,2026-02-18 11:43:45.444
1771433025500,903.0,2026-02-18 11:43:45.500
1771433025547,903.0,2026-02-18 11:43:45.547
1771433025596,903.0,2026-02-18 11:43:45.596
1771433025649,903.0,2026-02-18 11:43:45.649
1771433025698,902.0,2026-02-18 11:43:45.698
1771433025747,902.0,2026-02-18 11:43:45.747
1771433025797,902.0,2026-02-18 11:43:45.797
1771433025849,901.0,2026-02-18 11:43:45.849
1771433025899,901.0,2026-02-18 11:43:45.899
1771433025948,901.0,2026-02-18 11:43:45.948
1771433026001,900.0,2026-02-18 11:43:46.001
1771433026050,900.0,2026-02-18 11:43:46.050
1771433026099,899.0,2026-02-18 11:43:46.099
1771433026150,899.0,2026-02-18 11:43:46.150
1771433026202,898.0,2026-02-18 11:43:46.202
1771433026251,898.0,2026-02-18 11:43:46.251
1771433026300,898.0,2026-02-18 11:43:46.300
1771433026349,897.0,2026-02-18 11:43:46.349
1771433026402,897.0,2026-02-18 11:43:46.402
1771433026452,897.0,2026-02-18 11:43:46.452
1771433026501,897.0,2026-02-18 11:43:46.501
1771433026554,898.0,2026-02-18 11:43:46.554
1771433026603,898.0,2026-02-18 11:43:46.603
1771433026652,898.0,2026-02-18 11:43:46.652
1771433026702,897.0,2026-02-18 11:43:46.702
1771433026755,898.0,2026-02-18 11:43:46.755
1771433026804,898.0,2026-02-18 11:43:46.804
1771433026853,898.0,2026-02-18 11:43:46.853
1771433026906,898.0,2026-02-18 11:43:46.906
1771433026955,898.0,2026-02-18 11:43:46.955
1771433027005,899.0,2026-02-18 11:43:47.005
1771433027054,899.0,2026-02-18 11:43:47.054
1771433027107,899.0,2026-02-18 11:43:47.107
1771433027156,899.0,2026-02-18 11:43:47.156
1771433027205,900.0,2026-02-18 11:43:47.205
1771433027258,900.0,2026-02-18 11:43:47.258
1771433027308,900.0,2026-02-18 11:43:47.308
1771433027357,901.0,2026-02-18 11:43:47.357
1771433027406,901.0,2026-02-18 11:43:47.406
1771433027459,901.0,2026-02-18 11:43:47.459
1771433027508,902.0,2026-02-18 11:43:47.508
1771433027558,903.0,2026-02-18 11:43:47.558
1771433027607,903.0,2026-02-18 11:43:47.607
1771433027660,904.0,2026-02-18 11:43:47.660
1771433027709,905.0,2026-02-18 11:43:47.709
1771433027758,905.0,2026-02-18 11:43:47.758
1771433027812,906.0,2026-02-18 11:43:47.812
1771433027861,907.0,2026-02-18 11:43:47.861
1771433027910,907.0,2026-02-18 11:43:47.910
1771433027959,907.0,2026-02-18 11:43:47.959
1771433028012,908.0,2026-02-18 11:43:48.012
1771433028061,908.0,2026-02-18 11:43:48.061
1771433028110,908.0,2026-02-18 11:43:48.110
1771433028164,908.0,2026-02-18 11:43:48.164
1771433028213,908.0,2026-02-18 11:43:48.213
1771433028262,908.0,2026-02-18 11:43:48.262
1771433028311,908.0,2026-02-18 11:43:48.311
1771433028364,908.0,2026-02-18 11:43:48.364
1771433028413,907.0,2026-02-18 11:43:48.413
1771433028463,907.0,2026-02-18 11:43:48.463
1771433028516,907.0,2026-02-18 11:43:48.516
1771433028565,907.0,2026-02-18 11:43:48.565
1771433028614,906.0,2026-02-18 11:43:48.614
1771433028663,906.0,2026-02-18 11:43:48.663
1771433028717,905.0,2026-02-18 11:43:48.717
1771433028766,905.0,2026-02-18 11:43:48.766
1771433028816,904.0,2026-02-18 11:43:48.816
1771433028869,904.0,2026-02-18 11:43:48.869
1771433028917,904.0,2026-02-18 11:43:48.917
1771433028967,904.0,2026-02-18 11:43:48.967
1771433029016,904.0,2026-02-18 11:43:49.016
1771433029069,904.0,2026-02-18 11:43:49.069
1771433029118,904.0,2026-02-18 11:43:49.118
1771433029167,904.0,2026-02-18 11:43:49.167
1771433029216,904.0,2026-02-18 11:43:49.216
1771433029269,904.0,2026-02-18 11:43:49.269
1771433029319,904.0,2026-02-18 11:43:49.319
1771433029368,904.0,2026-02-18 11:43:49.368
1771433029421,904.0,2026-02-18 11:43:49.421
1771433029470,904.0,2026-02-18 11:43:49.470
1771433029519,904.0,2026-02-18 11:43:49.519
1771433029569,904.0,2026-02-18 11:43:49.569
1771433029622,904.0,2026-02-18 11:43:49.622
1771433029671,904.0,2026-02-18 11:43:49.671
1771433029720,904.0,2026-02-18 11:43:49.720
1771433029773,905.0,2026-02-18 11:43:49.773
1771433029822,905.0,2026-02-18 11:43:49.822
1771433029872,905.0,2026-02-18 11:43:49.872
1771433029925,905.0,2026-02-18 11:43:49.925
1771433029974,904.0,2026-02-18 11:43:49.974
1771433030023,905.0,2026-02-18 11:43:50.023
1771433030072,905.0,2026-02-18 11:43:50.072
1771433030126,905.0,2026-02-18 11:43:50.126
1771433030175,906.0,2026-02-18 11:43:50.175
1771433030224,906.0,2026-02-18 11:43:50.224
1771433030273,906.0,2026-02-18 11:43:50.273
1771433030326,907.0,2026-02-18 11:43:50.326
1771433030375,907.0,2026-02-18 11:43:50.375
1771433030425,907.0,2026-02-18 11:43:50.425
1771433030474,908.0,2026-02-18 11:43:50.474
1771433030527,908.0,2026-02-18 11:43:50.527
1771433030576,908.0,2026-02-18 11:43:50.576
1771433030625,908.0,2026-02-18 11:43:50.625
1771433030678,908.0,2026-02-18 11:43:50.678
1771433030728,907.0,2026-02-18 11:43:50.728
1771433030777,907.0,2026-02-18 11:43:50.777
1771433030826,907.0,2026-02-18 11:43:50.826
1771433030879,907.0,2026-02-18 11:43:50.879
1771433030928,907.0,2026-02-18 11:43:50.928
1771433030978,906.0,2026-02-18 11:43:50.978
1771433031031,906.0,2026-02-18 11:43:51.031
1771433031080,905.0,2026-02-18 11:43:51.080
1771433031129,904.0,2026-02-18 11:43:51.129
1771433031178,904.0,2026-02-18 11:43:51.178
1771433031231,904.0,2026-02-18 11:43:51.231
1771433031283,903.0,2026-02-18 11:43:51.283
1771433031330,902.0,2026-02-18 11:43:51.330
1771433031383,902.0,2026-02-18 11:43:51.383
1771433031432,902.0,2026-02-18 11:43:51.432
1771433031481,901.0,2026-02-18 11:43:51.481
1771433031535,901.0,2026-02-18 11:43:51.535
1771433031584,901.0,2026-02-18 11:43:51.584
1771433031633,901.0,2026-02-18 11:43:51.633
1771433031682,901.0,2026-02-18 11:43:51.682
1771433031732,901.0,2026-02-18 11:43:51.732
1771433031784,901.0,2026-02-18 11:43:51.784
1771433031835,901.0,2026-02-18 11:43:51.835
1771433031883,901.0,2026-02-18 11:43:51.883
1771433031936,901.0,2026-02-18 11:43:51.936
1771433031985,901.0,2026-02-18 11:43:51.985
1771433032036,901.0,2026-02-18 11:43:52.036
1771433032084,901.0,2026-02-18 11:43:52.084
1771433032136,901.0,2026-02-18 11:43:52.136
1771433032186,901.0,2026-02-18 11:43:52.186
1771433032235,901.0,2026-02-18 11:43:52.235
1771433032289,901.0,2026-02-18 11:43:52.289
1771433032337,901.0,2026-02-18 11:43:52.337
1771433032387,901.0,2026-02-18 11:43:52.387
1771433032436,901.0,2026-02-18 11:43:52.436
1771433032489,901.0,2026-02-18 11:43:52.489
1771433032538,902.0,2026-02-18 11:43:52.538
1771433032587,902.0,2026-02-18 11:43:52.587
1771433032640,902.0,2026-02-18 11:43:52.640
1771433032690,902.0,2026-02-18 11:43:52.690
1771433032739,902.0,2026-02-18 11:43:52.739
1771433032788,903.0,2026-02-18 11:43:52.788
1771433032843,903.0,2026-02-18 11:43:52.843
1771433032890,904.0,2026-02-18 11:43:52.890
1771433032939,904.0,2026-02-18 11:43:52.939
1771433032989,904.0,2026-02-18 11:43:52.989
1771433033042,905.0,2026-02-18 11:43:53.042
1771433033091,905.0,2026-02-18 11:43:53.091
1771433033140,905.0,2026-02-18 11:43:53.140
1771433033193,905.0,2026-02-18 11:43:53.193
1771433033242,905.0,2026-02-18 11:43:53.242
1771433033292,905.0,2026-02-18 11:43:53.292
1771433033341,905.0,2026-02-18 11:43:53.341
1771433033394,905.0,2026-02-18 11:43:53.394
1771433033443,904.0,2026-02-18 11:43:53.443
1771433033492,904.0,2026-02-18 11:43:53.492
1771433033545,904.0,2026-02-18 11:43:53.545
1771433033595,903.0,2026-02-18 11:43:53.595
1771433033644,903.0,2026-02-18 11:43:53.644
1771433033693,902.0,2026-02-18 11:43:53.693
1771433033746,902.0,2026-02-18 11:43:53.746
1771433033795,902.0,2026-02-18 11:43:53.795
1771433033846,901.0,2026-02-18 11:43:53.846
1771433033898,901.0,2026-02-18 11:43:53.898
1771433033947,900.0,2026-02-18 11:43:53.947
1771433033996,900.0,2026-02-18 11:43:53.996
1771433034045,900.0,2026-02-18 11:43:54.045
1771433034098,900.0,2026-02-18 11:43:54.098
1771433034148,900.0,2026-02-18 11:43:54.148
1771433034197,900.0,2026-02-18 11:43:54.197
1771433034246,900.0,2026-02-18 11:43:54.246
1771433034306,900.0,2026-02-18 11:43:54.306
1771433034348,900.0,2026-02-18 11:43:54.348
1771433034397,900.0,2026-02-18 11:43:54.397
1771433034451,901.0,2026-02-18 11:43:54.451
1771433034500,901.0,2026-02-18 11:43:54.500
1771433034549,901.0,2026-02-18 11:43:54.549
1771433034598,901.0,2026-02-18 11:43:54.598
1771433034651,901.0,2026-02-18 11:43:54.651
1771433034701,901.0,2026-02-18 11:43:54.701
1771433034750,901.0,2026-02-18 11:43:54.750
1771433034803,902.0,2026-02-18 11:43:54.803
1771433034852,902.0,2026-02-18 11:43:54.852
1771433034901,902.0,2026-02-18 11:43:54.901
1771433034950,902.0,2026-02-18 11:43:54.950
1771433035004,902.0,2026-02-18 11:43:55.004
1771433035053,902.0,2026-02-18 11:43:55.053
1771433035102,902.0,2026-02-18 11:43:55.102
1771433035155,903.0,2026-02-18 11:43:55.155
1771433035204,903.0,2026-02-18 11:43:55.204
1771433035254,903.0,2026-02-18 11:43:55.254
1771433035303,904.0,2026-02-18 11:43:55.303
1771433035356,904.0,2026-02-18 11:43:55.356
1771433035405,905.0,2026-02-18 11:43:55.405
1771433035454,905.0,2026-02-18 11:43:55.454
1771433035503,906.0,2026-02-18 11:43:55.503
1771433035557,906.0,2026-02-18 11:43:55.557
1771433035606,906.0,2026-02-18 11:43:55.606
1771433035655,906.0,2026-02-18 11:43:55.655
1771433035708,907.0,2026-02-18 11:43:55.708
1771433035758,906.0,2026-02-18 11:43:55.758
1771433035807,906.0,2026-02-18 11:43:55.807
1771433035856,906.0,2026-02-18 11:43:55.856
1771433035909,906.0,2026-02-18 11:43:55.909
1771433035958,906.0,2026-02-18 11:43:55.958
1771433036007,906.0,2026-02-18 11:43:56.007
1771433036061,905.0,2026-02-18 11:43:56.061
1771433036110,905.0,2026-02-18 11:43:56.110
1771433036159,904.0,2026-02-18 11:43:56.159
1771433036208,904.0,2026-02-18 11:43:56.208
1771433036261,904.0,2026-02-18 11:43:56.261
1771433036310,903.0,2026-02-18 11:43:56.310
1771433036359,902.0,2026-02-18 11:43:56.359
1771433036413,902.0,2026-02-18 11:43:56.413
1771433036462,901.0,2026-02-18 11:43:56.462
1771433036511,901.0,2026-02-18 11:43:56.511
1771433036560,900.0,2026-02-18 11:43:56.560
1771433036613,900.0,2026-02-18 11:43:56.613
1771433036662,900.0,2026-02-18 11:43:56.662
1771433036712,900.0,2026-02-18 11:43:56.712
1771433036761,900.0,2026-02-18 11:43:56.761
1771433036814,900.0,2026-02-18 11:43:56.814
1771433036863,900.0,2026-02-18 11:43:56.863
1771433036912,900.0,2026-02-18 11:43:56.912
1771433036966,900.0,2026-02-18 11:43:56.966
1771433037015,900.0,2026-02-18 11:43:57.015
1771433037064,900.0,2026-02-18 11:43:57.064
1771433037113,900.0,2026-02-18 11:43:57.113
1771433037166,900.0,2026-02-18 11:43:57.166
1771433037215,900.0,2026-02-18 11:43:57.215
1771433037265,900.0,2026-02-18 11:43:57.265
1771433037318,900.0,2026-02-18 11:43:57.318
1771433037367,900.0,2026-02-18 11:43:57.367
1771433037416,900.0,2026-02-18 11:43:57.416
1771433037465,900.0,2026-02-18 11:43:57.465
1771433037519,900.0,2026-02-18 11:43:57.519
1771433037568,900.0,2026-02-18 11:43:57.568
1771433037617,901.0,2026-02-18 11:43:57.617
1771433037670,901.0,2026-02-18 11:43:57.670
1771433037719,900.0,2026-02-18 11:43:57.719
1771433037768,901.0,2026-02-18 11:43:57.768
1771433037819,901.0,2026-02-18 11:43:57.819
1771433037871,902.0,2026-02-18 11:43:57.871
1771433037920,902.0,2026-02-18 11:43:57.920
1771433037969,903.0,2026-02-18 11:43:57.969
1771433038020,903.0,2026-02-18 11:43:58.020
1771433038071,903.0,2026-02-18 11:43:58.071
1771433038121,904.0,2026-02-18 11:43:58.121
1771433038170,904.0,2026-02-18 11:43:58.170
1771433038223,904.0,2026-02-18 11:43:58.223
1771433038272,904.0,2026-02-18 11:43:58.272
1771433038321,904.0,2026-02-18 11:43:58.321
1771433038371,904.0,2026-02-18 11:43:58.371
1771433038424,904.0,2026-02-18 11:43:58.424
1771433038473,904.0,2026-02-18 11:43:58.473
1771433038522,904.0,2026-02-18 11:43:58.522
1771433038575,903.0,2026-02-18 11:43:58.575
1771433038624,903.0,2026-02-18 11:43:58.624
1771433038674,903.0,2026-02-18 11:43:58.674
1771433038723,902.0,2026-02-18 11:43:58.723
1771433038776,902.0,2026-02-18 11:43:58.776
1771433038825,901.0,2026-02-18 11:43:58.825
1771433038874,901.0,2026-02-18 11:43:58.874
1771433038927,900.0,2026-02-18 11:43:58.927
1771433038977,900.0,2026-02-18 11:43:58.977
1771433039026,899.0,2026-02-18 11:43:59.026
1771433039075,899.0,2026-02-18 11:43:59.075
1771433039128,898.0,2026-02-18 11:43:59.128
1771433039177,898.0,2026-02-18 11:43:59.177
1771433039227,898.0,2026-02-18 11:43:59.227
1771433039280,898.0,2026-02-18 11:43:59.280
1771433039329,898.0,2026-02-18 11:43:59.329
1771433039378,898.0,2026-02-18 11:43:59.378
1771433039427,898.0,2026-02-18 11:43:59.427
1771433039480,898.0,2026-02-18 11:43:59.480
1771433039529,898.0,2026-02-18 11:43:59.529
1771433039579,898.0,2026-02-18 11:43:59.579
1771433039628,898.0,2026-02-18 11:43:59.628
1771433039681,898.0,2026-02-18 11:43:59.681
1771433039730,898.0,2026-02-18 11:43:59.730
1771433039781,898.0,2026-02-18 11:43:59.781
1771433039833,898.0,2026-02-18 11:43:59.833
1771433039882,898.0,2026-02-18 11:43:59.882
1771433039931,898.0,2026-02-18 11:43:59.931
1771433039980,898.0,2026-02-18 11:43:59.980
1771433040033,898.0,2026-02-18 11:44:00.033
1771433040083,899.0,2026-02-18 11:44:00.083
1771433040132,899.0,2026-02-18 11:44:00.132
1771433040185,899.0,2026-02-18 11:44:00.185
1771433040234,899.0,2026-02-18 11:44:00.234
1771433040287,899.0,2026-02-18 11:44:00.287
1771433040333,899.0,2026-02-18 11:44:00.333
1771433040386,900.0,2026-02-18 11:44:00.386
1771433040437,900.0,2026-02-18 11:44:00.437
1771433040484,900.0,2026-02-18 11:44:00.484
1771433040537,901.0,2026-02-18 11:44:00.537
1771433040586,902.0,2026-02-18 11:44:00.586
1771433040636,902.0,2026-02-18 11:44:00.636
1771433040685,902.0,2026-02-18 11:44:00.685
1771433040738,902.0,2026-02-18 11:44:00.738
1771433040787,903.0,2026-02-18 11:44:00.787
1771433040836,903.0,2026-02-18 11:44:00.836
1771433040885,903.0,2026-02-18 11:44:00.885
1771433040939,903.0,2026-02-18 11:44:00.939
1771433040988,903.0,2026-02-18 11:44:00.988
1771433041037,903.0,2026-02-18 11:44:01.037
1771433041090,903.0,2026-02-18 11:44:01.090
1771433041139,903.0,2026-02-18 11:44:01.139
1771433041188,902.0,2026-02-18 11:44:01.188
1771433041238,902.0,2026-02-18 11:44:01.238
1771433041291,901.0,2026-02-18 11:44:01.291
1771433041340,901.0,2026-02-18 11:44:01.340
1771433041389,901.0,2026-02-18 11:44:01.389
1771433041442,900.0,2026-02-18 11:44:01.442
1771433041491,900.0,2026-02-18 11:44:01.491
1771433041541,899.0,2026-02-18 11:44:01.541
1771433041590,899.0,2026-02-18 11:44:01.590
1771433041643,898.0,2026-02-18 11:44:01.643
1771433041692,898.0,2026-02-18 11:44:01.692
1771433041741,898.0,2026-02-18 11:44:01.741
1771433041794,898.0,2026-02-18 11:44:01.794
1771433041844,898.0,2026-02-18 11:44:01.844
1771433041893,898.0,2026-02-18 11:44:01.893
1771433041942,898.0,2026-02-18 11:44:01.942
1771433041995,898.0,2026-02-18 11:44:01.995
1771433042044,898.0,2026-02-18 11:44:02.044
1771433042094,898.0,2026-02-18 11:44:02.094
1771433042143,898.0,2026-02-18 11:44:02.143
1771433042196,898.0,2026-02-18 11:44:02.196
1771433042245,899.0,2026-02-18 11:44:02.245
1771433042294,898.0,2026-02-18 11:44:02.294
1771433042348,899.0,2026-02-18 11:44:02.348
1771433042397,899.0,2026-02-18 11:44:02.397
1771433042446,899.0,2026-02-18 11:44:02.446
1771433042495,899.0,2026-02-18 11:44:02.495
1771433042549,899.0,2026-02-18 11:44:02.549
1771433042597,899.0,2026-02-18 11:44:02.597
1771433042651,899.0,2026-02-18 11:44:02.651
1771433042700,899.0,2026-02-18 11:44:02.700
1771433042751,899.0,2026-02-18 11:44:02.751
1771433042798,899.0,2026-02-18 11:44:02.798
1771433042847,899.0,2026-02-18 11:44:02.847
1771433042900,900.0,2026-02-18 11:44:02.900
1771433042949,900.0,2026-02-18 11:44:02.949
1771433042999,900.0,2026-02-18 11:44:02.999
1771433043052,901.0,2026-02-18 11:44:03.052
1771433043101,901.0,2026-02-18 11:44:03.101
1771433043150,902.0,2026-02-18 11:44:03.150
1771433043199,902.0,2026-02-18 11:44:03.199
1771433043253,903.0,2026-02-18 11:44:03.253
1771433043302,903.0,2026-02-18 11:44:03.302
1771433043351,903.0,2026-02-18 11:44:03.351
1771433043400,903.0,2026-02-18 11:44:03.400
1771433043453,903.0,2026-02-18 11:44:03.453
1771433043503,903.0,2026-02-18 11:44:03.503
1771433043552,903.0,2026-02-18 11:44:03.552
1771433043605,903.0,2026-02-18 11:44:03.605
1771433043654,903.0,2026-02-18 11:44:03.654
1771433043703,903.0,2026-02-18 11:44:03.703
1771433043752,902.0,2026-02-18 11:44:03.752
1771433043805,902.0,2026-02-18 11:44:03.805
1771433043855,901.0,2026-02-18 11:44:03.855
1771433043904,901.0,2026-02-18 11:44:03.904
1771433043957,901.0,2026-02-18 11:44:03.957
1771433044006,900.0,2026-02-18 11:44:04.006
1771433044055,900.0,2026-02-18 11:44:04.055
1771433044105,899.0,2026-02-18 11:44:04.105
1771433044158,898.0,2026-02-18 11:44:04.158
1771433044207,898.0,2026-02-18 11:44:04.207
1771433044256,897.0,2026-02-18 11:44:04.256
1771433044309,897.0,2026-02-18 11:44:04.309
1771433044359,897.0,2026-02-18 11:44:04.359
1771433044408,897.0,2026-02-18 11:44:04.408
1771433044457,897.0,2026-02-18 11:44:04.457
1771433044510,897.0,2026-02-18 11:44:04.510
1771433044569,897.0,2026-02-18 11:44:04.569
1771433044608,897.0,2026-02-18 11:44:04.608
1771433044658,897.0,2026-02-18 11:44:04.658
1771433044711,897.0,2026-02-18 11:44:04.711
1771433044760,897.0,2026-02-18 11:44:04.760
1771433044809,897.0,2026-02-18 11:44:04.809
1771433044862,897.0,2026-02-18 11:44:04.862
1771433044911,897.0,2026-02-18 11:44:04.911
1771433044961,897.0,2026-02-18 11:44:04.961
1771433045010,897.0,2026-02-18 11:44:05.010
1771433045063,897.0,2026-02-18 11:44:05.063
1771433045112,898.0,2026-02-18 11:44:05.112
1771433045161,898.0,2026-02-18 11:44:05.161
1771433045215,898.0,2026-02-18 11:44:05.215
1771433045264,898.0,2026-02-18 11:44:05.264
1771433045313,898.0,2026-02-18 11:44:05.313
1771433045362,898.0,2026-02-18 11:44:05.362
1771433045417,898.0,2026-02-18 11:44:05.417
1771433045464,898.0,2026-02-18 11:44:05.464
1771433045514,898.0,2026-02-18 11:44:05.514
1771433045567,899.0,2026-02-18 11:44:05.567
1771433045616,899.0,2026-02-18 11:44:05.616
1771433045665,900.0,2026-02-18 11:44:05.665
1771433045714,900.0,2026-02-18 11:44:05.714
1771433045767,901.0,2026-02-18 11:44:05.767
1771433045817,901.0,2026-02-18 11:44:05.817
1771433045866,901.0,2026-02-18 11:44:05.866
1771433045919,902.0,2026-02-18 11:44:05.919
1771433045968,902.0,2026-02-18 11:44:05.968
1771433046019,902.0,2026-02-18 11:44:06.019
1771433046067,902.0,2026-02-18 11:44:06.067
1771433046120,902.0,2026-02-18 11:44:06.120
1771433046169,902.0,2026-02-18 11:44:06.169
1771433046218,902.0,2026-02-18 11:44:06.218
1771433046267,901.0,2026-02-18 11:44:06.267
1771433046321,901.0,2026-02-18 11:44:06.321
1771433046370,901.0,2026-02-18 11:44:06.370
1771433046425,900.0,2026-02-18 11:44:06.425
1771433046472,900.0,2026-02-18 11:44:06.472
1771433046521,900.0,2026-02-18 11:44:06.521
1771433046571,899.0,2026-02-18 11:44:06.571
1771433046619,899.0,2026-02-18 11:44:06.619
1771433046673,899.0,2026-02-18 11:44:06.673
1771433046722,898.0,2026-02-18 11:44:06.722
1771433046771,898.0,2026-02-18 11:44:06.771
1771433046824,898.0,2026-02-18 11:44:06.824
1771433046873,898.0,2026-02-18 11:44:06.873
1771433046923,898.0,2026-02-18 11:44:06.923
1771433046972,898.0,2026-02-18 11:44:06.972
1771433047025,898.0,2026-02-18 11:44:07.025
1771433047074,899.0,2026-02-18 11:44:07.074
1771433047123,899.0,2026-02-18 11:44:07.123
1771433047176,899.0,2026-02-18 11:44:07.176
1771433047226,900.0,2026-02-18 11:44:07.226
1771433047275,900.0,2026-02-18 11:44:07.275
1771433047324,900.0,2026-02-18 11:44:07.324
1771433047380,901.0,2026-02-18 11:44:07.380
1771433047426,901.0,2026-02-18 11:44:07.426
1771433047475,902.0,2026-02-18 11:44:07.475
1771433047525,902.0,2026-02-18 11:44:07.525
1771433047578,903.0,2026-02-18 11:44:07.578
1771433047627,903.0,2026-02-18 11:44:07.627
1771433047676,903.0,2026-02-18 11:44:07.676
1771433047729,904.0,2026-02-18 11:44:07.729
1771433047778,904.0,2026-02-18 11:44:07.778
1771433047828,905.0,2026-02-18 11:44:07.828
1771433047877,905.0,2026-02-18 11:44:07.877
1771433047930,905.0,2026-02-18 11:44:07.930
1771433047979,906.0,2026-02-18 11:44:07.979
1771433048028,906.0,2026-02-18 11:44:08.028
1771433048082,907.0,2026-02-18 11:44:08.082
1771433048131,908.0,2026-02-18 11:44:08.131
1771433048180,908.0,2026-02-18 11:44:08.180
1771433048229,909.0,2026-02-18 11:44:08.229
1771433048282,910.0,2026-02-18 11:44:08.282
1771433048331,911.0,2026-02-18 11:44:08.331
1771433048381,911.0,2026-02-18 11:44:08.381
1771433048434,911.0,2026-02-18 11:44:08.434
1771433048483,912.0,2026-02-18 11:44:08.483
1771433048534,912.0,2026-02-18 11:44:08.534
1771433048581,913.0,2026-02-18 11:44:08.581
1771433048634,913.0,2026-02-18 11:44:08.634
1771433048684,913.0,2026-02-18 11:44:08.684
1771433048733,913.0,2026-02-18 11:44:08.733
1771433048782,913.0,2026-02-18 11:44:08.782
1771433048835,913.0,2026-02-18 11:44:08.835
1771433048884,913.0,2026-02-18 11:44:08.884
1771433048934,913.0,2026-02-18 11:44:08.934
1771433048987,913.0,2026-02-18 11:44:08.987
1771433049036,912.0,2026-02-18 11:44:09.036
1771433049086,912.0,2026-02-18 11:44:09.086
1771433049134,912.0,2026-02-18 11:44:09.134
1771433049187,911.0,2026-02-18 11:44:09.187
1771433049237,911.0,2026-02-18 11:44:09.237
1771433049286,910.0,2026-02-18 11:44:09.286
1771433049339,910.0,2026-02-18 11:44:09.339
1771433049389,910.0,2026-02-18 11:44:09.389
1771433049437,909.0,2026-02-18 11:44:09.437
1771433049492,909.0,2026-02-18 11:44:09.492
1771433049540,909.0,2026-02-18 11:44:09.540
1771433049589,909.0,2026-02-18 11:44:09.589
1771433049638,909.0,2026-02-18 11:44:09.638
1771433049691,909.0,2026-02-18 11:44:09.691
1771433049740,909.0,2026-02-18 11:44:09.740
1771433049790,909.0,2026-02-18 11:44:09.790
1771433049840,909.0,2026-02-18 11:44:09.840
1771433049892,909.0,2026-02-18 11:44:09.892
1771433049941,909.0,2026-02-18 11:44:09.941
1771433049990,910.0,2026-02-18 11:44:09.990
1771433050039,910.0,2026-02-18 11:44:10.039
1771433050093,910.0,2026-02-18 11:44:10.093
1771433050142,910.0,2026-02-18 11:44:10.142
1771433050191,910.0,2026-02-18 11:44:10.191
1771433050244,910.0,2026-02-18 11:44:10.244
1771433050293,910.0,2026-02-18 11:44:10.293
1771433050343,910.0,2026-02-18 11:44:10.343
1771433050392,911.0,2026-02-18 11:44:10.392
1771433050445,911.0,2026-02-18 11:44:10.445
1771433050494,911.0,2026-02-18 11:44:10.494
1771433050543,911.0,2026-02-18 11:44:10.543
1771433050596,911.0,2026-02-18 11:44:10.596
1771433050646,911.0,2026-02-18 11:44:10.646
1771433050695,912.0,2026-02-18 11:44:10.695
1771433050744,912.0,2026-02-18 11:44:10.744
1771433050797,913.0,2026-02-18 11:44:10.797
1771433050846,914.0,2026-02-18 11:44:10.846
1771433050895,914.0,2026-02-18 11:44:10.895
1771433050949,915.0,2026-02-18 11:44:10.949
1771433050998,915.0,2026-02-18 11:44:10.998
1771433051047,915.0,2026-02-18 11:44:11.047
1771433051096,916.0,2026-02-18 11:44:11.096
1771433051149,916.0,2026-02-18 11:44:11.149
1771433051199,916.0,2026-02-18 11:44:11.199
1771433051248,915.0,2026-02-18 11:44:11.248
1771433051297,916.0,2026-02-18 11:44:11.297
1771433051350,915.0,2026-02-18 11:44:11.350
1771433051399,915.0,2026-02-18 11:44:11.399
1771433051449,915.0,2026-02-18 11:44:11.449
1771433051502,914.0,2026-02-18 11:44:11.502
1771433051551,914.0,2026-02-18 11:44:11.551
1771433051600,913.0,2026-02-18 11:44:11.600
1771433051649,913.0,2026-02-18 11:44:11.649
1771433051702,912.0,2026-02-18 11:44:11.702
1771433051752,912.0,2026-02-18 11:44:11.752
1771433051801,911.0,2026-02-18 11:44:11.801
1771433051854,911.0,2026-02-18 11:44:11.854
1771433051903,910.0,2026-02-18 11:44:11.903
1771433051952,910.0,2026-02-18 11:44:11.952
1771433052001,909.0,2026-02-18 11:44:12.001
1771433052055,909.0,2026-02-18 11:44:12.055
1771433052104,909.0,2026-02-18 11:44:12.104
1771433052153,909.0,2026-02-18 11:44:12.153
1771433052206,909.0,2026-02-18 11:44:12.206
1771433052255,909.0,2026-02-18 11:44:12.255
1771433052304,909.0,2026-02-18 11:44:12.304
1771433052354,909.0,2026-02-18 11:44:12.354
1771433052407,909.0,2026-02-18 11:44:12.407
1771433052456,909.0,2026-02-18 11:44:12.456
1771433052505,909.0,2026-02-18 11:44:12.505
1771433052558,909.0,2026-02-18 11:44:12.558
1771433052607,909.0,2026-02-18 11:44:12.607
1771433052657,909.0,2026-02-18 11:44:12.657
1771433052706,909.0,2026-02-18 11:44:12.706
1771433052759,909.0,2026-02-18 11:44:12.759
1771433052809,909.0,2026-02-18 11:44:12.809
1771433052857,909.0,2026-02-18 11:44:12.857
1771433052907,909.0,2026-02-18 11:44:12.907
1771433052960,909.0,2026-02-18 11:44:12.960
1771433053009,909.0,2026-02-18 11:44:13.009
1771433053058,909.0,2026-02-18 11:44:13.058
1771433053111,909.0,2026-02-18 11:44:13.111
1771433053160,909.0,2026-02-18 11:44:13.160
1771433053210,910.0,2026-02-18 11:44:13.210
1771433053259,910.0,2026-02-18 11:44:13.259
1771433053316,911.0,2026-02-18 11:44:13.316
1771433053361,911.0,2026-02-18 11:44:13.361
1771433053410,911.0,2026-02-18 11:44:13.410
1771433053463,912.0,2026-02-18 11:44:13.463
1771433053513,912.0,2026-02-18 11:44:13.513
1771433053562,912.0,2026-02-18 11:44:13.562
1771433053611,913.0,2026-02-18 11:44:13.611
1771433053664,913.0,2026-02-18 11:44:13.664
1771433053713,913.0,2026-02-18 11:44:13.713
1771433053763,913.0,2026-02-18 11:44:13.763
1771433053816,913.0,2026-02-18 11:44:13.816
1771433053868,913.0,2026-02-18 11:44:13.868
1771433053914,912.0,2026-02-18 11:44:13.914
1771433053963,912.0,2026-02-18 11:44:13.963
1771433054016,912.0,2026-02-18 11:44:14.016
1771433054066,911.0,2026-02-18 11:44:14.066
1771433054115,911.0,2026-02-18 11:44:14.115
1771433054164,910.0,2026-02-18 11:44:14.164
1771433054217,910.0,2026-02-18 11:44:14.217
1771433054266,909.0,2026-02-18 11:44:14.266
1771433054315,909.0,2026-02-18 11:44:14.315
1771433054369,908.0,2026-02-18 11:44:14.369
1771433054418,908.0,2026-02-18 11:44:14.418
1771433054467,907.0,2026-02-18 11:44:14.467
1771433054516,906.0,2026-02-18 11:44:14.516
1771433054569,906.0,2026-02-18 11:44:14.569
1771433054619,905.0,2026-02-18 11:44:14.619
1771433054668,905.0,2026-02-18 11:44:14.668
1771433054721,905.0,2026-02-18 11:44:14.721
1771433054770,905.0,2026-02-18 11:44:14.770
1771433054819,905.0,2026-02-18 11:44:14.819
1771433054868,905.0,2026-02-18 11:44:14.868
1771433054922,906.0,2026-02-18 11:44:14.922
1771433054971,906.0,2026-02-18 11:44:14.971
1771433055020,906.0,2026-02-18 11:44:15.020
1771433055073,906.0,2026-02-18 11:44:15.073
1771433055123,906.0,2026-02-18 11:44:15.123
1771433055172,906.0,2026-02-18 11:44:15.172
1771433055221,906.0,2026-02-18 11:44:15.221
1771433055274,906.0,2026-02-18 11:44:15.274
1771433055323,906.0,2026-02-18 11:44:15.323
1771433055372,907.0,2026-02-18 11:44:15.372
1771433055421,906.0,2026-02-18 11:44:15.421
1771433055475,907.0,2026-02-18 11:44:15.475
1771433055524,907.0,2026-02-18 11:44:15.524
1771433055573,907.0,2026-02-18 11:44:15.573
1771433055626,907.0,2026-02-18 11:44:15.626
1771433055675,907.0,2026-02-18 11:44:15.675
1771433055724,907.0,2026-02-18 11:44:15.724
1771433055774,907.0,2026-02-18 11:44:15.774
1771433055827,908.0,2026-02-18 11:44:15.827
1771433055876,908.0,2026-02-18 11:44:15.876
1771433055925,909.0,2026-02-18 11:44:15.925
1771433055978,909.0,2026-02-18 11:44:15.978
1771433056027,910.0,2026-02-18 11:44:16.027
1771433056077,910.0,2026-02-18 11:44:16.077
1771433056126,911.0,2026-02-18 11:44:16.126
1771433056179,911.0,2026-02-18 11:44:16.179
1771433056228,911.0,2026-02-18 11:44:16.228
1771433056277,911.0,2026-02-18 11:44:16.277
1771433056332,911.0,2026-02-18 11:44:16.332
1771433056380,912.0,2026-02-18 11:44:16.380
1771433056429,911.0,2026-02-18 11:44:16.429
1771433056478,911.0,2026-02-18 11:44:16.478
1771433056535,911.0,2026-02-18 11:44:16.535
1771433056580,911.0,2026-02-18 11:44:16.580
1771433056630,911.0,2026-02-18 11:44:16.630
1771433056679,910.0,2026-02-18 11:44:16.679
1771433056732,910.0,2026-02-18 11:44:16.732
1771433056781,909.0,2026-02-18 11:44:16.781
1771433056831,909.0,2026-02-18 11:44:16.831
1771433056883,908.0,2026-02-18 11:44:16.883
1771433056933,908.0,2026-02-18 11:44:16.933
1771433056982,907.0,2026-02-18 11:44:16.982
1771433057032,907.0,2026-02-18 11:44:17.032
1771433057084,906.0,2026-02-18 11:44:17.084
1771433057133,905.0,2026-02-18 11:44:17.133
1771433057182,905.0,2026-02-18 11:44:17.182
1771433057236,905.0,2026-02-18 11:44:17.236
1771433057285,905.0,2026-02-18 11:44:17.285
1771433057334,905.0,2026-02-18 11:44:17.334
1771433057383,905.0,2026-02-18 11:44:17.383
1771433057437,905.0,2026-02-18 11:44:17.437
1771433057486,905.0,2026-02-18 11:44:17.486
1771433057535,905.0,2026-02-18 11:44:17.535
1771433057588,905.0,2026-02-18 11:44:17.588
1771433057637,905.0,2026-02-18 11:44:17.637
1771433057686,905.0,2026-02-18 11:44:17.686
1771433057736,905.0,2026-02-18 11:44:17.736
1771433057789,905.0,2026-02-18 11:44:17.789
1771433057838,905.0,2026-02-18 11:44:17.838
1771433057887,905.0,2026-02-18 11:44:17.887
1771433057936,906.0,2026-02-18 11:44:17.936
1771433057989,906.0,2026-02-18 11:44:17.989
1771433058039,906.0,2026-02-18 11:44:18.039
1771433058088,906.0,2026-02-18 11:44:18.088
1771433058141,906.0,2026-02-18 11:44:18.141
1771433058190,906.0,2026-02-18 11:44:18.190
1771433058239,906.0,2026-02-18 11:44:18.239
1771433058288,906.0,2026-02-18 11:44:18.288
1771433058342,906.0,2026-02-18 11:44:18.342
1771433058391,907.0,2026-02-18 11:44:18.391
1771433058440,907.0,2026-02-18 11:44:18.440
1771433058493,908.0,2026-02-18 11:44:18.493
1771433058542,908.0,2026-02-18 11:44:18.542
1771433058592,909.0,2026-02-18 11:44:18.592
1771433058641,909.0,2026-02-18 11:44:18.641
1771433058694,910.0,2026-02-18 11:44:18.694
1771433058743,910.0,2026-02-18 11:44:18.743
1771433058792,910.0,2026-02-18 11:44:18.792
1771433058845,910.0,2026-02-18 11:44:18.845
1771433058895,910.0,2026-02-18 11:44:18.895
1771433058944,910.0,2026-02-18 11:44:18.944
1771433058993,910.0,2026-02-18 11:44:18.993
1771433059046,910.0,2026-02-18 11:44:19.046
1771433059095,910.0,2026-02-18 11:44:19.095
1771433059144,909.0,2026-02-18 11:44:19.144
1771433059194,909.0,2026-02-18 11:44:19.194
1771433059247,909.0,2026-02-18 11:44:19.247
1771433059297,908.0,2026-02-18 11:44:19.297
1771433059345,908.0,2026-02-18 11:44:19.345
1771433059398,907.0,2026-02-18 11:44:19.398
1771433059448,906.0,2026-02-18 11:44:19.448
1771433059497,906.0,2026-02-18 11:44:19.497
1771433059546,905.0,2026-02-18 11:44:19.546
1771433059599,904.0,2026-02-18 11:44:19.599
1771433059648,904.0,2026-02-18 11:44:19.648
1771433059698,903.0,2026-02-18 11:44:19.698
1771433059751,903.0,2026-02-18 11:44:19.751
1771433059800,903.0,2026-02-18 11:44:19.800
1771433059849,903.0,2026-02-18 11:44:19.849
1771433059898,903.0,2026-02-18 11:44:19.898
1771433059951,903.0,2026-02-18 11:44:19.951
1771433060000,903.0,2026-02-18 11:44:20.000
1771433060050,903.0,2026-02-18 11:44:20.050
1771433060103,903.0,2026-02-18 11:44:20.103
1771433060152,902.0,2026-02-18 11:44:20.152
1771433060201,903.0,2026-02-18 11:44:20.201
1771433060250,903.0,2026-02-18 11:44:20.250
1771433060304,903.0,2026-02-18 11:44:20.304
1771433060353,903.0,2026-02-18 11:44:20.353
1771433060402,903.0,2026-02-18 11:44:20.402
1771433060451,903.0,2026-02-18 11:44:20.451
1771433060504,903.0,2026-02-18 11:44:20.504
1771433060553,903.0,2026-02-18 11:44:20.553
1771433060603,904.0,2026-02-18 11:44:20.603
1771433060656,904.0,2026-02-18 11:44:20.656
1771433060705,904.0,2026-02-18 11:44:20.705
1771433060754,904.0,2026-02-18 11:44:20.754
1771433060803,904.0,2026-02-18 11:44:20.803
1771433060856,904.0,2026-02-18 11:44:20.856
1771433060906,904.0,2026-02-18 11:44:20.906
1771433060955,904.0,2026-02-18 11:44:20.955
1771433061008,905.0,2026-02-18 11:44:21.008
1771433061057,905.0,2026-02-18 11:44:21.057
1771433061106,906.0,2026-02-18 11:44:21.106
1771433061155,907.0,2026-02-18 11:44:21.155
1771433061209,907.0,2026-02-18 11:44:21.209
1771433061259,907.0,2026-02-18 11:44:21.259
1771433061307,908.0,2026-02-18 11:44:21.307
1771433061360,908.0,2026-02-18 11:44:21.360
1771433061409,908.0,2026-02-18 11:44:21.409
1771433061459,908.0,2026-02-18 11:44:21.459
1771433061508,908.0,2026-02-18 11:44:21.508
1771433061561,908.0,2026-02-18 11:44:21.561
1771433061610,908.0,2026-02-18 11:44:21.610
1771433061659,908.0,2026-02-18 11:44:21.659
1771433061712,908.0,2026-02-18 11:44:21.712
1771433061762,908.0,2026-02-18 11:44:21.762
1771433061811,907.0,2026-02-18 11:44:21.811
1771433061860,907.0,2026-02-18 11:44:21.860
1771433061913,906.0,2026-02-18 11:44:21.913
1771433061962,906.0,2026-02-18 11:44:21.962
1771433062012,905.0,2026-02-18 11:44:22.012
1771433062061,905.0,2026-02-18 11:44:22.061
1771433062114,904.0,2026-02-18 11:44:22.114
1771433062167,903.0,2026-02-18 11:44:22.167
1771433062212,902.0,2026-02-18 11:44:22.212
1771433062265,902.0,2026-02-18 11:44:22.265
1771433062315,902.0,2026-02-18 11:44:22.315
1771433062364,901.0,2026-02-18 11:44:22.364
1771433062414,901.0,2026-02-18 11:44:22.414
1771433062466,901.0,2026-02-18 11:44:22.466
1771433062515,901.0,2026-02-18 11:44:22.515
1771433062564,901.0,2026-02-18 11:44:22.564
1771433062618,901.0,2026-02-18 11:44:22.618
1771433062667,901.0,2026-02-18 11:44:22.667
1771433062716,901.0,2026-02-18 11:44:22.716
1771433062765,901.0,2026-02-18 11:44:22.765
1771433062819,901.0,2026-02-18 11:44:22.819
1771433062868,901.0,2026-02-18 11:44:22.868
1771433062917,902.0,2026-02-18 11:44:22.917
1771433062970,902.0,2026-02-18 11:44:22.970
1771433063019,902.0,2026-02-18 11:44:23.019
1771433063068,902.0,2026-02-18 11:44:23.068
1771433063117,902.0,2026-02-18 11:44:23.117
1771433063171,902.0,2026-02-18 11:44:23.171
1771433063220,902.0,2026-02-18 11:44:23.220
1771433063269,902.0,2026-02-18 11:44:23.269
1771433063318,902.0,2026-02-18 11:44:23.318
1771433063371,902.0,2026-02-18 11:44:23.371
1771433063420,902.0,2026-02-18 11:44:23.420
1771433063470,902.0,2026-02-18 11:44:23.470
1771433063523,903.0,2026-02-18 11:44:23.523
1771433063572,903.0,2026-02-18 11:44:23.572
1771433063621,903.0,2026-02-18 11:44:23.621
1771433063670,904.0,2026-02-18 11:44:23.670
1771433063724,905.0,2026-02-18 11:44:23.724
1771433063773,905.0,2026-02-18 11:44:23.773
1771433063822,906.0,2026-02-18 11:44:23.822
1771433063875,906.0,2026-02-18 11:44:23.875
1771433063924,906.0,2026-02-18 11:44:23.924
1771433063974,907.0,2026-02-18 11:44:23.974
1771433064023,907.0,2026-02-18 11:44:24.023
1771433064076,907.0,2026-02-18 11:44:24.076
1771433064125,906.0,2026-02-18 11:44:24.125
1771433064175,906.0,2026-02-18 11:44:24.175
1771433064227,906.0,2026-02-18 11:44:24.227
1771433064276,906.0,2026-02-18 11:44:24.276
1771433064326,906.0,2026-02-18 11:44:24.326
1771433064375,905.0,2026-02-18 11:44:24.375
1771433064428,905.0,2026-02-18 11:44:24.428
1771433064477,904.0,2026-02-18 11:44:24.477
1771433064526,904.0,2026-02-18 11:44:24.526
1771433064576,904.0,2026-02-18 11:44:24.576
1771433064629,903.0,2026-02-18 11:44:24.629
1771433064678,902.0,2026-02-18 11:44:24.678
1771433064727,902.0,2026-02-18 11:44:24.727
1771433064780,901.0,2026-02-18 11:44:24.780
1771433064829,901.0,2026-02-18 11:44:24.829
1771433064879,900.0,2026-02-18 11:44:24.879
1771433064928,900.0,2026-02-18 11:44:24.928
1771433064981,900.0,2026-02-18 11:44:24.981
1771433065031,900.0,2026-02-18 11:44:25.031
1771433065079,900.0,2026-02-18 11:44:25.079
1771433065132,900.0,2026-02-18 11:44:25.132
1771433065183,900.0,2026-02-18 11:44:25.183
1771433065231,900.0,2026-02-18 11:44:25.231
1771433065280,900.0,2026-02-18 11:44:25.280
1771433065333,900.0,2026-02-18 11:44:25.333
1771433065382,900.0,2026-02-18 11:44:25.382
1771433065431,900.0,2026-02-18 11:44:25.431
1771433065485,900.0,2026-02-18 11:44:25.485
1771433065534,900.0,2026-02-18 11:44:25.534
1771433065583,901.0,2026-02-18 11:44:25.583
1771433065632,901.0,2026-02-18 11:44:25.632
1771433065685,901.0,2026-02-18 11:44:25.685
1771433065735,901.0,2026-02-18 11:44:25.735
1771433065784,901.0,2026-02-18 11:44:25.784
1771433065833,901.0,2026-02-18 11:44:25.833
1771433065886,901.0,2026-02-18 11:44:25.886
1771433065935,901.0,2026-02-18 11:44:25.935
1771433065985,901.0,2026-02-18 11:44:25.985
1771433066038,901.0,2026-02-18 11:44:26.038
1771433066087,902.0,2026-02-18 11:44:26.087
1771433066136,902.0,2026-02-18 11:44:26.136
1771433066185,903.0,2026-02-18 11:44:26.185
1771433066238,903.0,2026-02-18 11:44:26.238
1771433066288,904.0,2026-02-18 11:44:26.288
1771433066337,904.0,2026-02-18 11:44:26.337
1771433066390,905.0,2026-02-18 11:44:26.390
1771433066439,905.0,2026-02-18 11:44:26.439
1771433066488,905.0,2026-02-18 11:44:26.488
1771433066537,906.0,2026-02-18 11:44:26.537
1771433066591,906.0,2026-02-18 11:44:26.591
1771433066640,905.0,2026-02-18 11:44:26.640
1771433066689,906.0,2026-02-18 11:44:26.689
1771433066742,905.0,2026-02-18 11:44:26.742
1771433066791,905.0,2026-02-18 11:44:26.791
1771433066840,905.0,2026-02-18 11:44:26.840
1771433066890,905.0,2026-02-18 11:44:26.890
1771433066943,905.0,2026-02-18 11:44:26.943
1771433066992,904.0,2026-02-18 11:44:26.992
1771433067041,904.0,2026-02-18 11:44:27.041
1771433067090,903.0,2026-02-18 11:44:27.090
1771433067144,903.0,2026-02-18 11:44:27.144
1771433067193,902.0,2026-02-18 11:44:27.193
1771433067242,902.0,2026-02-18 11:44:27.242
1771433067295,901.0,2026-02-18 11:44:27.295
1771433067344,900.0,2026-02-18 11:44:27.344
1771433067393,900.0,2026-02-18 11:44:27.393
1771433067443,899.0,2026-02-18 11:44:27.443
1771433067496,899.0,2026-02-18 11:44:27.496
1771433067545,899.0,2026-02-18 11:44:27.545
1771433067594,899.0,2026-02-18 11:44:27.594
1771433067647,899.0,2026-02-18 11:44:27.647
1771433067697,899.0,2026-02-18 11:44:27.697
1771433067746,899.0,2026-02-18 11:44:27.746
1771433067795,899.0,2026-02-18 11:44:27.795
1771433067848,899.0,2026-02-18 11:44:27.848
1771433067897,899.0,2026-02-18 11:44:27.897
1771433067946,899.0,2026-02-18 11:44:27.946
1771433068000,899.0,2026-02-18 11:44:28.000
1771433068049,899.0,2026-02-18 11:44:28.049
1771433068100,899.0,2026-02-18 11:44:28.100
1771433068147,900.0,2026-02-18 11:44:28.147
1771433068200,900.0,2026-02-18 11:44:28.200
1771433068249,900.0,2026-02-18 11:44:28.249
1771433068299,900.0,2026-02-18 11:44:28.299
1771433068348,900.0,2026-02-18 11:44:28.348
1771433068401,900.0,2026-02-18 11:44:28.401
1771433068450,900.0,2026-02-18 11:44:28.450
1771433068499,900.0,2026-02-18 11:44:28.499
1771433068552,900.0,2026-02-18 11:44:28.552
1771433068602,900.0,2026-02-18 11:44:28.602
1771433068651,901.0,2026-02-18 11:44:28.651
1771433068700,901.0,2026-02-18 11:44:28.700
1771433068753,902.0,2026-02-18 11:44:28.753
1771433068802,902.0,2026-02-18 11:44:28.802
1771433068852,903.0,2026-02-18 11:44:28.852
1771433068905,903.0,2026-02-18 11:44:28.905
1771433068954,904.0,2026-02-18 11:44:28.954
1771433069003,904.0,2026-02-18 11:44:29.003
1771433069052,904.0,2026-02-18 11:44:29.052
1771433069105,905.0,2026-02-18 11:44:29.105
1771433069155,905.0,2026-02-18 11:44:29.155
1771433069204,905.0,2026-02-18 11:44:29.204
1771433069257,905.0,2026-02-18 11:44:29.257
1771433069306,905.0,2026-02-18 11:44:29.306
1771433069355,905.0,2026-02-18 11:44:29.355
1771433069404,905.0,2026-02-18 11:44:29.404
1771433069458,905.0,2026-02-18 11:44:29.458
1771433069507,905.0,2026-02-18 11:44:29.507
1771433069557,905.0,2026-02-18 11:44:29.557
1771433069605,905.0,2026-02-18 11:44:29.605
1771433069658,905.0,2026-02-18 11:44:29.658
1771433069708,904.0,2026-02-18 11:44:29.708
1771433069757,904.0,2026-02-18 11:44:29.757
1771433069810,904.0,2026-02-18 11:44:29.810
1771433069859,904.0,2026-02-18 11:44:29.859
1771433069908,903.0,2026-02-18 11:44:29.908
1771433069957,903.0,2026-02-18 11:44:29.957
1771433070011,903.0,2026-02-18 11:44:30.011
1771433070060,903.0,2026-02-18 11:44:30.060
1771433070109,903.0,2026-02-18 11:44:30.109
1771433070163,903.0,2026-02-18 11:44:30.163
1771433070215,904.0,2026-02-18 11:44:30.215
1771433070260,904.0,2026-02-18 11:44:30.260
1771433070310,904.0,2026-02-18 11:44:30.310
1771433070363,905.0,2026-02-18 11:44:30.363
1771433070412,905.0,2026-02-18 11:44:30.412
1771433070461,905.0,2026-02-18 11:44:30.461
1771433070514,906.0,2026-02-18 11:44:30.514
1771433070563,906.0,2026-02-18 11:44:30.563
1771433070613,906.0,2026-02-18 11:44:30.613
1771433070662,907.0,2026-02-18 11:44:30.662
1771433070715,907.0,2026-02-18 11:44:30.715
1771433070764,907.0,2026-02-18 11:44:30.764
1771433070813,908.0,2026-02-18 11:44:30.813
1771433070867,908.0,2026-02-18 11:44:30.867
1771433070916,908.0,2026-02-18 11:44:30.916
1771433070965,909.0,2026-02-18 11:44:30.965
1771433071014,909.0,2026-02-18 11:44:31.014
1771433071067,909.0,2026-02-18 11:44:31.067
1771433071117,909.0,2026-02-18 11:44:31.117
1771433071166,910.0,2026-02-18 11:44:31.166
1771433071215,910.0,2026-02-18 11:44:31.215
1771433071268,910.0,2026-02-18 11:44:31.268
1771433071319,911.0,2026-02-18 11:44:31.319
1771433071366,911.0,2026-02-18 11:44:31.366
1771433071420,912.0,2026-02-18 11:44:31.420
1771433071469,912.0,2026-02-18 11:44:31.469
1771433071518,913.0,2026-02-18 11:44:31.518
1771433071567,913.0,2026-02-18 11:44:31.567
1771433071620,914.0,2026-02-18 11:44:31.620
1771433071669,914.0,2026-02-18 11:44:31.669
1771433071719,914.0,2026-02-18 11:44:31.719
1771433071772,914.0,2026-02-18 11:44:31.772
1771433071821,914.0,2026-02-18 11:44:31.821
1771433071870,914.0,2026-02-18 11:44:31.870
1771433071919,914.0,2026-02-18 11:44:31.919
1771433071973,914.0,2026-02-18 11:44:31.973
1771433072022,914.0,2026-02-18 11:44:32.022
1771433072071,914.0,2026-02-18 11:44:32.071
1771433072124,913.0,2026-02-18 11:44:32.124
1771433072173,913.0,2026-02-18 11:44:32.173
1771433072222,912.0,2026-02-18 11:44:32.222
1771433072272,912.0,2026-02-18 11:44:32.272
1771433072325,911.0,2026-02-18 11:44:32.325
1771433072374,911.0,2026-02-18 11:44:32.374
1771433072423,910.0,2026-02-18 11:44:32.423
1771433072472,909.0,2026-02-18 11:44:32.472
1771433072525,909.0,2026-02-18 11:44:32.525
1771433072575,908.0,2026-02-18 11:44:32.575
1771433072624,908.0,2026-02-18 11:44:32.624
1771433072677,907.0,2026-02-18 11:44:32.677
1771433072726,907.0,2026-02-18 11:44:32.726
1771433072775,907.0,2026-02-18 11:44:32.775
1771433072824,907.0,2026-02-18 11:44:32.824
1771433072878,907.0,2026-02-18 11:44:32.878
1771433072927,907.0,2026-02-18 11:44:32.927
1771433072976,907.0,2026-02-18 11:44:32.976
1771433073030,907.0,2026-02-18 11:44:33.030
1771433073078,907.0,2026-02-18 11:44:33.078
1771433073128,907.0,2026-02-18 11:44:33.128
1771433073177,907.0,2026-02-18 11:44:33.177
1771433073230,907.0,2026-02-18 11:44:33.230
1771433073279,906.0,2026-02-18 11:44:33.279
1771433073328,906.0,2026-02-18 11:44:33.328
1771433073384,906.0,2026-02-18 11:44:33.384
1771433073434,907.0,2026-02-18 11:44:33.434
1771433073481,906.0,2026-02-18 11:44:33.481
1771433073529,907.0,2026-02-18 11:44:33.529
1771433073582,906.0,2026-02-18 11:44:33.582
1771433073633,907.0,2026-02-18 11:44:33.633
1771433073684,907.0,2026-02-18 11:44:33.684
1771433073730,906.0,2026-02-18 11:44:33.730
1771433073783,906.0,2026-02-18 11:44:33.783
1771433073832,907.0,2026-02-18 11:44:33.832
1771433073882,907.0,2026-02-18 11:44:33.882
1771433073934,907.0,2026-02-18 11:44:33.934
1771433073986,908.0,2026-02-18 11:44:33.986
1771433074033,908.0,2026-02-18 11:44:34.033
1771433074082,909.0,2026-02-18 11:44:34.082
1771433074135,909.0,2026-02-18 11:44:34.135
1771433074184,909.0,2026-02-18 11:44:34.184
1771433074233,909.0,2026-02-18 11:44:34.233
1771433074287,910.0,2026-02-18 11:44:34.287
1771433074336,910.0,2026-02-18 11:44:34.336
1771433074386,910.0,2026-02-18 11:44:34.386
1771433074434,910.0,2026-02-18 11:44:34.434
1771433074487,910.0,2026-02-18 11:44:34.487
1771433074536,909.0,2026-02-18 11:44:34.536
1771433074586,909.0,2026-02-18 11:44:34.586
1771433074639,909.0,2026-02-18 11:44:34.639
1771433074688,909.0,2026-02-18 11:44:34.688
1771433074737,908.0,2026-02-18 11:44:34.737
1771433074786,908.0,2026-02-18 11:44:34.786
1771433074840,907.0,2026-02-18 11:44:34.840
1771433074889,906.0,2026-02-18 11:44:34.889
1771433074938,906.0,2026-02-18 11:44:34.938
1771433074987,905.0,2026-02-18 11:44:34.987
1771433075040,905.0,2026-02-18 11:44:35.040
1771433075089,904.0,2026-02-18 11:44:35.089
1771433075139,903.0,2026-02-18 11:44:35.139
1771433075192,903.0,2026-02-18 11:44:35.192
1771433075241,902.0,2026-02-18 11:44:35.241
1771433075290,902.0,2026-02-18 11:44:35.290
1771433075339,902.0,2026-02-18 11:44:35.339
1771433075393,902.0,2026-02-18 11:44:35.393
1771433075442,902.0,2026-02-18 11:44:35.442
1771433075491,902.0,2026-02-18 11:44:35.491
1771433075544,902.0,2026-02-18 11:44:35.544
1771433075593,902.0,2026-02-18 11:44:35.593
1771433075642,902.0,2026-02-18 11:44:35.642
1771433075692,902.0,2026-02-18 11:44:35.692
1771433075745,902.0,2026-02-18 11:44:35.745
1771433075794,902.0,2026-02-18 11:44:35.794
1771433075843,902.0,2026-02-18 11:44:35.843
1771433075896,902.0,2026-02-18 11:44:35.896
1771433075945,902.0,2026-02-18 11:44:35.945
1771433075995,902.0,2026-02-18 11:44:35.995
1771433076044,902.0,2026-02-18 11:44:36.044
1771433076097,903.0,2026-02-18 11:44:36.097
1771433076148,902.0,2026-02-18 11:44:36.148
1771433076195,903.0,2026-02-18 11:44:36.195
1771433076248,902.0,2026-02-18 11:44:36.248
1771433076298,903.0,2026-02-18 11:44:36.298
1771433076347,903.0,2026-02-18 11:44:36.347
1771433076396,903.0,2026-02-18 11:44:36.396
1771433076449,903.0,2026-02-18 11:44:36.449
1771433076500,904.0,2026-02-18 11:44:36.500
1771433076548,904.0,2026-02-18 11:44:36.548
1771433076597,905.0,2026-02-18 11:44:36.597
1771433076650,905.0,2026-02-18 11:44:36.650
1771433076699,906.0,2026-02-18 11:44:36.699
1771433076748,906.0,2026-02-18 11:44:36.748
1771433076801,906.0,2026-02-18 11:44:36.801
1771433076851,907.0,2026-02-18 11:44:36.851
1771433076900,907.0,2026-02-18 11:44:36.900
1771433076949,907.0,2026-02-18 11:44:36.949
1771433077002,907.0,2026-02-18 11:44:37.002
1771433077051,906.0,2026-02-18 11:44:37.051
1771433077101,907.0,2026-02-18 11:44:37.101
1771433077154,906.0,2026-02-18 11:44:37.154
1771433077203,906.0,2026-02-18 11:44:37.203
1771433077252,906.0,2026-02-18 11:44:37.252
1771433077302,906.0,2026-02-18 11:44:37.302
1771433077357,905.0,2026-02-18 11:44:37.357
1771433077404,905.0,2026-02-18 11:44:37.404
1771433077453,904.0,2026-02-18 11:44:37.453
1771433077506,904.0,2026-02-18 11:44:37.506
1771433077555,903.0,2026-02-18 11:44:37.555
1771433077604,903.0,2026-02-18 11:44:37.604
1771433077654,902.0,2026-02-18 11:44:37.654
1771433077707,902.0,2026-02-18 11:44:37.707
1771433077758,901.0,2026-02-18 11:44:37.758
1771433077805,901.0,2026-02-18 11:44:37.805
1771433077854,901.0,2026-02-18 11:44:37.854
1771433077907,900.0,2026-02-18 11:44:37.907
1771433077957,900.0,2026-02-18 11:44:37.957
1771433078006,901.0,2026-02-18 11:44:38.006
1771433078059,901.0,2026-02-18 11:44:38.059
1771433078109,901.0,2026-02-18 11:44:38.109
1771433078158,901.0,2026-02-18 11:44:38.158
1771433078206,901.0,2026-02-18 11:44:38.206
1771433078262,901.0,2026-02-18 11:44:38.262
1771433078309,901.0,2026-02-18 11:44:38.309
1771433078358,901.0,2026-02-18 11:44:38.358
1771433078411,901.0,2026-02-18 11:44:38.411
1771433078460,902.0,2026-02-18 11:44:38.460
1771433078509,902.0,2026-02-18 11:44:38.509
1771433078559,902.0,2026-02-18 11:44:38.559
1771433078616,902.0,2026-02-18 11:44:38.616
1771433078661,902.0,2026-02-18 11:44:38.661
1771433078710,902.0,2026-02-18 11:44:38.710
1771433078763,902.0,2026-02-18 11:44:38.763
1771433078813,902.0,2026-02-18 11:44:38.813
1771433078862,903.0,2026-02-18 11:44:38.862
1771433078911,903.0,2026-02-18 11:44:38.911
1771433078964,903.0,2026-02-18 11:44:38.964
1771433079014,903.0,2026-02-18 11:44:39.014
1771433079062,903.0,2026-02-18 11:44:39.062
1771433079112,904.0,2026-02-18 11:44:39.112
1771433079165,904.0,2026-02-18 11:44:39.165
1771433079214,905.0,2026-02-18 11:44:39.214
1771433079263,906.0,2026-02-18 11:44:39.263
1771433079316,906.0,2026-02-18 11:44:39.316
1771433079365,906.0,2026-02-18 11:44:39.365
1771433079415,907.0,2026-02-18 11:44:39.415
1771433079464,907.0,2026-02-18 11:44:39.464
1771433079517,907.0,2026-02-18 11:44:39.517
1771433079566,907.0,2026-02-18 11:44:39.566
1771433079616,907.0,2026-02-18 11:44:39.616
1771433079669,907.0,2026-02-18 11:44:39.669
1771433079719,907.0,2026-02-18 11:44:39.719
1771433079767,907.0,2026-02-18 11:44:39.767
1771433079816,907.0,2026-02-18 11:44:39.816
1771433079869,906.0,2026-02-18 11:44:39.869
1771433079918,906.0,2026-02-18 11:44:39.918
1771433079968,906.0,2026-02-18 11:44:39.968
1771433080021,905.0,2026-02-18 11:44:40.021
1771433080070,905.0,2026-02-18 11:44:40.070
1771433080123,904.0,2026-02-18 11:44:40.123
1771433080168,903.0,2026-02-18 11:44:40.168
1771433080221,903.0,2026-02-18 11:44:40.221
1771433080271,902.0,2026-02-18 11:44:40.271
1771433080320,902.0,2026-02-18 11:44:40.320
1771433080369,901.0,2026-02-18 11:44:40.369
1771433080422,901.0,2026-02-18 11:44:40.422
1771433080471,900.0,2026-02-18 11:44:40.471
1771433080520,900.0,2026-02-18 11:44:40.520
1771433080574,900.0,2026-02-18 11:44:40.574
1771433080623,901.0,2026-02-18 11:44:40.623
1771433080672,900.0,2026-02-18 11:44:40.672
1771433080721,901.0,2026-02-18 11:44:40.721
1771433080774,900.0,2026-02-18 11:44:40.774
1771433080824,900.0,2026-02-18 11:44:40.824
1771433080873,900.0,2026-02-18 11:44:40.873
1771433080926,900.0,2026-02-18 11:44:40.926
1771433080975,900.0,2026-02-18 11:44:40.975
1771433081024,901.0,2026-02-18 11:44:41.024
1771433081074,901.0,2026-02-18 11:44:41.074
1771433081127,901.0,2026-02-18 11:44:41.127
1771433081176,901.0,2026-02-18 11:44:41.176
1771433081225,901.0,2026-02-18 11:44:41.225
1771433081278,901.0,2026-02-18 11:44:41.278
1771433081327,901.0,2026-02-18 11:44:41.327
1771433081377,901.0,2026-02-18 11:44:41.377
1771433081426,901.0,2026-02-18 11:44:41.426
1771433081479,901.0,2026-02-18 11:44:41.479
1771433081528,901.0,2026-02-18 11:44:41.528
1771433081577,901.0,2026-02-18 11:44:41.577
1771433081626,902.0,2026-02-18 11:44:41.626
1771433081680,902.0,2026-02-18 11:44:41.680
1771433081729,903.0,2026-02-18 11:44:41.729
1771433081778,903.0,2026-02-18 11:44:41.778
1771433081831,904.0,2026-02-18 11:44:41.831
1771433081880,904.0,2026-02-18 11:44:41.880
1771433081930,905.0,2026-02-18 11:44:41.930
1771433081979,905.0,2026-02-18 11:44:41.979
1771433082032,905.0,2026-02-18 11:44:42.032
1771433082081,905.0,2026-02-18 11:44:42.081
1771433082130,905.0,2026-02-18 11:44:42.130
1771433082183,906.0,2026-02-18 11:44:42.183
1771433082233,905.0,2026-02-18 11:44:42.233
1771433082282,905.0,2026-02-18 11:44:42.282
1771433082331,905.0,2026-02-18 11:44:42.331
1771433082384,905.0,2026-02-18 11:44:42.384
1771433082433,905.0,2026-02-18 11:44:42.433
1771433082482,905.0,2026-02-18 11:44:42.482
1771433082536,904.0,2026-02-18 11:44:42.536
1771433082585,904.0,2026-02-18 11:44:42.585
1771433082634,903.0,2026-02-18 11:44:42.634
1771433082683,902.0,2026-02-18 11:44:42.683
1771433082736,902.0,2026-02-18 11:44:42.736
1771433082785,902.0,2026-02-18 11:44:42.785
1771433082835,901.0,2026-02-18 11:44:42.835
1771433082888,900.0,2026-02-18 11:44:42.888
1771433082937,900.0,2026-02-18 11:44:42.937
1771433082986,899.0,2026-02-18 11:44:42.986
1771433083035,899.0,2026-02-18 11:44:43.035
1771433083089,899.0,2026-02-18 11:44:43.089
1771433083138,899.0,2026-02-18 11:44:43.138
1771433083187,899.0,2026-02-18 11:44:43.187
1771433083236,899.0,2026-02-18 11:44:43.236
1771433083289,899.0,2026-02-18 11:44:43.289
1771433083338,899.0,2026-02-18 11:44:43.338
1771433083388,899.0,2026-02-18 11:44:43.388
1771433083441,899.0,2026-02-18 11:44:43.441
1771433083490,899.0,2026-02-18 11:44:43.490
1771433083539,899.0,2026-02-18 11:44:43.539
1771433083588,899.0,2026-02-18 11:44:43.588
1771433083641,899.0,2026-02-18 11:44:43.641
1771433083691,899.0,2026-02-18 11:44:43.691
1771433083740,899.0,2026-02-18 11:44:43.740
1771433083793,899.0,2026-02-18 11:44:43.793
1771433083843,899.0,2026-02-18 11:44:43.843
1771433083891,899.0,2026-02-18 11:44:43.891
1771433083941,900.0,2026-02-18 11:44:43.941
1771433083994,900.0,2026-02-18 11:44:43.994
1771433084043,900.0,2026-02-18 11:44:44.043
1771433084095,900.0,2026-02-18 11:44:44.095
1771433084146,900.0,2026-02-18 11:44:44.146
1771433084194,900.0,2026-02-18 11:44:44.194
1771433084244,901.0,2026-02-18 11:44:44.244
1771433084293,901.0,2026-02-18 11:44:44.293
1771433084346,901.0,2026-02-18 11:44:44.346
1771433084395,902.0,2026-02-18 11:44:44.395
1771433084444,903.0,2026-02-18 11:44:44.444
1771433084494,903.0,2026-02-18 11:44:44.494
1771433084547,903.0,2026-02-18 11:44:44.547
1771433084596,904.0,2026-02-18 11:44:44.596
1771433084645,904.0,2026-02-18 11:44:44.645
1771433084698,904.0,2026-02-18 11:44:44.698
1771433084747,904.0,2026-02-18 11:44:44.747
1771433084796,904.0,2026-02-18 11:44:44.796
1771433084846,904.0,2026-02-18 11:44:44.846
1771433084899,904.0,2026-02-18 11:44:44.899
1771433084948,904.0,2026-02-18 11:44:44.948
1771433084998,904.0,2026-02-18 11:44:44.998
1771433085050,904.0,2026-02-18 11:44:45.050
1771433085100,904.0,2026-02-18 11:44:45.100
1771433085149,903.0,2026-02-18 11:44:45.149
1771433085199,902.0,2026-02-18 11:44:45.199
1771433085251,902.0,2026-02-18 11:44:45.251
1771433085301,902.0,2026-02-18 11:44:45.301
1771433085349,901.0,2026-02-18 11:44:45.349
1771433085403,901.0,2026-02-18 11:44:45.403
1771433085452,900.0,2026-02-18 11:44:45.452
1771433085501,899.0,2026-02-18 11:44:45.501
1771433085550,899.0,2026-02-18 11:44:45.550
1771433085604,899.0,2026-02-18 11:44:45.604
1771433085652,899.0,2026-02-18 11:44:45.652
1771433085702,898.0,2026-02-18 11:44:45.702
1771433085751,899.0,2026-02-18 11:44:45.751
1771433085804,899.0,2026-02-18 11:44:45.804
1771433085853,899.0,2026-02-18 11:44:45.853
1771433085902,899.0,2026-02-18 11:44:45.902
1771433085956,899.0,2026-02-18 11:44:45.956
1771433086005,899.0,2026-02-18 11:44:46.005
1771433086054,899.0,2026-02-18 11:44:46.054
1771433086104,900.0,2026-02-18 11:44:46.104
1771433086156,900.0,2026-02-18 11:44:46.156
1771433086206,900.0,2026-02-18 11:44:46.206
1771433086255,900.0,2026-02-18 11:44:46.255
1771433086308,900.0,2026-02-18 11:44:46.308
1771433086357,901.0,2026-02-18 11:44:46.357
1771433086406,900.0,2026-02-18 11:44:46.406
1771433086455,901.0,2026-02-18 11:44:46.455
1771433086509,901.0,2026-02-18 11:44:46.509
1771433086558,901.0,2026-02-18 11:44:46.558
1771433086607,901.0,2026-02-18 11:44:46.607
1771433086660,901.0,2026-02-18 11:44:46.660
1771433086709,902.0,2026-02-18 11:44:46.709
1771433086758,902.0,2026-02-18 11:44:46.758
1771433086808,902.0,2026-02-18 11:44:46.808
1771433086861,902.0,2026-02-18 11:44:46.861
1771433086910,903.0,2026-02-18 11:44:46.910
1771433086959,904.0,2026-02-18 11:44:46.959
1771433087009,904.0,2026-02-18 11:44:47.009
1771433087062,905.0,2026-02-18 11:44:47.062
1771433087111,905.0,2026-02-18 11:44:47.111
1771433087160,906.0,2026-02-18 11:44:47.160
1771433087213,906.0,2026-02-18 11:44:47.213
1771433087262,906.0,2026-02-18 11:44:47.262
1771433087311,906.0,2026-02-18 11:44:47.311
1771433087361,906.0,2026-02-18 11:44:47.361
1771433087414,906.0,2026-02-18 11:44:47.414
1771433087463,906.0,2026-02-18 11:44:47.463
1771433087512,906.0,2026-02-18 11:44:47.512
1771433087565,906.0,2026-02-18 11:44:47.565
1771433087614,906.0,2026-02-18 11:44:47.614
1771433087664,906.0,2026-02-18 11:44:47.664
1771433087713,905.0,2026-02-18 11:44:47.713
1771433087766,905.0,2026-02-18 11:44:47.766
1771433087815,904.0,2026-02-18 11:44:47.815
1771433087865,904.0,2026-02-18 11:44:47.865
1771433087918,903.0,2026-02-18 11:44:47.918
1771433087967,903.0,2026-02-18 11:44:47.967
1771433088016,902.0,2026-02-18 11:44:48.016
1771433088065,901.0,2026-02-18 11:44:48.065
1771433088118,901.0,2026-02-18 11:44:48.118
1771433088167,900.0,2026-02-18 11:44:48.167
1771433088217,900.0,2026-02-18 11:44:48.217
1771433088266,900.0,2026-02-18 11:44:48.266
1771433088319,900.0,2026-02-18 11:44:48.319
1771433088368,900.0,2026-02-18 11:44:48.368
1771433088417,900.0,2026-02-18 11:44:48.417
1771433088470,900.0,2026-02-18 11:44:48.470
1771433088520,900.0,2026-02-18 11:44:48.520
1771433088569,900.0,2026-02-18 11:44:48.569
1771433088618,900.0,2026-02-18 11:44:48.618
1771433088672,900.0,2026-02-18 11:44:48.672
1771433088720,900.0,2026-02-18 11:44:48.720
1771433088770,900.0,2026-02-18 11:44:48.770
1771433088823,900.0,2026-02-18 11:44:48.823
1771433088872,900.0,2026-02-18 11:44:48.872
1771433088923,900.0,2026-02-18 11:44:48.923
1771433088970,901.0,2026-02-18 11:44:48.970
1771433089023,901.0,2026-02-18 11:44:49.023
1771433089073,901.0,2026-02-18 11:44:49.073
1771433089122,901.0,2026-02-18 11:44:49.122
1771433089175,901.0,2026-02-18 11:44:49.175
1771433089224,901.0,2026-02-18 11:44:49.224
1771433089273,901.0,2026-02-18 11:44:49.273
1771433089324,901.0,2026-02-18 11:44:49.324
1771433089376,901.0,2026-02-18 11:44:49.376
1771433089425,901.0,2026-02-18 11:44:49.425
1771433089474,902.0,2026-02-18 11:44:49.474
1771433089523,903.0,2026-02-18 11:44:49.523
1771433089576,903.0,2026-02-18 11:44:49.576
1771433089626,904.0,2026-02-18 11:44:49.626
1771433089675,904.0,2026-02-18 11:44:49.675
1771433089728,905.0,2026-02-18 11:44:49.728
1771433089777,905.0,2026-02-18 11:44:49.777
1771433089826,905.0,2026-02-18 11:44:49.826
1771433089875,906.0,2026-02-18 11:44:49.875
1771433089929,906.0,2026-02-18 11:44:49.929
1771433089978,906.0,2026-02-18 11:44:49.978
1771433090027,906.0,2026-02-18 11:44:50.027
1771433090080,905.0,2026-02-18 11:44:50.080
1771433090129,905.0,2026-02-18 11:44:50.129
1771433090178,905.0,2026-02-18 11:44:50.178
1771433090228,905.0,2026-02-18 11:44:50.228
1771433090281,905.0,2026-02-18 11:44:50.281
1771433090330,904.0,2026-02-18 11:44:50.330
1771433090379,904.0,2026-02-18 11:44:50.379
1771433090432,903.0,2026-02-18 11:44:50.432
1771433090482,903.0,2026-02-18 11:44:50.482
1771433090531,902.0,2026-02-18 11:44:50.531
1771433090580,902.0,2026-02-18 11:44:50.580
1771433090633,901.0,2026-02-18 11:44:50.633
1771433090682,900.0,2026-02-18 11:44:50.682
1771433090731,900.0,2026-02-18 11:44:50.731
1771433090785,900.0,2026-02-18 11:44:50.785
1771433090834,899.0,2026-02-18 11:44:50.834
1771433090883,899.0,2026-02-18 11:44:50.883
1771433090932,900.0,2026-02-18 11:44:50.932
1771433090985,900.0,2026-02-18 11:44:50.985
1771433091035,900.0,2026-02-18 11:44:51.035
1771433091084,900.0,2026-02-18 11:44:51.084
1771433091133,900.0,2026-02-18 11:44:51.133
1771433091186,900.0,2026-02-18 11:44:51.186
1771433091235,900.0,2026-02-18 11:44:51.235
1771433091284,900.0,2026-02-18 11:44:51.284
1771433091337,901.0,2026-02-18 11:44:51.337
1771433091387,901.0,2026-02-18 11:44:51.387
1771433091436,901.0,2026-02-18 11:44:51.436
1771433091485,901.0,2026-02-18 11:44:51.485
1771433091538,901.0,2026-02-18 11:44:51.538
1771433091587,902.0,2026-02-18 11:44:51.587
1771433091637,902.0,2026-02-18 11:44:51.637
1771433091690,902.0,2026-02-18 11:44:51.690
1771433091739,903.0,2026-02-18 11:44:51.739
1771433091788,903.0,2026-02-18 11:44:51.788
1771433091837,903.0,2026-02-18 11:44:51.837
1771433091890,903.0,2026-02-18 11:44:51.890
1771433091940,903.0,2026-02-18 11:44:51.940
1771433091989,904.0,2026-02-18 11:44:51.989
1771433092042,905.0,2026-02-18 11:44:52.042
1771433092092,905.0,2026-02-18 11:44:52.092
1771433092140,906.0,2026-02-18 11:44:52.140
1771433092190,907.0,2026-02-18 11:44:52.190
1771433092243,907.0,2026-02-18 11:44:52.243
1771433092294,908.0,2026-02-18 11:44:52.294
1771433092341,908.0,2026-02-18 11:44:52.341
1771433092390,908.0,2026-02-18 11:44:52.390
1771433092443,909.0,2026-02-18 11:44:52.443
1771433092493,909.0,2026-02-18 11:44:52.493
1771433092542,909.0,2026-02-18 11:44:52.542
1771433092595,909.0,2026-02-18 11:44:52.595
1771433092644,909.0,2026-02-18 11:44:52.644
1771433092693,909.0,2026-02-18 11:44:52.693
1771433092742,909.0,2026-02-18 11:44:52.742
1771433092796,909.0,2026-02-18 11:44:52.796
1771433092845,908.0,2026-02-18 11:44:52.845
1771433092894,908.0,2026-02-18 11:44:52.894
1771433092947,907.0,2026-02-18 11:44:52.947
1771433092996,907.0,2026-02-18 11:44:52.996
1771433093045,906.0,2026-02-18 11:44:53.045
1771433093095,906.0,2026-02-18 11:44:53.095
1771433093148,905.0,2026-02-18 11:44:53.148
1771433093197,905.0,2026-02-18 11:44:53.197
1771433093246,904.0,2026-02-18 11:44:53.246
1771433093299,903.0,2026-02-18 11:44:53.299
1771433093349,903.0,2026-02-18 11:44:53.349
1771433093399,903.0,2026-02-18 11:44:53.399
1771433093447,903.0,2026-02-18 11:44:53.447
1771433093500,903.0,2026-02-18 11:44:53.500
1771433093549,903.0,2026-02-18 11:44:53.549
1771433093599,903.0,2026-02-18 11:44:53.599
1771433093648,903.0,2026-02-18 11:44:53.648
1771433093701,903.0,2026-02-18 11:44:53.701
1771433093750,903.0,2026-02-18 11:44:53.750
1771433093799,904.0,2026-02-18 11:44:53.799
1771433093852,904.0,2026-02-18 11:44:53.852
1771433093902,904.0,2026-02-18 11:44:53.902
1771433093951,904.0,2026-02-18 11:44:53.951
1771433094000,904.0,2026-02-18 11:44:54.000
1771433094053,904.0,2026-02-18 11:44:54.053
1771433094102,905.0,2026-02-18 11:44:54.102
1771433094151,905.0,2026-02-18 11:44:54.151
1771433094205,905.0,2026-02-18 11:44:54.205
1771433094254,905.0,2026-02-18 11:44:54.254
1771433094303,905.0,2026-02-18 11:44:54.303
1771433094352,905.0,2026-02-18 11:44:54.352
1771433094405,906.0,2026-02-18 11:44:54.405
1771433094455,906.0,2026-02-18 11:44:54.455
1771433094504,906.0,2026-02-18 11:44:54.504
1771433094557,906.0,2026-02-18 11:44:54.557
1771433094606,907.0,2026-02-18 11:44:54.606
1771433094655,908.0,2026-02-18 11:44:54.655
1771433094704,908.0,2026-02-18 11:44:54.704
1771433094758,909.0,2026-02-18 11:44:54.758
1771433094807,909.0,2026-02-18 11:44:54.807
1771433094856,910.0,2026-02-18 11:44:54.856
1771433094905,910.0,2026-02-18 11:44:54.905
1771433094958,910.0,2026-02-18 11:44:54.958
1771433095013,910.0,2026-02-18 11:44:55.013
1771433095057,910.0,2026-02-18 11:44:55.057
1771433095110,910.0,2026-02-18 11:44:55.110
1771433095159,910.0,2026-02-18 11:44:55.159
1771433095208,910.0,2026-02-18 11:44:55.208
1771433095257,910.0,2026-02-18 11:44:55.257
1771433095311,910.0,2026-02-18 11:44:55.311
1771433095360,910.0,2026-02-18 11:44:55.360
1771433095409,910.0,2026-02-18 11:44:55.409
1771433095462,910.0,2026-02-18 11:44:55.462
1771433095511,909.0,2026-02-18 11:44:55.511
1771433095560,909.0,2026-02-18 11:44:55.560
1771433095610,908.0,2026-02-18 11:44:55.610
1771433095663,908.0,2026-02-18 11:44:55.663
1771433095712,907.0,2026-02-18 11:44:55.712
1771433095761,907.0,2026-02-18 11:44:55.761
1771433095814,906.0,2026-02-18 11:44:55.814
1771433095863,906.0,2026-02-18 11:44:55.863
1771433095913,906.0,2026-02-18 11:44:55.913
1771433095962,906.0,2026-02-18 11:44:55.962
1771433096015,906.0,2026-02-18 11:44:56.015
1771433096064,906.0,2026-02-18 11:44:56.064
1771433096113,906.0,2026-02-18 11:44:56.113
1771433096162,906.0,2026-02-18 11:44:56.162
1771433096229,906.0,2026-02-18 11:44:56.229
1771433096265,907.0,2026-02-18 11:44:56.265
1771433096314,907.0,2026-02-18 11:44:56.314
1771433096367,907.0,2026-02-18 11:44:56.367
1771433096416,907.0,2026-02-18 11:44:56.416
1771433096465,907.0,2026-02-18 11:44:56.465
1771433096515,907.0,2026-02-18 11:44:56.515
1771433096568,907.0,2026-02-18 11:44:56.568
1771433096617,908.0,2026-02-18 11:44:56.617
1771433096666,908.0,2026-02-18 11:44:56.666
1771433096719,908.0,2026-02-18 11:44:56.719
1771433096769,908.0,2026-02-18 11:44:56.769
1771433096818,908.0,2026-02-18 11:44:56.818
1771433096867,908.0,2026-02-18 11:44:56.867
1771433096920,908.0,2026-02-18 11:44:56.920
1771433096969,909.0,2026-02-18 11:44:56.969
1771433097018,909.0,2026-02-18 11:44:57.018
1771433097072,909.0,2026-02-18 11:44:57.072
1771433097121,909.0,2026-02-18 11:44:57.121
1771433097170,910.0,2026-02-18 11:44:57.170
1771433097219,910.0,2026-02-18 11:44:57.219
1771433097272,911.0,2026-02-18 11:44:57.272
1771433097322,912.0,2026-02-18 11:44:57.322
1771433097371,912.0,2026-02-18 11:44:57.371
1771433097424,913.0,2026-02-18 11:44:57.424
1771433097473,913.0,2026-02-18 11:44:57.473
1771433097522,914.0,2026-02-18 11:44:57.522
1771433097575,914.0,2026-02-18 11:44:57.575
1771433097625,914.0,2026-02-18 11:44:57.625
1771433097674,914.0,2026-02-18 11:44:57.674
1771433097723,914.0,2026-02-18 11:44:57.723
1771433097772,914.0,2026-02-18 11:44:57.772
1771433097825,914.0,2026-02-18 11:44:57.825
1771433097874,914.0,2026-02-18 11:44:57.874
1771433097924,914.0,2026-02-18 11:44:57.924
1771433097977,914.0,2026-02-18 11:44:57.977
1771433098026,913.0,2026-02-18 11:44:58.026
1771433098075,913.0,2026-02-18 11:44:58.075
1771433098124,913.0,2026-02-18 11:44:58.124
1771433098178,912.0,2026-02-18 11:44:58.178
1771433098227,912.0,2026-02-18 11:44:58.227
1771433098277,911.0,2026-02-18 11:44:58.277
1771433098329,911.0,2026-02-18 11:44:58.329
1771433098378,911.0,2026-02-18 11:44:58.378
1771433098427,910.0,2026-02-18 11:44:58.427
1771433098477,910.0,2026-02-18 11:44:58.477
1771433098530,910.0,2026-02-18 11:44:58.530
1771433098579,910.0,2026-02-18 11:44:58.579
1771433098628,910.0,2026-02-18 11:44:58.628
1771433098681,910.0,2026-02-18 11:44:58.681
1771433098730,910.0,2026-02-18 11:44:58.730
1771433098780,910.0,2026-02-18 11:44:58.780
1771433098829,911.0,2026-02-18 11:44:58.829
1771433098882,911.0,2026-02-18 11:44:58.882
1771433098931,911.0,2026-02-18 11:44:58.931
1771433098980,911.0,2026-02-18 11:44:58.980
1771433099030,911.0,2026-02-18 11:44:59.030
1771433099083,912.0,2026-02-18 11:44:59.083
1771433099132,912.0,2026-02-18 11:44:59.132
1771433099181,912.0,2026-02-18 11:44:59.181
1771433099234,912.0,2026-02-18 11:44:59.234
1771433099283,912.0,2026-02-18 11:44:59.283
1771433099333,913.0,2026-02-18 11:44:59.333
1771433099383,913.0,2026-02-18 11:44:59.383
1771433099435,913.0,2026-02-18 11:44:59.435
1771433099484,913.0,2026-02-18 11:44:59.484
1771433099533,913.0,2026-02-18 11:44:59.533
1771433099587,913.0,2026-02-18 11:44:59.587
1771433099636,913.0,2026-02-18 11:44:59.636
1771433099685,914.0,2026-02-18 11:44:59.685
1771433099734,914.0,2026-02-18 11:44:59.734
1771433099787,915.0,2026-02-18 11:44:59.787
1771433099836,915.0,2026-02-18 11:44:59.836
1771433099886,915.0,2026-02-18 11:44:59.886
1771433099939,916.0,2026-02-18 11:44:59.939
1771433099988,917.0,2026-02-18 11:44:59.988
1771433100037,917.0,2026-02-18 11:45:00.037
1771433100086,917.0,2026-02-18 11:45:00.086
1771433100140,917.0,2026-02-18 11:45:00.140
1771433100189,917.0,2026-02-18 11:45:00.189
1771433100238,917.0,2026-02-18 11:45:00.238
1771433100287,917.0,2026-02-18 11:45:00.287
1771433100340,917.0,2026-02-18 11:45:00.340
1771433100390,917.0,2026-02-18 11:45:00.390
1771433100438,917.0,2026-02-18 11:45:00.438
1771433100492,916.0,2026-02-18 11:45:00.492
1771433100541,916.0,2026-02-18 11:45:00.541
1771433100590,915.0,2026-02-18 11:45:00.590
1771433100639,915.0,2026-02-18 11:45:00.639
1771433100692,914.0,2026-02-18 11:45:00.692
1771433100742,914.0,2026-02-18 11:45:00.742
1771433100791,913.0,2026-02-18 11:45:00.791
1771433100844,913.0,2026-02-18 11:45:00.844
1771433100893,912.0,2026-02-18 11:45:00.893
1771433100942,912.0,2026-02-18 11:45:00.942
1771433100992,911.0,2026-02-18 11:45:00.992
1771433101045,911.0,2026-02-18 11:45:01.045
1771433101094,911.0,2026-02-18 11:45:01.094
1771433101143,911.0,2026-02-18 11:45:01.143
1771433101196,911.0,2026-02-18 11:45:01.196
1771433101245,911.0,2026-02-18 11:45:01.245
1771433101295,911.0,2026-02-18 11:45:01.295
1771433101344,911.0,2026-02-18 11:45:01.344
1771433101397,911.0,2026-02-18 11:45:01.397
1771433101446,911.0,2026-02-18 11:45:01.446
1771433101495,911.0,2026-02-18 11:45:01.495
1771433101544,911.0,2026-02-18 11:45:01.544
1771433101598,911.0,2026-02-18 11:45:01.598
1771433101647,911.0,2026-02-18 11:45:01.647
1771433101696,912.0,2026-02-18 11:45:01.696
1771433101749,912.0,2026-02-18 11:45:01.749
1771433101798,912.0,2026-02-18 11:45:01.798
1771433101847,912.0,2026-02-18 11:45:01.847
1771433101897,912.0,2026-02-18 11:45:01.897
1771433101950,912.0,2026-02-18 11:45:01.950
1771433101999,912.0,2026-02-18 11:45:01.999
1771433102048,912.0,2026-02-18 11:45:02.048
1771433102101,912.0,2026-02-18 11:45:02.101
1771433102151,912.0,2026-02-18 11:45:02.151
1771433102200,912.0,2026-02-18 11:45:02.200
1771433102250,912.0,2026-02-18 11:45:02.250
1771433102302,912.0,2026-02-18 11:45:02.302
1771433102351,913.0,2026-02-18 11:45:02.351
1771433102400,913.0,2026-02-18 11:45:02.400
1771433102453,914.0,2026-02-18 11:45:02.453
1771433102503,914.0,2026-02-18 11:45:02.503
1771433102560,915.0,2026-02-18 11:45:02.560
1771433102601,915.0,2026-02-18 11:45:02.601
1771433102654,915.0,2026-02-18 11:45:02.654
1771433102703,915.0,2026-02-18 11:45:02.703
1771433102753,916.0,2026-02-18 11:45:02.753
1771433102802,915.0,2026-02-18 11:45:02.802
1771433102855,915.0,2026-02-18 11:45:02.855
1771433102905,915.0,2026-02-18 11:45:02.905
1771433102954,915.0,2026-02-18 11:45:02.954
1771433103007,915.0,2026-02-18 11:45:03.007
1771433103056,915.0,2026-02-18 11:45:03.056
1771433103105,914.0,2026-02-18 11:45:03.105
1771433103154,914.0,2026-02-18 11:45:03.154
1771433103207,913.0,2026-02-18 11:45:03.207
1771433103257,913.0,2026-02-18 11:45:03.257
1771433103306,912.0,2026-02-18 11:45:03.306
1771433103359,912.0,2026-02-18 11:45:03.359
1771433103408,911.0,2026-02-18 11:45:03.408
1771433103457,910.0,2026-02-18 11:45:03.457
1771433103506,909.0,2026-02-18 11:45:03.506
1771433103559,909.0,2026-02-18 11:45:03.559
1771433103609,908.0,2026-02-18 11:45:03.609
1771433103658,908.0,2026-02-18 11:45:03.658
1771433103711,907.0,2026-02-18 11:45:03.711
1771433103760,907.0,2026-02-18 11:45:03.760
1771433103809,907.0,2026-02-18 11:45:03.809
1771433103859,907.0,2026-02-18 11:45:03.859
1771433103912,907.0,2026-02-18 11:45:03.912
1771433103961,907.0,2026-02-18 11:45:03.961
1771433104010,907.0,2026-02-18 11:45:04.010
1771433104059,907.0,2026-02-18 11:45:04.059
1771433104112,907.0,2026-02-18 11:45:04.112
1771433104162,907.0,2026-02-18 11:45:04.162
1771433104211,907.0,2026-02-18 11:45:04.211
1771433104264,907.0,2026-02-18 11:45:04.264
1771433104316,907.0,2026-02-18 11:45:04.316
1771433104362,907.0,2026-02-18 11:45:04.362
1771433104411,907.0,2026-02-18 11:45:04.411
1771433104465,907.0,2026-02-18 11:45:04.465
1771433104514,907.0,2026-02-18 11:45:04.514
1771433104563,907.0,2026-02-18 11:45:04.563
1771433104616,907.0,2026-02-18 11:45:04.616
1771433104665,907.0,2026-02-18 11:45:04.665
1771433104715,907.0,2026-02-18 11:45:04.715
1771433104764,907.0,2026-02-18 11:45:04.764
1771433104817,907.0,2026-02-18 11:45:04.817
1771433104866,907.0,2026-02-18 11:45:04.866
1771433104915,907.0,2026-02-18 11:45:04.915
1771433104968,908.0,2026-02-18 11:45:04.968
1771433105018,908.0,2026-02-18 11:45:05.018
1771433105067,909.0,2026-02-18 11:45:05.067
1771433105118,909.0,2026-02-18 11:45:05.118
1771433105169,910.0,2026-02-18 11:45:05.169
1771433105218,910.0,2026-02-18 11:45:05.218
1771433105267,910.0,2026-02-18 11:45:05.267
1771433105317,910.0,2026-02-18 11:45:05.317
1771433105370,910.0,2026-02-18 11:45:05.370
1771433105419,910.0,2026-02-18 11:45:05.419
1771433105468,910.0,2026-02-18 11:45:05.468
1771433105521,910.0,2026-02-18 11:45:05.521
1771433105570,910.0,2026-02-18 11:45:05.570
1771433105620,910.0,2026-02-18 11:45:05.620
1771433105669,910.0,2026-02-18 11:45:05.669
1771433105722,909.0,2026-02-18 11:45:05.722
1771433105771,909.0,2026-02-18 11:45:05.771
1771433105820,908.0,2026-02-18 11:45:05.820
1771433105874,908.0,2026-02-18 11:45:05.874
1771433105923,907.0,2026-02-18 11:45:05.923
1771433105972,907.0,2026-02-18 11:45:05.972
1771433106024,906.0,2026-02-18 11:45:06.024
1771433106074,906.0,2026-02-18 11:45:06.074
1771433106123,905.0,2026-02-18 11:45:06.123
1771433106173,904.0,2026-02-18 11:45:06.173
1771433106226,903.0,2026-02-18 11:45:06.226
1771433106275,903.0,2026-02-18 11:45:06.275
1771433106324,903.0,2026-02-18 11:45:06.324
1771433106373,903.0,2026-02-18 11:45:06.373
1771433106426,903.0,2026-02-18 11:45:06.426
1771433106476,903.0,2026-02-18 11:45:06.476
1771433106525,903.0,2026-02-18 11:45:06.525
1771433106574,903.0,2026-02-18 11:45:06.574
1771433106627,903.0,2026-02-18 11:45:06.627
1771433106676,903.0,2026-02-18 11:45:06.676
1771433106726,903.0,2026-02-18 11:45:06.726
1771433106779,903.0,2026-02-18 11:45:06.779
1771433106828,903.0,2026-02-18 11:45:06.828
1771433106877,903.0,2026-02-18 11:45:06.877
1771433106926,903.0,2026-02-18 11:45:06.926
1771433106979,903.0,2026-02-18 11:45:06.979
1771433107029,903.0,2026-02-18 11:45:07.029
1771433107078,903.0,2026-02-18 11:45:07.078
1771433107131,903.0,2026-02-18 11:45:07.131
1771433107180,903.0,2026-02-18 11:45:07.180
1771433107229,903.0,2026-02-18 11:45:07.229
1771433107278,904.0,2026-02-18 11:45:07.278
1771433107332,904.0,2026-02-18 11:45:07.332
1771433107382,904.0,2026-02-18 11:45:07.382
1771433107432,904.0,2026-02-18 11:45:07.432
1771433107496,904.0,2026-02-18 11:45:07.496
1771433107532,904.0,2026-02-18 11:45:07.532
1771433107582,905.0,2026-02-18 11:45:07.582
1771433107631,905.0,2026-02-18 11:45:07.631
1771433107684,906.0,2026-02-18 11:45:07.684
1771433107733,906.0,2026-02-18 11:45:07.733
1771433107782,907.0,2026-02-18 11:45:07.782
1771433107835,907.0,2026-02-18 11:45:07.835
1771433107885,908.0,2026-02-18 11:45:07.885
1771433107934,908.0,2026-02-18 11:45:07.934
1771433107983,908.0,2026-02-18 11:45:07.983
1771433108036,908.0,2026-02-18 11:45:08.036
1771433108085,908.0,2026-02-18 11:45:08.085
1771433108134,908.0,2026-02-18 11:45:08.134
1771433108184,908.0,2026-02-18 11:45:08.184
1771433108237,907.0,2026-02-18 11:45:08.237
1771433108286,907.0,2026-02-18 11:45:08.286
1771433108335,907.0,2026-02-18 11:45:08.335
1771433108390,906.0,2026-02-18 11:45:08.390
1771433108438,906.0,2026-02-18 11:45:08.438
1771433108487,906.0,2026-02-18 11:45:08.487
1771433108536,905.0,2026-02-18 11:45:08.536
1771433108590,904.0,2026-02-18 11:45:08.590
1771433108638,904.0,2026-02-18 11:45:08.638
1771433108687,903.0,2026-02-18 11:45:08.687
1771433108741,902.0,2026-02-18 11:45:08.741
1771433108790,902.0,2026-02-18 11:45:08.790
1771433108839,901.0,2026-02-18 11:45:08.839
1771433108888,901.0,2026-02-18 11:45:08.888
1771433108941,901.0,2026-02-18 11:45:08.941
1771433108991,901.0,2026-02-18 11:45:08.991
1771433109041,901.0,2026-02-18 11:45:09.041
1771433109093,901.0,2026-02-18 11:45:09.093
1771433109142,901.0,2026-02-18 11:45:09.142
1771433109192,901.0,2026-02-18 11:45:09.192
1771433109241,901.0,2026-02-18 11:45:09.241
1771433109294,901.0,2026-02-18 11:45:09.294
1771433109343,901.0,2026-02-18 11:45:09.343
1771433109394,901.0,2026-02-18 11:45:09.394
1771433109441,901.0,2026-02-18 11:45:09.441
1771433109494,901.0,2026-02-18 11:45:09.494
1771433109543,901.0,2026-02-18 11:45:09.543
1771433109593,901.0,2026-02-18 11:45:09.593
1771433109646,901.0,2026-02-18 11:45:09.646
1771433109695,902.0,2026-02-18 11:45:09.695
1771433109744,901.0,2026-02-18 11:45:09.744
1771433109793,902.0,2026-02-18 11:45:09.793
1771433109846,902.0,2026-02-18 11:45:09.846
1771433109896,902.0,2026-02-18 11:45:09.896
1771433109945,902.0,2026-02-18 11:45:09.945
1771433109998,902.0,2026-02-18 11:45:09.998
1771433110047,902.0,2026-02-18 11:45:10.047
1771433110096,903.0,2026-02-18 11:45:10.096
1771433110146,903.0,2026-02-18 11:45:10.146
1771433110199,904.0,2026-02-18 11:45:10.199
1771433110257,904.0,2026-02-18 11:45:10.257
1771433110302,905.0,2026-02-18 11:45:10.302
1771433110350,905.0,2026-02-18 11:45:10.350
1771433110400,905.0,2026-02-18 11:45:10.400
1771433110449,906.0,2026-02-18 11:45:10.449
1771433110498,906.0,2026-02-18 11:45:10.498
1771433110551,906.0,2026-02-18 11:45:10.551
1771433110600,906.0,2026-02-18 11:45:10.600
1771433110649,906.0,2026-02-18 11:45:10.649
1771433110698,906.0,2026-02-18 11:45:10.698
1771433110752,906.0,2026-02-18 11:45:10.752
1771433110801,906.0,2026-02-18 11:45:10.801
1771433110850,906.0,2026-02-18 11:45:10.850
1771433110903,906.0,2026-02-18 11:45:10.903
1771433110952,905.0,2026-02-18 11:45:10.952
1771433111002,905.0,2026-02-18 11:45:11.002
1771433111051,904.0,2026-02-18 11:45:11.051
1771433111104,904.0,2026-02-18 11:45:11.104
1771433111157,903.0,2026-02-18 11:45:11.157
1771433111202,903.0,2026-02-18 11:45:11.202
1771433111255,902.0,2026-02-18 11:45:11.255
1771433111305,902.0,2026-02-18 11:45:11.305
1771433111354,901.0,2026-02-18 11:45:11.354
1771433111403,900.0,2026-02-18 11:45:11.403
1771433111457,900.0,2026-02-18 11:45:11.457
1771433111505,900.0,2026-02-18 11:45:11.505
1771433111555,899.0,2026-02-18 11:45:11.555
1771433111608,899.0,2026-02-18 11:45:11.608
1771433111657,900.0,2026-02-18 11:45:11.657
1771433111709,900.0,2026-02-18 11:45:11.709
1771433111755,900.0,2026-02-18 11:45:11.755
1771433111808,900.0,2026-02-18 11:45:11.808
1771433111858,900.0,2026-02-18 11:45:11.858
1771433111907,899.0,2026-02-18 11:45:11.907
1771433111956,900.0,2026-02-18 11:45:11.956
1771433112009,900.0,2026-02-18 11:45:12.009
1771433112058,900.0,2026-02-18 11:45:12.058
1771433112107,900.0,2026-02-18 11:45:12.107
1771433112161,900.0,2026-02-18 11:45:12.161
1771433112210,900.0,2026-02-18 11:45:12.210
1771433112259,900.0,2026-02-18 11:45:12.259
1771433112308,900.0,2026-02-18 11:45:12.308
1771433112361,900.0,2026-02-18 11:45:12.361
1771433112411,900.0,2026-02-18 11:45:12.411
1771433112460,900.0,2026-02-18 11:45:12.460
1771433112516,900.0,2026-02-18 11:45:12.516
1771433112562,901.0,2026-02-18 11:45:12.562
1771433112611,901.0,2026-02-18 11:45:12.611
1771433112660,901.0,2026-02-18 11:45:12.660
1771433112714,901.0,2026-02-18 11:45:12.714
1771433112763,902.0,2026-02-18 11:45:12.763
1771433112812,902.0,2026-02-18 11:45:12.812
1771433112865,903.0,2026-02-18 11:45:12.865
1771433112914,904.0,2026-02-18 11:45:12.914
1771433112964,904.0,2026-02-18 11:45:12.964
1771433113013,904.0,2026-02-18 11:45:13.013
1771433113066,905.0,2026-02-18 11:45:13.066
1771433113115,905.0,2026-02-18 11:45:13.115
1771433113165,905.0,2026-02-18 11:45:13.165
1771433113215,905.0,2026-02-18 11:45:13.215
1771433113267,905.0,2026-02-18 11:45:13.267
1771433113316,905.0,2026-02-18 11:45:13.316
1771433113365,905.0,2026-02-18 11:45:13.365
1771433113418,905.0,2026-02-18 11:45:13.418
1771433113467,905.0,2026-02-18 11:45:13.467
1771433113516,904.0,2026-02-18 11:45:13.516
1771433113566,904.0,2026-02-18 11:45:13.566
1771433113619,903.0,2026-02-18 11:45:13.619
1771433113668,903.0,2026-02-18 11:45:13.668
1771433113717,902.0,2026-02-18 11:45:13.717
1771433113772,902.0,2026-02-18 11:45:13.772
1771433113819,901.0,2026-02-18 11:45:13.819
1771433113869,901.0,2026-02-18 11:45:13.869
1771433113918,900.0,2026-02-18 11:45:13.918
1771433113971,899.0,2026-02-18 11:45:13.971
1771433114020,899.0,2026-02-18 11:45:14.020
1771433114069,899.0,2026-02-18 11:45:14.069
1771433114123,898.0,2026-02-18 11:45:14.123
1771433114172,898.0,2026-02-18 11:45:14.172
1771433114221,898.0,2026-02-18 11:45:14.221
1771433114270,898.0,2026-02-18 11:45:14.270
1771433114323,899.0,2026-02-18 11:45:14.323
1771433114372,899.0,2026-02-18 11:45:14.372
1771433114422,898.0,2026-02-18 11:45:14.422
1771433114475,898.0,2026-02-18 11:45:14.475
1771433114524,898.0,2026-02-18 11:45:14.524
1771433114573,899.0,2026-02-18 11:45:14.573
1771433114623,899.0,2026-02-18 11:45:14.623
1771433114675,899.0,2026-02-18 11:45:14.675
1771433114725,899.0,2026-02-18 11:45:14.725
1771433114774,899.0,2026-02-18 11:45:14.774
1771433114823,899.0,2026-02-18 11:45:14.823
1771433114876,899.0,2026-02-18 11:45:14.876
1771433114925,899.0,2026-02-18 11:45:14.925
1771433114975,899.0,2026-02-18 11:45:14.975
1771433115028,899.0,2026-02-18 11:45:15.028
1771433115077,899.0,2026-02-18 11:45:15.077
1771433115126,899.0,2026-02-18 11:45:15.126
1771433115175,900.0,2026-02-18 11:45:15.175
1771433115228,900.0,2026-02-18 11:45:15.228
1771433115278,900.0,2026-02-18 11:45:15.278
1771433115327,900.0,2026-02-18 11:45:15.327
1771433115380,901.0,2026-02-18 11:45:15.380
1771433115429,901.0,2026-02-18 11:45:15.429
1771433115478,902.0,2026-02-18 11:45:15.478
1771433115527,902.0,2026-02-18 11:45:15.527
1771433115581,903.0,2026-02-18 11:45:15.581
1771433115633,903.0,2026-02-18 11:45:15.633
1771433115679,904.0,2026-02-18 11:45:15.679
1771433115736,904.0,2026-02-18 11:45:15.736
1771433115781,904.0,2026-02-18 11:45:15.781
1771433115831,904.0,2026-02-18 11:45:15.831
1771433115882,904.0,2026-02-18 11:45:15.882
1771433115933,904.0,2026-02-18 11:45:15.933
1771433115982,904.0,2026-02-18 11:45:15.982
1771433116031,903.0,2026-02-18 11:45:16.031
1771433116080,903.0,2026-02-18 11:45:16.080
1771433116134,903.0,2026-02-18 11:45:16.134
1771433116183,903.0,2026-02-18 11:45:16.183
1771433116232,902.0,2026-02-18 11:45:16.232
1771433116285,902.0,2026-02-18 11:45:16.285
1771433116334,901.0,2026-02-18 11:45:16.334
1771433116384,901.0,2026-02-18 11:45:16.384
1771433116433,900.0,2026-02-18 11:45:16.433
1771433116486,900.0,2026-02-18 11:45:16.486
1771433116535,899.0,2026-02-18 11:45:16.535
1771433116584,899.0,2026-02-18 11:45:16.584
1771433116637,898.0,2026-02-18 11:45:16.637
1771433116687,898.0,2026-02-18 11:45:16.687
1771433116736,898.0,2026-02-18 11:45:16.736
1771433116785,898.0,2026-02-18 11:45:16.785
1771433116838,898.0,2026-02-18 11:45:16.838
1771433116888,898.0,2026-02-18 11:45:16.888
1771433116936,898.0,2026-02-18 11:45:16.936
1771433116990,898.0,2026-02-18 11:45:16.990
1771433117039,898.0,2026-02-18 11:45:17.039
1771433117088,898.0,2026-02-18 11:45:17.088
1771433117137,898.0,2026-02-18 11:45:17.137
1771433117190,898.0,2026-02-18 11:45:17.190
1771433117240,898.0,2026-02-18 11:45:17.240
1771433117289,899.0,2026-02-18 11:45:17.289
1771433117338,899.0,2026-02-18 11:45:17.338
1771433117391,899.0,2026-02-18 11:45:17.391
1771433117440,899.0,2026-02-18 11:45:17.440
1771433117490,899.0,2026-02-18 11:45:17.490
1771433117543,899.0,2026-02-18 11:45:17.543
1771433117592,899.0,2026-02-18 11:45:17.592
1771433117641,899.0,2026-02-18 11:45:17.641
1771433117690,899.0,2026-02-18 11:45:17.690
1771433117743,900.0,2026-02-18 11:45:17.743
1771433117792,900.0,2026-02-18 11:45:17.792
1771433117842,900.0,2026-02-18 11:45:17.842
1771433117895,900.0,2026-02-18 11:45:17.895
1771433117944,901.0,2026-02-18 11:45:17.944
1771433117993,901.0,2026-02-18 11:45:17.993
1771433118043,902.0,2026-02-18 11:45:18.043
1771433118095,902.0,2026-02-18 11:45:18.095
1771433118145,903.0,2026-02-18 11:45:18.145
1771433118194,903.0,2026-02-18 11:45:18.194
1771433118249,904.0,2026-02-18 11:45:18.249
1771433118297,904.0,2026-02-18 11:45:18.297
1771433118345,904.0,2026-02-18 11:45:18.345
1771433118394,904.0,2026-02-18 11:45:18.394
1771433118451,904.0,2026-02-18 11:45:18.451
1771433118498,904.0,2026-02-18 11:45:18.498
1771433118546,904.0,2026-02-18 11:45:18.546
1771433118595,904.0,2026-02-18 11:45:18.595
1771433118648,904.0,2026-02-18 11:45:18.648
1771433118698,904.0,2026-02-18 11:45:18.698
1771433118748,903.0,2026-02-18 11:45:18.748
1771433118800,903.0,2026-02-18 11:45:18.800
1771433118849,902.0,2026-02-18 11:45:18.849
1771433118898,902.0,2026-02-18 11:45:18.898
1771433118948,902.0,2026-02-18 11:45:18.948
1771433119001,901.0,2026-02-18 11:45:19.001
1771433119051,901.0,2026-02-18 11:45:19.051
1771433119099,900.0,2026-02-18 11:45:19.099
1771433119152,899.0,2026-02-18 11:45:19.152
1771433119201,899.0,2026-02-18 11:45:19.201
1771433119251,899.0,2026-02-18 11:45:19.251
1771433119300,898.0,2026-02-18 11:45:19.300
1771433119353,898.0,2026-02-18 11:45:19.353
1771433119402,898.0,2026-02-18 11:45:19.402
1771433119451,898.0,2026-02-18 11:45:19.451
1771433119504,898.0,2026-02-18 11:45:19.504
1771433119554,898.0,2026-02-18 11:45:19.554
1771433119603,899.0,2026-02-18 11:45:19.603
1771433119652,898.0,2026-02-18 11:45:19.652
1771433119705,898.0,2026-02-18 11:45:19.705
1771433119754,899.0,2026-02-18 11:45:19.754
1771433119803,898.0,2026-02-18 11:45:19.803
1771433119853,899.0,2026-02-18 11:45:19.853
1771433119906,899.0,2026-02-18 11:45:19.906
1771433119955,899.0,2026-02-18 11:45:19.955
1771433120004,899.0,2026-02-18 11:45:20.004
1771433120058,899.0,2026-02-18 11:45:20.058
1771433120107,899.0,2026-02-18 11:45:20.107
1771433120156,900.0,2026-02-18 11:45:20.156
1771433120205,899.0,2026-02-18 11:45:20.205
1771433120258,900.0,2026-02-18 11:45:20.258
1771433120307,900.0,2026-02-18 11:45:20.307
1771433120357,900.0,2026-02-18 11:45:20.357
1771433120410,900.0,2026-02-18 11:45:20.410
1771433120459,900.0,2026-02-18 11:45:20.459
1771433120508,901.0,2026-02-18 11:45:20.508
1771433120557,901.0,2026-02-18 11:45:20.557
1771433120610,902.0,2026-02-18 11:45:20.610
1771433120670,903.0,2026-02-18 11:45:20.670
1771433120709,903.0,2026-02-18 11:45:20.709
1771433120762,903.0,2026-02-18 11:45:20.762
1771433120811,904.0,2026-02-18 11:45:20.811
1771433120860,904.0,2026-02-18 11:45:20.860
1771433120909,904.0,2026-02-18 11:45:20.909
1771433120966,905.0,2026-02-18 11:45:20.966
1771433121012,905.0,2026-02-18 11:45:21.012
1771433121061,905.0,2026-02-18 11:45:21.061
1771433121114,905.0,2026-02-18 11:45:21.114
1771433121163,904.0,2026-02-18 11:45:21.163
1771433121213,904.0,2026-02-18 11:45:21.213
1771433121265,904.0,2026-02-18 11:45:21.265
1771433121315,904.0,2026-02-18 11:45:21.315
1771433121364,903.0,2026-02-18 11:45:21.364
1771433121413,903.0,2026-02-18 11:45:21.413
1771433121462,902.0,2026-02-18 11:45:21.462
1771433121515,902.0,2026-02-18 11:45:21.515
1771433121565,901.0,2026-02-18 11:45:21.565
1771433121615,901.0,2026-02-18 11:45:21.615
1771433121667,900.0,2026-02-18 11:45:21.667
1771433121716,900.0,2026-02-18 11:45:21.716
1771433121765,899.0,2026-02-18 11:45:21.765
1771433121815,899.0,2026-02-18 11:45:21.815
1771433121868,898.0,2026-02-18 11:45:21.868
1771433121917,898.0,2026-02-18 11:45:21.917
1771433121966,898.0,2026-02-18 11:45:21.966
1771433122019,898.0,2026-02-18 11:45:22.019
1771433122068,898.0,2026-02-18 11:45:22.068
1771433122118,899.0,2026-02-18 11:45:22.118
1771433122167,899.0,2026-02-18 11:45:22.167
1771433122220,899.0,2026-02-18 11:45:22.220
1771433122269,899.0,2026-02-18 11:45:22.269
1771433122318,899.0,2026-02-18 11:45:22.318
1771433122372,899.0,2026-02-18 11:45:22.372
1771433122421,899.0,2026-02-18 11:45:22.421
1771433122470,899.0,2026-02-18 11:45:22.470
1771433122519,899.0,2026-02-18 11:45:22.519
1771433122572,899.0,2026-02-18 11:45:22.572
1771433122621,899.0,2026-02-18 11:45:22.621
1771433122671,900.0,2026-02-18 11:45:22.671
1771433122720,900.0,2026-02-18 11:45:22.720
1771433122773,900.0,2026-02-18 11:45:22.773
1771433122822,900.0,2026-02-18 11:45:22.822
1771433122871,900.0,2026-02-18 11:45:22.871
1771433122925,900.0,2026-02-18 11:45:22.925
1771433122974,900.0,2026-02-18 11:45:22.974
1771433123024,900.0,2026-02-18 11:45:23.024
1771433123072,901.0,2026-02-18 11:45:23.072
1771433123125,902.0,2026-02-18 11:45:23.125
1771433123174,902.0,2026-02-18 11:45:23.174
1771433123224,903.0,2026-02-18 11:45:23.224
1771433123277,903.0,2026-02-18 11:45:23.277
1771433123326,903.0,2026-02-18 11:45:23.326
1771433123375,904.0,2026-02-18 11:45:23.375
1771433123424,904.0,2026-02-18 11:45:23.424
1771433123477,905.0,2026-02-18 11:45:23.477
1771433123528,905.0,2026-02-18 11:45:23.528
1771433123576,905.0,2026-02-18 11:45:23.576
1771433123629,905.0,2026-02-18 11:45:23.629
1771433123678,905.0,2026-02-18 11:45:23.678
1771433123729,905.0,2026-02-18 11:45:23.729
1771433123776,905.0,2026-02-18 11:45:23.776
1771433123830,905.0,2026-02-18 11:45:23.830
1771433123879,904.0,2026-02-18 11:45:23.879
1771433123928,904.0,2026-02-18 11:45:23.928
1771433123977,903.0,2026-02-18 11:45:23.977
1771433124030,903.0,2026-02-18 11:45:24.030
1771433124080,902.0,2026-02-18 11:45:24.080
1771433124129,902.0,2026-02-18 11:45:24.129
1771433124183,901.0,2026-02-18 11:45:24.183
1771433124231,901.0,2026-02-18 11:45:24.231
1771433124280,900.0,2026-02-18 11:45:24.280
1771433124331,900.0,2026-02-18 11:45:24.331
1771433124384,899.0,2026-02-18 11:45:24.384
1771433124432,899.0,2026-02-18 11:45:24.432
1771433124482,898.0,2026-02-18 11:45:24.482
1771433124534,899.0,2026-02-18 11:45:24.534
1771433124584,899.0,2026-02-18 11:45:24.584
1771433124632,899.0,2026-02-18 11:45:24.632
1771433124682,899.0,2026-02-18 11:45:24.682
1771433124735,899.0,2026-02-18 11:45:24.735
1771433124784,899.0,2026-02-18 11:45:24.784
1771433124833,899.0,2026-02-18 11:45:24.833
1771433124886,899.0,2026-02-18 11:45:24.886
1771433124936,899.0,2026-02-18 11:45:24.936
1771433124985,899.0,2026-02-18 11:45:24.985
1771433125034,899.0,2026-02-18 11:45:25.034
1771433125090,899.0,2026-02-18 11:45:25.090
1771433125139,900.0,2026-02-18 11:45:25.139
1771433125185,900.0,2026-02-18 11:45:25.185
1771433125235,900.0,2026-02-18 11:45:25.235
1771433125288,900.0,2026-02-18 11:45:25.288
1771433125337,901.0,2026-02-18 11:45:25.337
1771433125386,901.0,2026-02-18 11:45:25.386
1771433125439,901.0,2026-02-18 11:45:25.439
1771433125489,901.0,2026-02-18 11:45:25.489
1771433125538,902.0,2026-02-18 11:45:25.538
1771433125587,902.0,2026-02-18 11:45:25.587
1771433125640,902.0,2026-02-18 11:45:25.640
1771433125689,903.0,2026-02-18 11:45:25.689
1771433125738,904.0,2026-02-18 11:45:25.738
1771433125792,904.0,2026-02-18 11:45:25.792
1771433125841,905.0,2026-02-18 11:45:25.841
1771433125890,906.0,2026-02-18 11:45:25.890
1771433125962,906.0,2026-02-18 11:45:25.962
1771433125992,907.0,2026-02-18 11:45:25.992
1771433126041,907.0,2026-02-18 11:45:26.041
1771433126091,907.0,2026-02-18 11:45:26.091
1771433126144,908.0,2026-02-18 11:45:26.144
1771433126193,908.0,2026-02-18 11:45:26.193
1771433126243,908.0,2026-02-18 11:45:26.243
1771433126291,908.0,2026-02-18 11:45:26.291
1771433126348,908.0,2026-02-18 11:45:26.348
1771433126394,908.0,2026-02-18 11:45:26.394
1771433126443,908.0,2026-02-18 11:45:26.443
1771433126496,908.0,2026-02-18 11:45:26.496
1771433126545,907.0,2026-02-18 11:45:26.545
1771433126594,907.0,2026-02-18 11:45:26.594
1771433126643,906.0,2026-02-18 11:45:26.643
1771433126699,906.0,2026-02-18 11:45:26.699
1771433126746,905.0,2026-02-18 11:45:26.746
1771433126795,905.0,2026-02-18 11:45:26.795
1771433126844,904.0,2026-02-18 11:45:26.844
1771433126898,904.0,2026-02-18 11:45:26.898
1771433126947,903.0,2026-02-18 11:45:26.947
1771433126996,903.0,2026-02-18 11:45:26.996
1771433127049,903.0,2026-02-18 11:45:27.049
1771433127098,903.0,2026-02-18 11:45:27.098
1771433127149,903.0,2026-02-18 11:45:27.149
1771433127196,903.0,2026-02-18 11:45:27.196
1771433127250,903.0,2026-02-18 11:45:27.250
1771433127299,903.0,2026-02-18 11:45:27.299
1771433127350,903.0,2026-02-18 11:45:27.350
1771433127401,903.0,2026-02-18 11:45:27.401
1771433127450,903.0,2026-02-18 11:45:27.450
1771433127500,903.0,2026-02-18 11:45:27.500
1771433127549,903.0,2026-02-18 11:45:27.549
1771433127602,903.0,2026-02-18 11:45:27.602
1771433127651,904.0,2026-02-18 11:45:27.651
1771433127700,904.0,2026-02-18 11:45:27.700
1771433127753,904.0,2026-02-18 11:45:27.753
1771433127803,904.0,2026-02-18 11:45:27.803
1771433127852,905.0,2026-02-18 11:45:27.852
1771433127901,905.0,2026-02-18 11:45:27.901
1771433127954,905.0,2026-02-18 11:45:27.954
1771433128003,905.0,2026-02-18 11:45:28.003
1771433128052,906.0,2026-02-18 11:45:28.052
1771433128102,906.0,2026-02-18 11:45:28.102
1771433128156,906.0,2026-02-18 11:45:28.156
1771433128204,907.0,2026-02-18 11:45:28.204
1771433128253,908.0,2026-02-18 11:45:28.253
1771433128306,908.0,2026-02-18 11:45:28.306
1771433128356,909.0,2026-02-18 11:45:28.356
1771433128405,910.0,2026-02-18 11:45:28.405
1771433128455,911.0,2026-02-18 11:45:28.455
1771433128507,912.0,2026-02-18 11:45:28.507
1771433128556,912.0,2026-02-18 11:45:28.556
1771433128606,913.0,2026-02-18 11:45:28.606
1771433128659,913.0,2026-02-18 11:45:28.659
1771433128708,914.0,2026-02-18 11:45:28.708
1771433128757,914.0,2026-02-18 11:45:28.757
1771433128807,914.0,2026-02-18 11:45:28.807
1771433128859,914.0,2026-02-18 11:45:28.859
1771433128908,915.0,2026-02-18 11:45:28.908
1771433128958,915.0,2026-02-18 11:45:28.958
1771433129011,915.0,2026-02-18 11:45:29.011
1771433129060,915.0,2026-02-18 11:45:29.060
1771433129109,914.0,2026-02-18 11:45:29.109
1771433129158,914.0,2026-02-18 11:45:29.158
1771433129211,914.0,2026-02-18 11:45:29.211
1771433129261,914.0,2026-02-18 11:45:29.261
1771433129310,913.0,2026-02-18 11:45:29.310
1771433129359,913.0,2026-02-18 11:45:29.359
1771433129412,913.0,2026-02-18 11:45:29.412
1771433129461,912.0,2026-02-18 11:45:29.461
1771433129511,912.0,2026-02-18 11:45:29.511
1771433129564,911.0,2026-02-18 11:45:29.564
1771433129613,911.0,2026-02-18 11:45:29.613
1771433129662,911.0,2026-02-18 11:45:29.662
1771433129711,911.0,2026-02-18 11:45:29.711
1771433129764,912.0,2026-02-18 11:45:29.764
1771433129814,912.0,2026-02-18 11:45:29.814
1771433129863,912.0,2026-02-18 11:45:29.863
1771433129916,912.0,2026-02-18 11:45:29.916
1771433129965,912.0,2026-02-18 11:45:29.965
1771433130014,912.0,2026-02-18 11:45:30.014
1771433130064,913.0,2026-02-18 11:45:30.064
1771433130117,913.0,2026-02-18 11:45:30.117
1771433130166,913.0,2026-02-18 11:45:30.166
1771433130215,913.0,2026-02-18 11:45:30.215
1771433130268,913.0,2026-02-18 11:45:30.268
1771433130318,914.0,2026-02-18 11:45:30.318
1771433130367,914.0,2026-02-18 11:45:30.367
1771433130416,914.0,2026-02-18 11:45:30.416
1771433130469,914.0,2026-02-18 11:45:30.469
1771433130518,915.0,2026-02-18 11:45:30.518
1771433130567,915.0,2026-02-18 11:45:30.567
1771433130617,915.0,2026-02-18 11:45:30.617
1771433130670,915.0,2026-02-18 11:45:30.670
1771433130719,915.0,2026-02-18 11:45:30.719
1771433130768,915.0,2026-02-18 11:45:30.768
1771433130821,916.0,2026-02-18 11:45:30.821
1771433130870,916.0,2026-02-18 11:45:30.870
1771433130919,917.0,2026-02-18 11:45:30.919
1771433130969,917.0,2026-02-18 11:45:30.969
1771433131022,918.0,2026-02-18 11:45:31.022
1771433131071,919.0,2026-02-18 11:45:31.071
1771433131120,919.0,2026-02-18 11:45:31.120
1771433131173,919.0,2026-02-18 11:45:31.173
1771433131224,920.0,2026-02-18 11:45:31.224
1771433131272,920.0,2026-02-18 11:45:31.272
1771433131321,920.0,2026-02-18 11:45:31.321
1771433131374,920.0,2026-02-18 11:45:31.374
1771433131423,920.0,2026-02-18 11:45:31.423
1771433131473,921.0,2026-02-18 11:45:31.473
1771433131526,920.0,2026-02-18 11:45:31.526
1771433131575,920.0,2026-02-18 11:45:31.575
1771433131624,920.0,2026-02-18 11:45:31.624
1771433131674,920.0,2026-02-18 11:45:31.674
1771433131726,920.0,2026-02-18 11:45:31.726
1771433131776,919.0,2026-02-18 11:45:31.776
1771433131825,919.0,2026-02-18 11:45:31.825
1771433131874,918.0,2026-02-18 11:45:31.874
1771433131927,918.0,2026-02-18 11:45:31.927
1771433131976,917.0,2026-02-18 11:45:31.976
1771433132026,917.0,2026-02-18 11:45:32.026
1771433132082,916.0,2026-02-18 11:45:32.082
1771433132129,915.0,2026-02-18 11:45:32.129
1771433132177,915.0,2026-02-18 11:45:32.177
1771433132226,915.0,2026-02-18 11:45:32.226
1771433132279,915.0,2026-02-18 11:45:32.279
1771433132328,915.0,2026-02-18 11:45:32.328
1771433132378,915.0,2026-02-18 11:45:32.378
1771433132431,915.0,2026-02-18 11:45:32.431
1771433132480,915.0,2026-02-18 11:45:32.480
1771433132529,915.0,2026-02-18 11:45:32.529
1771433132578,915.0,2026-02-18 11:45:32.578
1771433132632,915.0,2026-02-18 11:45:32.632
1771433132681,915.0,2026-02-18 11:45:32.681
1771433132730,915.0,2026-02-18 11:45:32.730
1771433132783,916.0,2026-02-18 11:45:32.783
1771433132832,916.0,2026-02-18 11:45:32.832
1771433132881,916.0,2026-02-18 11:45:32.881
1771433132931,916.0,2026-02-18 11:45:32.931
1771433132984,916.0,2026-02-18 11:45:32.984
1771433133033,917.0,2026-02-18 11:45:33.033
1771433133082,917.0,2026-02-18 11:45:33.082
1771433133131,917.0,2026-02-18 11:45:33.131
1771433133184,918.0,2026-02-18 11:45:33.184
1771433133234,918.0,2026-02-18 11:45:33.234
1771433133283,918.0,2026-02-18 11:45:33.283
1771433133336,918.0,2026-02-18 11:45:33.336
1771433133386,919.0,2026-02-18 11:45:33.386
1771433133434,919.0,2026-02-18 11:45:33.434
1771433133483,920.0,2026-02-18 11:45:33.483
1771433133537,921.0,2026-02-18 11:45:33.537
1771433133586,921.0,2026-02-18 11:45:33.586
1771433133635,922.0,2026-02-18 11:45:33.635
1771433133688,923.0,2026-02-18 11:45:33.688
1771433133738,923.0,2026-02-18 11:45:33.738
1771433133787,924.0,2026-02-18 11:45:33.787
1771433133836,924.0,2026-02-18 11:45:33.836
1771433133889,925.0,2026-02-18 11:45:33.889
1771433133938,925.0,2026-02-18 11:45:33.938
1771433133987,925.0,2026-02-18 11:45:33.987
1771433134040,925.0,2026-02-18 11:45:34.040
1771433134090,925.0,2026-02-18 11:45:34.090
1771433134139,925.0,2026-02-18 11:45:34.139
1771433134188,925.0,2026-02-18 11:45:34.188
1771433134241,925.0,2026-02-18 11:45:34.241
1771433134290,924.0,2026-02-18 11:45:34.290
1771433134340,924.0,2026-02-18 11:45:34.340
1771433134389,924.0,2026-02-18 11:45:34.389
1771433134442,923.0,2026-02-18 11:45:34.442
1771433134491,923.0,2026-02-18 11:45:34.491
1771433134540,922.0,2026-02-18 11:45:34.540
1771433134593,922.0,2026-02-18 11:45:34.593
1771433134643,922.0,2026-02-18 11:45:34.643
1771433134692,921.0,2026-02-18 11:45:34.692
1771433134741,920.0,2026-02-18 11:45:34.741
1771433134794,920.0,2026-02-18 11:45:34.794
1771433134843,920.0,2026-02-18 11:45:34.843
1771433134892,920.0,2026-02-18 11:45:34.892
1771433134948,921.0,2026-02-18 11:45:34.948
1771433134995,921.0,2026-02-18 11:45:34.995
1771433135044,921.0,2026-02-18 11:45:35.044
1771433135093,921.0,2026-02-18 11:45:35.093
1771433135147,921.0,2026-02-18 11:45:35.147
1771433135196,921.0,2026-02-18 11:45:35.196
1771433135245,921.0,2026-02-18 11:45:35.245
1771433135298,921.0,2026-02-18 11:45:35.298
1771433135347,922.0,2026-02-18 11:45:35.347
1771433135400,922.0,2026-02-18 11:45:35.400
1771433135446,922.0,2026-02-18 11:45:35.446
1771433135499,922.0,2026-02-18 11:45:35.499
1771433135548,922.0,2026-02-18 11:45:35.548
1771433135597,922.0,2026-02-18 11:45:35.597
1771433135650,923.0,2026-02-18 11:45:35.650
1771433135699,923.0,2026-02-18 11:45:35.699
1771433135748,923.0,2026-02-18 11:45:35.748
1771433135798,923.0,2026-02-18 11:45:35.798
1771433135851,923.0,2026-02-18 11:45:35.851
1771433135900,923.0,2026-02-18 11:45:35.900
1771433135949,923.0,2026-02-18 11:45:35.949
1771433135998,923.0,2026-02-18 11:45:35.998
1771433136052,924.0,2026-02-18 11:45:36.052
1771433136101,924.0,2026-02-18 11:45:36.101
1771433136150,925.0,2026-02-18 11:45:36.150
1771433136203,925.0,2026-02-18 11:45:36.203
1771433136254,926.0,2026-02-18 11:45:36.254
1771433136301,927.0,2026-02-18 11:45:36.301
1771433136351,927.0,2026-02-18 11:45:36.351
1771433136404,927.0,2026-02-18 11:45:36.404
1771433136453,927.0,2026-02-18 11:45:36.453
1771433136502,927.0,2026-02-18 11:45:36.502
1771433136555,927.0,2026-02-18 11:45:36.555
1771433136606,927.0,2026-02-18 11:45:36.606
1771433136654,927.0,2026-02-18 11:45:36.654
1771433136703,927.0,2026-02-18 11:45:36.703
1771433136756,927.0,2026-02-18 11:45:36.756
1771433136805,927.0,2026-02-18 11:45:36.805
1771433136854,926.0,2026-02-18 11:45:36.854
1771433136908,926.0,2026-02-18 11:45:36.908
1771433136957,925.0,2026-02-18 11:45:36.957
1771433137006,925.0,2026-02-18 11:45:37.006
1771433137055,924.0,2026-02-18 11:45:37.055
1771433137108,924.0,2026-02-18 11:45:37.108
1771433137158,923.0,2026-02-18 11:45:37.158
1771433137207,923.0,2026-02-18 11:45:37.207
1771433137256,922.0,2026-02-18 11:45:37.256
1771433137309,922.0,2026-02-18 11:45:37.309
1771433137358,921.0,2026-02-18 11:45:37.358
1771433137407,921.0,2026-02-18 11:45:37.407
1771433137460,921.0,2026-02-18 11:45:37.460
1771433137510,922.0,2026-02-18 11:45:37.510
1771433137559,922.0,2026-02-18 11:45:37.559
1771433137608,922.0,2026-02-18 11:45:37.608
1771433137661,923.0,2026-02-18 11:45:37.661
1771433137710,923.0,2026-02-18 11:45:37.710
1771433137760,923.0,2026-02-18 11:45:37.760
1771433137814,923.0,2026-02-18 11:45:37.814
1771433137862,923.0,2026-02-18 11:45:37.862
1771433137911,924.0,2026-02-18 11:45:37.911
1771433137960,924.0,2026-02-18 11:45:37.960
1771433138013,924.0,2026-02-18 11:45:38.013
1771433138063,925.0,2026-02-18 11:45:38.063
1771433138112,925.0,2026-02-18 11:45:38.112
1771433138165,925.0,2026-02-18 11:45:38.165
1771433138214,925.0,2026-02-18 11:45:38.214
1771433138263,925.0,2026-02-18 11:45:38.263
1771433138312,926.0,2026-02-18 11:45:38.312
1771433138366,926.0,2026-02-18 11:45:38.366
1771433138415,926.0,2026-02-18 11:45:38.415
1771433138464,926.0,2026-02-18 11:45:38.464
1771433138513,926.0,2026-02-18 11:45:38.513
1771433138566,927.0,2026-02-18 11:45:38.566
1771433138616,927.0,2026-02-18 11:45:38.616
1771433138666,927.0,2026-02-18 11:45:38.666
1771433138718,928.0,2026-02-18 11:45:38.718
1771433138767,929.0,2026-02-18 11:45:38.767
1771433138826,929.0,2026-02-18 11:45:38.826
1771433138865,930.0,2026-02-18 11:45:38.865
1771433138919,930.0,2026-02-18 11:45:38.919
1771433138968,931.0,2026-02-18 11:45:38.968
1771433139017,931.0,2026-02-18 11:45:39.017
1771433139070,931.0,2026-02-18 11:45:39.070
1771433139119,931.0,2026-02-18 11:45:39.119
1771433139169,931.0,2026-02-18 11:45:39.169
1771433139218,931.0,2026-02-18 11:45:39.218
1771433139271,931.0,2026-02-18 11:45:39.271
1771433139320,931.0,2026-02-18 11:45:39.320
1771433139369,931.0,2026-02-18 11:45:39.369
1771433139423,931.0,2026-02-18 11:45:39.423
1771433139473,930.0,2026-02-18 11:45:39.473
1771433139521,930.0,2026-02-18 11:45:39.521
1771433139570,930.0,2026-02-18 11:45:39.570
1771433139623,929.0,2026-02-18 11:45:39.623
1771433139672,929.0,2026-02-18 11:45:39.672
1771433139723,928.0,2026-02-18 11:45:39.723
1771433139771,928.0,2026-02-18 11:45:39.771
1771433139824,927.0,2026-02-18 11:45:39.824
1771433139873,927.0,2026-02-18 11:45:39.873
1771433139922,926.0,2026-02-18 11:45:39.922
1771433139975,926.0,2026-02-18 11:45:39.975
1771433140025,926.0,2026-02-18 11:45:40.025
1771433140074,926.0,2026-02-18 11:45:40.074
1771433140123,926.0,2026-02-18 11:45:40.123
1771433140176,926.0,2026-02-18 11:45:40.176
1771433140225,926.0,2026-02-18 11:45:40.225
1771433140274,926.0,2026-02-18 11:45:40.274
1771433140328,926.0,2026-02-18 11:45:40.328
1771433140377,926.0,2026-02-18 11:45:40.377
1771433140426,926.0,2026-02-18 11:45:40.426
1771433140475,926.0,2026-02-18 11:45:40.475
1771433140528,926.0,2026-02-18 11:45:40.528
1771433140578,926.0,2026-02-18 11:45:40.578
1771433140627,926.0,2026-02-18 11:45:40.627
1771433140684,926.0,2026-02-18 11:45:40.684
1771433140729,926.0,2026-02-18 11:45:40.729
1771433140778,926.0,2026-02-18 11:45:40.778
1771433140827,926.0,2026-02-18 11:45:40.827
1771433140881,926.0,2026-02-18 11:45:40.881
1771433140934,926.0,2026-02-18 11:45:40.934
1771433140979,926.0,2026-02-18 11:45:40.979
1771433141028,926.0,2026-02-18 11:45:41.028
1771433141081,927.0,2026-02-18 11:45:41.081
1771433141130,927.0,2026-02-18 11:45:41.130
1771433141180,927.0,2026-02-18 11:45:41.180
1771433141233,927.0,2026-02-18 11:45:41.233
1771433141282,928.0,2026-02-18 11:45:41.282
1771433141331,929.0,2026-02-18 11:45:41.331
1771433141380,929.0,2026-02-18 11:45:41.380
1771433141433,930.0,2026-02-18 11:45:41.433
1771433141483,931.0,2026-02-18 11:45:41.483
1771433141532,931.0,2026-02-18 11:45:41.532
1771433141585,932.0,2026-02-18 11:45:41.585
1771433141634,932.0,2026-02-18 11:45:41.634
1771433141683,932.0,2026-02-18 11:45:41.683
1771433141732,932.0,2026-02-18 11:45:41.732
1771433141786,933.0,2026-02-18 11:45:41.786
1771433141835,933.0,2026-02-18 11:45:41.835
1771433141884,933.0,2026-02-18 11:45:41.884
1771433141937,933.0,2026-02-18 11:45:41.937
1771433141986,933.0,2026-02-18 11:45:41.986
1771433142036,932.0,2026-02-18 11:45:42.036
1771433142085,932.0,2026-02-18 11:45:42.085
1771433142138,932.0,2026-02-18 11:45:42.138
1771433142187,931.0,2026-02-18 11:45:42.187
1771433142242,931.0,2026-02-18 11:45:42.242
1771433142285,930.0,2026-02-18 11:45:42.285
1771433142339,930.0,2026-02-18 11:45:42.339
1771433142388,929.0,2026-02-18 11:45:42.388
1771433142437,929.0,2026-02-18 11:45:42.437
1771433142490,928.0,2026-02-18 11:45:42.490
1771433142542,928.0,2026-02-18 11:45:42.542
1771433142589,928.0,2026-02-18 11:45:42.589
1771433142638,928.0,2026-02-18 11:45:42.638
1771433142691,928.0,2026-02-18 11:45:42.691
1771433142742,928.0,2026-02-18 11:45:42.742
1771433142789,928.0,2026-02-18 11:45:42.789
1771433142842,928.0,2026-02-18 11:45:42.842
1771433142892,928.0,2026-02-18 11:45:42.892
1771433142941,928.0,2026-02-18 11:45:42.941
1771433142990,928.0,2026-02-18 11:45:42.990
1771433143043,928.0,2026-02-18 11:45:43.043
1771433143092,928.0,2026-02-18 11:45:43.092
1771433143141,928.0,2026-02-18 11:45:43.141
1771433143195,928.0,2026-02-18 11:45:43.195
1771433143244,928.0,2026-02-18 11:45:43.244
1771433143293,928.0,2026-02-18 11:45:43.293
1771433143342,928.0,2026-02-18 11:45:43.342
1771433143395,928.0,2026-02-18 11:45:43.395
1771433143444,928.0,2026-02-18 11:45:43.444
1771433143494,928.0,2026-02-18 11:45:43.494
1771433143547,928.0,2026-02-18 11:45:43.547
1771433143596,928.0,2026-02-18 11:45:43.596
1771433143645,928.0,2026-02-18 11:45:43.645
1771433143694,928.0,2026-02-18 11:45:43.694
1771433143748,928.0,2026-02-18 11:45:43.748
1771433143797,928.0,2026-02-18 11:45:43.797
1771433143846,929.0,2026-02-18 11:45:43.846
1771433143895,929.0,2026-02-18 11:45:43.895
1771433143948,929.0,2026-02-18 11:45:43.948
1771433143997,930.0,2026-02-18 11:45:43.997
1771433144047,930.0,2026-02-18 11:45:44.047
1771433144100,930.0,2026-02-18 11:45:44.100
1771433144149,930.0,2026-02-18 11:45:44.149
1771433144198,930.0,2026-02-18 11:45:44.198
1771433144247,930.0,2026-02-18 11:45:44.247
1771433144301,930.0,2026-02-18 11:45:44.301
1771433144350,929.0,2026-02-18 11:45:44.350
1771433144399,929.0,2026-02-18 11:45:44.399
1771433144452,929.0,2026-02-18 11:45:44.452
1771433144501,928.0,2026-02-18 11:45:44.501
1771433144550,928.0,2026-02-18 11:45:44.550
1771433144600,927.0,2026-02-18 11:45:44.600
1771433144653,927.0,2026-02-18 11:45:44.653
1771433144702,926.0,2026-02-18 11:45:44.702
1771433144751,926.0,2026-02-18 11:45:44.751
1771433144804,925.0,2026-02-18 11:45:44.804
1771433144854,924.0,2026-02-18 11:45:44.854
1771433144903,923.0,2026-02-18 11:45:44.903
1771433144952,923.0,2026-02-18 11:45:44.952
1771433145005,922.0,2026-02-18 11:45:45.005
1771433145054,921.0,2026-02-18 11:45:45.054
1771433145107,921.0,2026-02-18 11:45:45.107
1771433145153,921.0,2026-02-18 11:45:45.153
1771433145206,920.0,2026-02-18 11:45:45.206
1771433145255,920.0,2026-02-18 11:45:45.255
1771433145304,920.0,2026-02-18 11:45:45.304
1771433145357,920.0,2026-02-18 11:45:45.357
1771433145406,920.0,2026-02-18 11:45:45.406
1771433145456,920.0,2026-02-18 11:45:45.456
1771433145505,919.0,2026-02-18 11:45:45.505
1771433145558,919.0,2026-02-18 11:45:45.558
1771433145607,919.0,2026-02-18 11:45:45.607
1771433145656,920.0,2026-02-18 11:45:45.656
1771433145709,920.0,2026-02-18 11:45:45.709
1771433145759,920.0,2026-02-18 11:45:45.759
1771433145808,919.0,2026-02-18 11:45:45.808
1771433145857,919.0,2026-02-18 11:45:45.857
1771433145910,919.0,2026-02-18 11:45:45.910
1771433145960,919.0,2026-02-18 11:45:45.960
1771433146009,919.0,2026-02-18 11:45:46.009
1771433146062,919.0,2026-02-18 11:45:46.062
1771433146112,919.0,2026-02-18 11:45:46.112
1771433146160,919.0,2026-02-18 11:45:46.160
1771433146209,919.0,2026-02-18 11:45:46.209
1771433146262,919.0,2026-02-18 11:45:46.262
1771433146312,920.0,2026-02-18 11:45:46.312
1771433146361,920.0,2026-02-18 11:45:46.361
1771433146410,920.0,2026-02-18 11:45:46.410
1771433146463,921.0,2026-02-18 11:45:46.463
1771433146512,921.0,2026-02-18 11:45:46.512
1771433146561,922.0,2026-02-18 11:45:46.561
1771433146615,922.0,2026-02-18 11:45:46.615
1771433146664,922.0,2026-02-18 11:45:46.664
1771433146713,922.0,2026-02-18 11:45:46.713
1771433146763,922.0,2026-02-18 11:45:46.763
1771433146815,922.0,2026-02-18 11:45:46.815
1771433146865,922.0,2026-02-18 11:45:46.865
1771433146914,922.0,2026-02-18 11:45:46.914
1771433146967,922.0,2026-02-18 11:45:46.967
1771433147016,922.0,2026-02-18 11:45:47.016
1771433147065,922.0,2026-02-18 11:45:47.065
1771433147114,921.0,2026-02-18 11:45:47.114
1771433147168,921.0,2026-02-18 11:45:47.168
1771433147217,920.0,2026-02-18 11:45:47.217
1771433147267,920.0,2026-02-18 11:45:47.267
1771433147319,919.0,2026-02-18 11:45:47.319
1771433147369,919.0,2026-02-18 11:45:47.369
1771433147418,918.0,2026-02-18 11:45:47.418
1771433147467,918.0,2026-02-18 11:45:47.467
1771433147520,917.0,2026-02-18 11:45:47.520
1771433147569,916.0,2026-02-18 11:45:47.569
1771433147618,916.0,2026-02-18 11:45:47.618
1771433147667,915.0,2026-02-18 11:45:47.667
1771433147722,915.0,2026-02-18 11:45:47.722
1771433147770,915.0,2026-02-18 11:45:47.770
1771433147819,915.0,2026-02-18 11:45:47.819
1771433147872,915.0,2026-02-18 11:45:47.872
1771433147921,914.0,2026-02-18 11:45:47.921
1771433147974,915.0,2026-02-18 11:45:47.974
1771433148020,915.0,2026-02-18 11:45:48.020
1771433148073,914.0,2026-02-18 11:45:48.073
1771433148122,915.0,2026-02-18 11:45:48.122
1771433148171,915.0,2026-02-18 11:45:48.171
1771433148224,915.0,2026-02-18 11:45:48.224
1771433148274,915.0,2026-02-18 11:45:48.274
1771433148323,915.0,2026-02-18 11:45:48.323
1771433148372,915.0,2026-02-18 11:45:48.372
1771433148425,915.0,2026-02-18 11:45:48.425
1771433148474,915.0,2026-02-18 11:45:48.474
1771433148524,915.0,2026-02-18 11:45:48.524
1771433148577,915.0,2026-02-18 11:45:48.577
1771433148626,915.0,2026-02-18 11:45:48.626
1771433148675,915.0,2026-02-18 11:45:48.675
1771433148724,915.0,2026-02-18 11:45:48.724
1771433148777,915.0,2026-02-18 11:45:48.777
1771433148834,915.0,2026-02-18 11:45:48.834
1771433148877,915.0,2026-02-18 11:45:48.877
1771433148925,916.0,2026-02-18 11:45:48.925
1771433148978,916.0,2026-02-18 11:45:48.978
1771433149027,917.0,2026-02-18 11:45:49.027
1771433149076,917.0,2026-02-18 11:45:49.076
1771433149129,918.0,2026-02-18 11:45:49.129
1771433149179,918.0,2026-02-18 11:45:49.179
1771433149228,918.0,2026-02-18 11:45:49.228
1771433149277,919.0,2026-02-18 11:45:49.277
1771433149333,919.0,2026-02-18 11:45:49.333
1771433149379,919.0,2026-02-18 11:45:49.379
1771433149429,919.0,2026-02-18 11:45:49.429
1771433149482,919.0,2026-02-18 11:45:49.482
1771433149531,919.0,2026-02-18 11:45:49.531
1771433149582,919.0,2026-02-18 11:45:49.582
1771433149629,918.0,2026-02-18 11:45:49.629
1771433149682,918.0,2026-02-18 11:45:49.682
1771433149732,918.0,2026-02-18 11:45:49.732
1771433149781,917.0,2026-02-18 11:45:49.781
1771433149835,917.0,2026-02-18 11:45:49.835
1771433149883,916.0,2026-02-18 11:45:49.883
1771433149932,916.0,2026-02-18 11:45:49.932
1771433149981,915.0,2026-02-18 11:45:49.981
1771433150035,915.0,2026-02-18 11:45:50.035
1771433150084,914.0,2026-02-18 11:45:50.084
1771433150133,913.0,2026-02-18 11:45:50.133
1771433150182,913.0,2026-02-18 11:45:50.182
1771433150235,912.0,2026-02-18 11:45:50.235
1771433150285,912.0,2026-02-18 11:45:50.285
1771433150334,912.0,2026-02-18 11:45:50.334
1771433150387,912.0,2026-02-18 11:45:50.387
1771433150436,912.0,2026-02-18 11:45:50.436
1771433150485,912.0,2026-02-18 11:45:50.485
1771433150534,912.0,2026-02-18 11:45:50.534
1771433150588,912.0,2026-02-18 11:45:50.588
1771433150637,912.0,2026-02-18 11:45:50.637
1771433150686,912.0,2026-02-18 11:45:50.686
1771433150739,912.0,2026-02-18 11:45:50.739
1771433150788,912.0,2026-02-18 11:45:50.788
1771433150838,912.0,2026-02-18 11:45:50.838
1771433150887,912.0,2026-02-18 11:45:50.887
1771433150940,912.0,2026-02-18 11:45:50.940
1771433150989,912.0,2026-02-18 11:45:50.989
1771433151038,912.0,2026-02-18 11:45:51.038
1771433151091,912.0,2026-02-18 11:45:51.091
1771433151141,912.0,2026-02-18 11:45:51.141
1771433151190,913.0,2026-02-18 11:45:51.190
1771433151239,912.0,2026-02-18 11:45:51.239
1771433151292,913.0,2026-02-18 11:45:51.292
1771433151341,913.0,2026-02-18 11:45:51.341
1771433151391,913.0,2026-02-18 11:45:51.391
1771433151440,913.0,2026-02-18 11:45:51.440
1771433151493,913.0,2026-02-18 11:45:51.493
1771433151542,914.0,2026-02-18 11:45:51.542
1771433151591,914.0,2026-02-18 11:45:51.591
1771433151644,914.0,2026-02-18 11:45:51.644
1771433151694,915.0,2026-02-18 11:45:51.694
1771433151743,916.0,2026-02-18 11:45:51.743
1771433151792,916.0,2026-02-18 11:45:51.792
1771433151845,916.0,2026-02-18 11:45:51.845
1771433151894,917.0,2026-02-18 11:45:51.894
1771433151943,917.0,2026-02-18 11:45:51.943
1771433151997,917.0,2026-02-18 11:45:51.997
1771433152046,917.0,2026-02-18 11:45:52.046
1771433152095,917.0,2026-02-18 11:45:52.095
1771433152144,916.0,2026-02-18 11:45:52.144
1771433152197,917.0,2026-02-18 11:45:52.197
1771433152246,916.0,2026-02-18 11:45:52.246
1771433152296,916.0,2026-02-18 11:45:52.296
1771433152349,915.0,2026-02-18 11:45:52.349
1771433152398,915.0,2026-02-18 11:45:52.398
1771433152448,914.0,2026-02-18 11:45:52.448
1771433152496,914.0,2026-02-18 11:45:52.496
1771433152550,913.0,2026-02-18 11:45:52.550
1771433152599,913.0,2026-02-18 11:45:52.599
1771433152648,912.0,2026-02-18 11:45:52.648
1771433152697,912.0,2026-02-18 11:45:52.697
1771433152750,911.0,2026-02-18 11:45:52.750
1771433152799,910.0,2026-02-18 11:45:52.799
1771433152849,910.0,2026-02-18 11:45:52.849
1771433152902,910.0,2026-02-18 11:45:52.902
1771433152951,910.0,2026-02-18 11:45:52.951
1771433153003,910.0,2026-02-18 11:45:53.003
1771433153049,910.0,2026-02-18 11:45:53.049
1771433153102,910.0,2026-02-18 11:45:53.102
1771433153152,910.0,2026-02-18 11:45:53.152
1771433153201,910.0,2026-02-18 11:45:53.201
1771433153254,910.0,2026-02-18 11:45:53.254
1771433153303,910.0,2026-02-18 11:45:53.303
1771433153352,910.0,2026-02-18 11:45:53.352
1771433153401,910.0,2026-02-18 11:45:53.401
1771433153455,910.0,2026-02-18 11:45:53.455
1771433153506,910.0,2026-02-18 11:45:53.506
1771433153553,910.0,2026-02-18 11:45:53.553
1771433153606,910.0,2026-02-18 11:45:53.606
1771433153656,910.0,2026-02-18 11:45:53.656
1771433153705,910.0,2026-02-18 11:45:53.705
1771433153754,911.0,2026-02-18 11:45:53.754
1771433153807,911.0,2026-02-18 11:45:53.807
1771433153856,911.0,2026-02-18 11:45:53.856
1771433153905,911.0,2026-02-18 11:45:53.905
1771433153958,911.0,2026-02-18 11:45:53.958
1771433154008,911.0,2026-02-18 11:45:54.008
1771433154057,911.0,2026-02-18 11:45:54.057
1771433154106,912.0,2026-02-18 11:45:54.106
1771433154159,912.0,2026-02-18 11:45:54.159
1771433154208,913.0,2026-02-18 11:45:54.208
1771433154258,913.0,2026-02-18 11:45:54.258
1771433154307,914.0,2026-02-18 11:45:54.307
1771433154360,914.0,2026-02-18 11:45:54.360
1771433154409,914.0,2026-02-18 11:45:54.409
1771433154459,915.0,2026-02-18 11:45:54.459
1771433154511,915.0,2026-02-18 11:45:54.511
1771433154562,915.0,2026-02-18 11:45:54.562
1771433154610,915.0,2026-02-18 11:45:54.610
1771433154659,915.0,2026-02-18 11:45:54.659
1771433154712,915.0,2026-02-18 11:45:54.712
1771433154761,915.0,2026-02-18 11:45:54.761
1771433154810,915.0,2026-02-18 11:45:54.810
1771433154865,915.0,2026-02-18 11:45:54.865
1771433154913,914.0,2026-02-18 11:45:54.913
1771433154962,914.0,2026-02-18 11:45:54.962
1771433155011,913.0,2026-02-18 11:45:55.011
1771433155068,913.0,2026-02-18 11:45:55.068
1771433155114,913.0,2026-02-18 11:45:55.114
1771433155167,912.0,2026-02-18 11:45:55.167
1771433155216,911.0,2026-02-18 11:45:55.216
1771433155265,911.0,2026-02-18 11:45:55.265
1771433155314,910.0,2026-02-18 11:45:55.314
1771433155364,910.0,2026-02-18 11:45:55.364
1771433155417,909.0,2026-02-18 11:45:55.417
1771433155466,909.0,2026-02-18 11:45:55.466
1771433155515,909.0,2026-02-18 11:45:55.515
1771433155564,909.0,2026-02-18 11:45:55.564
1771433155617,909.0,2026-02-18 11:45:55.617
1771433155670,909.0,2026-02-18 11:45:55.670
1771433155716,909.0,2026-02-18 11:45:55.716
1771433155769,909.0,2026-02-18 11:45:55.769
1771433155818,909.0,2026-02-18 11:45:55.818
1771433155867,909.0,2026-02-18 11:45:55.867
1771433155916,909.0,2026-02-18 11:45:55.916
1771433155970,909.0,2026-02-18 11:45:55.970
1771433156019,909.0,2026-02-18 11:45:56.019
1771433156068,909.0,2026-02-18 11:45:56.068
1771433156127,910.0,2026-02-18 11:45:56.127
1771433156170,910.0,2026-02-18 11:45:56.170
1771433156220,910.0,2026-02-18 11:45:56.220
1771433156269,910.0,2026-02-18 11:45:56.269
1771433156322,910.0,2026-02-18 11:45:56.322
1771433156371,910.0,2026-02-18 11:45:56.371
1771433156420,910.0,2026-02-18 11:45:56.420
1771433156473,910.0,2026-02-18 11:45:56.473
1771433156523,911.0,2026-02-18 11:45:56.523
1771433156572,911.0,2026-02-18 11:45:56.572
1771433156621,911.0,2026-02-18 11:45:56.621
1771433156674,911.0,2026-02-18 11:45:56.674
1771433156723,912.0,2026-02-18 11:45:56.723
1771433156772,912.0,2026-02-18 11:45:56.772
1771433156822,913.0,2026-02-18 11:45:56.822
1771433156883,913.0,2026-02-18 11:45:56.883
1771433156924,914.0,2026-02-18 11:45:56.924
1771433156973,914.0,2026-02-18 11:45:56.973
1771433157026,915.0,2026-02-18 11:45:57.026
1771433157075,915.0,2026-02-18 11:45:57.075
1771433157125,915.0,2026-02-18 11:45:57.125
1771433157174,915.0,2026-02-18 11:45:57.174
1771433157227,915.0,2026-02-18 11:45:57.227
1771433157276,915.0,2026-02-18 11:45:57.276
1771433157326,915.0,2026-02-18 11:45:57.326
1771433157378,915.0,2026-02-18 11:45:57.378
1771433157428,915.0,2026-02-18 11:45:57.428
1771433157477,915.0,2026-02-18 11:45:57.477
1771433157526,914.0,2026-02-18 11:45:57.526
1771433157580,914.0,2026-02-18 11:45:57.580
1771433157628,913.0,2026-02-18 11:45:57.628
1771433157678,913.0,2026-02-18 11:45:57.678
1771433157731,913.0,2026-02-18 11:45:57.731
1771433157780,912.0,2026-02-18 11:45:57.780
1771433157829,912.0,2026-02-18 11:45:57.829
1771433157878,911.0,2026-02-18 11:45:57.878
1771433157931,911.0,2026-02-18 11:45:57.931
1771433157981,910.0,2026-02-18 11:45:57.981
1771433158030,910.0,2026-02-18 11:45:58.030
1771433158079,910.0,2026-02-18 11:45:58.079
1771433158132,909.0,2026-02-18 11:45:58.132
1771433158181,910.0,2026-02-18 11:45:58.181
1771433158230,910.0,2026-02-18 11:45:58.230
1771433158284,910.0,2026-02-18 11:45:58.284
1771433158335,910.0,2026-02-18 11:45:58.335
1771433158382,910.0,2026-02-18 11:45:58.382
1771433158431,911.0,2026-02-18 11:45:58.431
1771433158484,910.0,2026-02-18 11:45:58.484
1771433158534,911.0,2026-02-18 11:45:58.534
1771433158583,911.0,2026-02-18 11:45:58.583
1771433158636,911.0,2026-02-18 11:45:58.636
1771433158685,911.0,2026-02-18 11:45:58.685
1771433158734,911.0,2026-02-18 11:45:58.734
1771433158783,911.0,2026-02-18 11:45:58.783
1771433158837,912.0,2026-02-18 11:45:58.837
1771433158886,912.0,2026-02-18 11:45:58.886
1771433158935,912.0,2026-02-18 11:45:58.935
1771433158988,912.0,2026-02-18 11:45:58.988
1771433159037,912.0,2026-02-18 11:45:59.037
1771433159087,913.0,2026-02-18 11:45:59.087
1771433159136,913.0,2026-02-18 11:45:59.136
1771433159189,913.0,2026-02-18 11:45:59.189
1771433159238,913.0,2026-02-18 11:45:59.238
1771433159287,914.0,2026-02-18 11:45:59.287
1771433159336,914.0,2026-02-18 11:45:59.336
1771433159390,915.0,2026-02-18 11:45:59.390
1771433159439,915.0,2026-02-18 11:45:59.439
1771433159488,915.0,2026-02-18 11:45:59.488
1771433159541,916.0,2026-02-18 11:45:59.541
1771433159590,917.0,2026-02-18 11:45:59.590
1771433159640,917.0,2026-02-18 11:45:59.640
1771433159689,917.0,2026-02-18 11:45:59.689
1771433159742,917.0,2026-02-18 11:45:59.742
1771433159791,918.0,2026-02-18 11:45:59.791
1771433159840,918.0,2026-02-18 11:45:59.840
1771433159893,918.0,2026-02-18 11:45:59.893
1771433159942,918.0,2026-02-18 11:45:59.942
1771433159992,918.0,2026-02-18 11:45:59.992
1771433160041,917.0,2026-02-18 11:46:00.041
1771433160095,917.0,2026-02-18 11:46:00.095
1771433160143,917.0,2026-02-18 11:46:00.143
1771433160192,916.0,2026-02-18 11:46:00.192
1771433160246,916.0,2026-02-18 11:46:00.246
1771433160295,916.0,2026-02-18 11:46:00.295
1771433160344,915.0,2026-02-18 11:46:00.344
1771433160393,915.0,2026-02-18 11:46:00.393
1771433160446,914.0,2026-02-18 11:46:00.446
1771433160495,914.0,2026-02-18 11:46:00.495
1771433160545,913.0,2026-02-18 11:46:00.545
1771433160597,912.0,2026-02-18 11:46:00.597
1771433160647,912.0,2026-02-18 11:46:00.647
1771433160696,912.0,2026-02-18 11:46:00.696
1771433160745,911.0,2026-02-18 11:46:00.745
1771433160800,911.0,2026-02-18 11:46:00.800
1771433160848,912.0,2026-02-18 11:46:00.848
1771433160897,912.0,2026-02-18 11:46:00.897
1771433160948,912.0,2026-02-18 11:46:00.948
1771433160999,912.0,2026-02-18 11:46:00.999
1771433161048,912.0,2026-02-18 11:46:01.048
1771433161098,912.0,2026-02-18 11:46:01.098
1771433161151,912.0,2026-02-18 11:46:01.151
1771433161200,912.0,2026-02-18 11:46:01.200
1771433161249,912.0,2026-02-18 11:46:01.249
1771433161298,912.0,2026-02-18 11:46:01.298
1771433161351,912.0,2026-02-18 11:46:01.351
1771433161401,912.0,2026-02-18 11:46:01.401
1771433161450,912.0,2026-02-18 11:46:01.450
1771433161503,912.0,2026-02-18 11:46:01.503
1771433161552,912.0,2026-02-18 11:46:01.552
1771433161601,913.0,2026-02-18 11:46:01.601
1771433161650,913.0,2026-02-18 11:46:01.650
1771433161704,913.0,2026-02-18 11:46:01.704
1771433161753,913.0,2026-02-18 11:46:01.753
1771433161802,913.0,2026-02-18 11:46:01.802
1771433161851,913.0,2026-02-18 11:46:01.851
1771433161904,913.0,2026-02-18 11:46:01.904
1771433161954,914.0,2026-02-18 11:46:01.954
1771433162003,914.0,2026-02-18 11:46:02.003
1771433162056,915.0,2026-02-18 11:46:02.056
1771433162105,915.0,2026-02-18 11:46:02.105
1771433162154,916.0,2026-02-18 11:46:02.154
1771433162203,916.0,2026-02-18 11:46:02.203
1771433162257,916.0,2026-02-18 11:46:02.257
1771433162306,917.0,2026-02-18 11:46:02.306
1771433162355,916.0,2026-02-18 11:46:02.355
1771433162409,902.0,2026-02-18 11:46:02.409
1771433162457,880.0,2026-02-18 11:46:02.457
1771433162506,859.0,2026-02-18 11:46:02.506
1771433162556,844.0,2026-02-18 11:46:02.556
1771433162610,822.0,2026-02-18 11:46:02.610
1771433162658,806.0,2026-02-18 11:46:02.658
1771433162708,797.0,2026-02-18 11:46:02.708
1771433162760,785.0,2026-02-18 11:46:02.760
1771433162810,785.0,2026-02-18 11:46:02.810
1771433162859,786.0,2026-02-18 11:46:02.859
1771433162908,783.0,2026-02-18 11:46:02.908
1771433162961,780.0,2026-02-18 11:46:02.961
1771433163010,775.0,2026-02-18 11:46:03.010
1771433163059,767.0,2026-02-18 11:46:03.059
1771433163113,766.0,2026-02-18 11:46:03.113
1771433163162,763.0,2026-02-18 11:46:03.162
1771433163211,761.0,2026-02-18 11:46:03.211
1771433163260,760.0,2026-02-18 11:46:03.260
1771433163313,777.0,2026-02-18 11:46:03.313
1771433163363,786.0,2026-02-18 11:46:03.363
1771433163412,761.0,2026-02-18 11:46:03.412
1771433163461,842.0,2026-02-18 11:46:03.461
1771433163514,898.0,2026-02-18 11:46:03.514
1771433163563,905.0,2026-02-18 11:46:03.563
1771433163618,908.0,2026-02-18 11:46:03.618
1771433163666,909.0,2026-02-18 11:46:03.666
1771433163715,910.0,2026-02-18 11:46:03.715
1771433163764,911.0,2026-02-18 11:46:03.764
1771433163813,912.0,2026-02-18 11:46:03.813
1771433163866,912.0,2026-02-18 11:46:03.866
1771433163915,913.0,2026-02-18 11:46:03.915
1771433163965,913.0,2026-02-18 11:46:03.965
1771433164018,913.0,2026-02-18 11:46:04.018
1771433164067,914.0,2026-02-18 11:46:04.067
1771433164116,914.0,2026-02-18 11:46:04.116
1771433164166,915.0,2026-02-18 11:46:04.166
1771433164218,915.0,2026-02-18 11:46:04.218
1771433164268,915.0,2026-02-18 11:46:04.268
1771433164317,916.0,2026-02-18 11:46:04.317
1771433164370,916.0,2026-02-18 11:46:04.370
1771433164419,916.0,2026-02-18 11:46:04.419
1771433164468,917.0,2026-02-18 11:46:04.468
1771433164517,917.0,2026-02-18 11:46:04.517
1771433164571,918.0,2026-02-18 11:46:04.571
1771433164620,918.0,2026-02-18 11:46:04.620
1771433164669,919.0,2026-02-18 11:46:04.669
1771433164718,920.0,2026-02-18 11:46:04.718
1771433164771,920.0,2026-02-18 11:46:04.771
1771433164821,921.0,2026-02-18 11:46:04.821
1771433164870,921.0,2026-02-18 11:46:04.870
1771433164923,922.0,2026-02-18 11:46:04.923
1771433164972,922.0,2026-02-18 11:46:04.972
1771433165021,922.0,2026-02-18 11:46:05.021
1771433165071,923.0,2026-02-18 11:46:05.071
1771433165124,923.0,2026-02-18 11:46:05.124
1771433165173,923.0,2026-02-18 11:46:05.173
1771433165222,923.0,2026-02-18 11:46:05.222
1771433165275,923.0,2026-02-18 11:46:05.275
1771433165324,923.0,2026-02-18 11:46:05.324
1771433165374,923.0,2026-02-18 11:46:05.374
1771433165423,922.0,2026-02-18 11:46:05.423
1771433165476,922.0,2026-02-18 11:46:05.476
