ms_timestamp,GSR,timestamp
1771288215748,1.0,2026-02-16 19:30:15.748
1771288215797,0.0,2026-02-16 19:30:15.797
1771288215846,1.0,2026-02-16 19:30:15.846
1771288215895,2.0,2026-02-16 19:30:15.895
1771288215949,1.0,2026-02-16 19:30:15.949
1771288215998,1.0,2026-02-16 19:30:15.998
1771288216047,2.0,2026-02-16 19:30:16.047
1771288216096,1.0,2026-02-16 19:30:16.096
1771288216149,1.0,2026-02-16 19:30:16.149
1771288216198,2.0,2026-02-16 19:30:16.198
1771288216248,1.0,2026-02-16 19:30:16.248
1771288216297,1.0,2026-02-16 19:30:16.297
1771288216350,2.0,2026-02-16 19:30:16.350
1771288216399,2.0,2026-02-16 19:30:16.399
1771288216448,0.0,2026-02-16 19:30:16.448
1771288216501,2.0,2026-02-16 19:30:16.501
1771288216551,1.0,2026-02-16 19:30:16.551
1771288216600,2.0,2026-02-16 19:30:16.600
1771288216649,2.0,2026-02-16 19:30:16.649
1771288216702,5.0,2026-02-16 19:30:16.702
1771288216751,1.0,2026-02-16 19:30:16.751
1771288216801,3.0,2026-02-16 19:30:16.801
1771288216850,2.0,2026-02-16 19:30:16.850
1771288216903,3.0,2026-02-16 19:30:16.903
1771288216952,2.0,2026-02-16 19:30:16.952
1771288217001,4.0,2026-02-16 19:30:17.001
1771288217050,2.0,2026-02-16 19:30:17.050
1771288217104,3.0,2026-02-16 19:30:17.104
1771288217153,1.0,2026-02-16 19:30:17.153
1771288217202,3.0,2026-02-16 19:30:17.202
1771288217251,2.0,2026-02-16 19:30:17.251
1771288217304,3.0,2026-02-16 19:30:17.304
1771288217354,3.0,2026-02-16 19:30:17.354
1771288217403,4.0,2026-02-16 19:30:17.403
1771288217452,1.0,2026-02-16 19:30:17.452
1771288217505,5.0,2026-02-16 19:30:17.505
1771288217554,2.0,2026-02-16 19:30:17.554
1771288217603,1.0,2026-02-16 19:30:17.603
1771288217652,5.0,2026-02-16 19:30:17.652
1771288217706,3.0,2026-02-16 19:30:17.706
1771288217755,3.0,2026-02-16 19:30:17.755
1771288217804,4.0,2026-02-16 19:30:17.804
1771288217857,4.0,2026-02-16 19:30:17.857
1771288217906,3.0,2026-02-16 19:30:17.906
1771288217956,4.0,2026-02-16 19:30:17.956
1771288218005,2.0,2026-02-16 19:30:18.005
1771288218058,5.0,2026-02-16 19:30:18.058
1771288218108,3.0,2026-02-16 19:30:18.108
1771288218156,4.0,2026-02-16 19:30:18.156
1771288218205,3.0,2026-02-16 19:30:18.205
1771288218259,3.0,2026-02-16 19:30:18.259
1771288218308,2.0,2026-02-16 19:30:18.308
1771288218359,6.0,2026-02-16 19:30:18.359
1771288218406,2.0,2026-02-16 19:30:18.406
1771288218459,2.0,2026-02-16 19:30:18.459
1771288218508,3.0,2026-02-16 19:30:18.508
1771288218558,1.0,2026-02-16 19:30:18.558
1771288218607,1.0,2026-02-16 19:30:18.607
1771288218660,3.0,2026-02-16 19:30:18.660
1771288218710,1.0,2026-02-16 19:30:18.710
1771288218758,0.0,2026-02-16 19:30:18.758
1771288218808,3.0,2026-02-16 19:30:18.808
1771288218861,2.0,2026-02-16 19:30:18.861
1771288218911,0.0,2026-02-16 19:30:18.911
1771288218959,0.0,2026-02-16 19:30:18.959
1771288219008,1.0,2026-02-16 19:30:19.008
1771288219061,0.0,2026-02-16 19:30:19.061
1771288219111,0.0,2026-02-16 19:30:19.111
1771288219160,0.0,2026-02-16 19:30:19.160
1771288219209,2.0,2026-02-16 19:30:19.209
1771288219262,0.0,2026-02-16 19:30:19.262
1771288219311,0.0,2026-02-16 19:30:19.311
1771288219361,0.0,2026-02-16 19:30:19.361
1771288219414,0.0,2026-02-16 19:30:19.414
1771288219463,0.0,2026-02-16 19:30:19.463
1771288219512,0.0,2026-02-16 19:30:19.512
1771288219561,2.0,2026-02-16 19:30:19.561
1771288219614,0.0,2026-02-16 19:30:19.614
1771288219664,2.0,2026-02-16 19:30:19.664
1771288219713,3.0,2026-02-16 19:30:19.713
1771288219762,2.0,2026-02-16 19:30:19.762
1771288219815,1.0,2026-02-16 19:30:19.815
1771288219864,4.0,2026-02-16 19:30:19.864
1771288219913,2.0,2026-02-16 19:30:19.913
1771288219963,3.0,2026-02-16 19:30:19.963
1771288220016,3.0,2026-02-16 19:30:20.016
1771288220065,4.0,2026-02-16 19:30:20.065
1771288220114,3.0,2026-02-16 19:30:20.114
1771288220163,3.0,2026-02-16 19:30:20.163
1771288220216,3.0,2026-02-16 19:30:20.216
1771288220278,3.0,2026-02-16 19:30:20.278
1771288220315,3.0,2026-02-16 19:30:20.315
1771288220364,0.0,2026-02-16 19:30:20.364
1771288220417,7.0,2026-02-16 19:30:20.417
1771288220466,1.0,2026-02-16 19:30:20.466
1771288220516,2.0,2026-02-16 19:30:20.516
1771288220565,0.0,2026-02-16 19:30:20.565
1771288220618,1.0,2026-02-16 19:30:20.618
1771288220667,0.0,2026-02-16 19:30:20.667
1771288220716,0.0,2026-02-16 19:30:20.716
1771288220766,1.0,2026-02-16 19:30:20.766
1771288220819,0.0,2026-02-16 19:30:20.819
1771288220868,1.0,2026-02-16 19:30:20.868
1771288220917,0.0,2026-02-16 19:30:20.917
1771288220970,1.0,2026-02-16 19:30:20.970
1771288221019,2.0,2026-02-16 19:30:21.019
1771288221068,1.0,2026-02-16 19:30:21.068
1771288221118,2.0,2026-02-16 19:30:21.118
1771288221171,2.0,2026-02-16 19:30:21.171
1771288221220,2.0,2026-02-16 19:30:21.220
1771288221269,1.0,2026-02-16 19:30:21.269
1771288221318,4.0,2026-02-16 19:30:21.318
1771288221371,2.0,2026-02-16 19:30:21.371
1771288221421,1.0,2026-02-16 19:30:21.421
1771288221470,1.0,2026-02-16 19:30:21.470
1771288221519,4.0,2026-02-16 19:30:21.519
1771288221572,1.0,2026-02-16 19:30:21.572
1771288221621,2.0,2026-02-16 19:30:21.621
1771288221671,3.0,2026-02-16 19:30:21.671
1771288221720,0.0,2026-02-16 19:30:21.720
1771288221773,2.0,2026-02-16 19:30:21.773
1771288221822,2.0,2026-02-16 19:30:21.822
1771288221871,0.0,2026-02-16 19:30:21.871
1771288221921,0.0,2026-02-16 19:30:21.921
1771288221974,0.0,2026-02-16 19:30:21.974
1771288222023,1.0,2026-02-16 19:30:22.023
1771288222072,0.0,2026-02-16 19:30:22.072
1771288222121,2.0,2026-02-16 19:30:22.121
1771288222174,2.0,2026-02-16 19:30:22.174
1771288222223,5.0,2026-02-16 19:30:22.223
1771288222273,3.0,2026-02-16 19:30:22.273
1771288222322,2.0,2026-02-16 19:30:22.322
1771288222375,3.0,2026-02-16 19:30:22.375
1771288222424,3.0,2026-02-16 19:30:22.424
1771288222473,3.0,2026-02-16 19:30:22.473
1771288222526,0.0,2026-02-16 19:30:22.526
1771288222576,4.0,2026-02-16 19:30:22.576
1771288222625,0.0,2026-02-16 19:30:22.625
1771288222674,0.0,2026-02-16 19:30:22.674
1771288222727,1.0,2026-02-16 19:30:22.727
1771288222776,0.0,2026-02-16 19:30:22.776
1771288222826,0.0,2026-02-16 19:30:22.826
1771288222875,0.0,2026-02-16 19:30:22.875
1771288222928,2.0,2026-02-16 19:30:22.928
1771288222977,0.0,2026-02-16 19:30:22.977
1771288223026,2.0,2026-02-16 19:30:23.026
1771288223075,3.0,2026-02-16 19:30:23.075
1771288223129,3.0,2026-02-16 19:30:23.129
1771288223178,5.0,2026-02-16 19:30:23.178
1771288223227,2.0,2026-02-16 19:30:23.227
1771288223276,2.0,2026-02-16 19:30:23.276
1771288223329,3.0,2026-02-16 19:30:23.329
1771288223378,2.0,2026-02-16 19:30:23.378
1771288223428,0.0,2026-02-16 19:30:23.428
1771288223477,0.0,2026-02-16 19:30:23.477
1771288223530,3.0,2026-02-16 19:30:23.530
1771288223579,0.0,2026-02-16 19:30:23.579
1771288223628,0.0,2026-02-16 19:30:23.628
1771288223677,3.0,2026-02-16 19:30:23.677
1771288223731,0.0,2026-02-16 19:30:23.731
1771288223780,1.0,2026-02-16 19:30:23.780
1771288223829,2.0,2026-02-16 19:30:23.829
1771288223878,5.0,2026-02-16 19:30:23.878
1771288223931,3.0,2026-02-16 19:30:23.931
1771288223981,2.0,2026-02-16 19:30:23.981
1771288224030,4.0,2026-02-16 19:30:24.030
1771288224085,2.0,2026-02-16 19:30:24.085
1771288224132,2.0,2026-02-16 19:30:24.132
1771288224181,0.0,2026-02-16 19:30:24.181
1771288224230,0.0,2026-02-16 19:30:24.230
1771288224284,3.0,2026-02-16 19:30:24.284
1771288224333,0.0,2026-02-16 19:30:24.333
1771288224382,4.0,2026-02-16 19:30:24.382
1771288224431,0.0,2026-02-16 19:30:24.431
1771288224484,4.0,2026-02-16 19:30:24.484
1771288224534,2.0,2026-02-16 19:30:24.534
1771288224583,2.0,2026-02-16 19:30:24.583
1771288224632,5.0,2026-02-16 19:30:24.632
1771288224685,3.0,2026-02-16 19:30:24.685
1771288224734,2.0,2026-02-16 19:30:24.734
1771288224786,2.0,2026-02-16 19:30:24.786
1771288224833,1.0,2026-02-16 19:30:24.833
1771288224886,1.0,2026-02-16 19:30:24.886
1771288224935,0.0,2026-02-16 19:30:24.935
1771288224984,0.0,2026-02-16 19:30:24.984
1771288225033,0.0,2026-02-16 19:30:25.033
1771288225086,2.0,2026-02-16 19:30:25.086
1771288225136,1.0,2026-02-16 19:30:25.136
1771288225185,2.0,2026-02-16 19:30:25.185
1771288225234,5.0,2026-02-16 19:30:25.234
1771288225287,3.0,2026-02-16 19:30:25.287
1771288225336,2.0,2026-02-16 19:30:25.336
1771288225385,4.0,2026-02-16 19:30:25.385
1771288225435,0.0,2026-02-16 19:30:25.435
1771288225488,1.0,2026-02-16 19:30:25.488
1771288225537,0.0,2026-02-16 19:30:25.537
1771288225586,0.0,2026-02-16 19:30:25.586
1771288225639,1.0,2026-02-16 19:30:25.639
1771288225689,0.0,2026-02-16 19:30:25.689
1771288225738,3.0,2026-02-16 19:30:25.738
1771288225787,2.0,2026-02-16 19:30:25.787
1771288225840,2.0,2026-02-16 19:30:25.840
1771288225889,5.0,2026-02-16 19:30:25.889
1771288225938,2.0,2026-02-16 19:30:25.938
1771288225988,0.0,2026-02-16 19:30:25.988
1771288226041,1.0,2026-02-16 19:30:26.041
1771288226090,0.0,2026-02-16 19:30:26.090
1771288226139,0.0,2026-02-16 19:30:26.139
1771288226188,0.0,2026-02-16 19:30:26.188
1771288226241,3.0,2026-02-16 19:30:26.241
1771288226291,4.0,2026-02-16 19:30:26.291
1771288226340,2.0,2026-02-16 19:30:26.340
1771288226389,6.0,2026-02-16 19:30:26.389
1771288226442,2.0,2026-02-16 19:30:26.442
1771288226491,3.0,2026-02-16 19:30:26.491
1771288226540,2.0,2026-02-16 19:30:26.540
1771288226590,0.0,2026-02-16 19:30:26.590
1771288226643,2.0,2026-02-16 19:30:26.643
1771288226692,0.0,2026-02-16 19:30:26.692
1771288226741,0.0,2026-02-16 19:30:26.741
1771288226790,0.0,2026-02-16 19:30:26.790
1771288226844,3.0,2026-02-16 19:30:26.844
1771288226893,4.0,2026-02-16 19:30:26.893
1771288226942,3.0,2026-02-16 19:30:26.942
1771288226991,1.0,2026-02-16 19:30:26.991
1771288227044,3.0,2026-02-16 19:30:27.044
1771288227094,1.0,2026-02-16 19:30:27.094
1771288227143,0.0,2026-02-16 19:30:27.143
1771288227196,1.0,2026-02-16 19:30:27.196
1771288227245,0.0,2026-02-16 19:30:27.245
1771288227294,1.0,2026-02-16 19:30:27.294
1771288227343,2.0,2026-02-16 19:30:27.343
1771288227396,3.0,2026-02-16 19:30:27.396
1771288227446,5.0,2026-02-16 19:30:27.446
1771288227495,4.0,2026-02-16 19:30:27.495
1771288227544,2.0,2026-02-16 19:30:27.544
1771288227597,1.0,2026-02-16 19:30:27.597
1771288227646,0.0,2026-02-16 19:30:27.646
1771288227696,2.0,2026-02-16 19:30:27.696
1771288227745,0.0,2026-02-16 19:30:27.745
1771288227798,0.0,2026-02-16 19:30:27.798
1771288227847,4.0,2026-02-16 19:30:27.847
1771288227897,4.0,2026-02-16 19:30:27.897
1771288227945,5.0,2026-02-16 19:30:27.945
1771288227999,3.0,2026-02-16 19:30:27.999
1771288228048,0.0,2026-02-16 19:30:28.048
1771288228097,2.0,2026-02-16 19:30:28.097
1771288228146,0.0,2026-02-16 19:30:28.146
1771288228199,0.0,2026-02-16 19:30:28.199
1771288228249,2.0,2026-02-16 19:30:28.249
1771288228298,2.0,2026-02-16 19:30:28.298
1771288228347,5.0,2026-02-16 19:30:28.347
1771288228400,4.0,2026-02-16 19:30:28.400
1771288228449,0.0,2026-02-16 19:30:28.449
1771288228498,2.0,2026-02-16 19:30:28.498
1771288228551,2.0,2026-02-16 19:30:28.551
1771288228601,0.0,2026-02-16 19:30:28.601
1771288228650,0.0,2026-02-16 19:30:28.650
1771288228699,3.0,2026-02-16 19:30:28.699
1771288228752,5.0,2026-02-16 19:30:28.752
1771288228801,4.0,2026-02-16 19:30:28.801
1771288228851,3.0,2026-02-16 19:30:28.851
1771288228900,2.0,2026-02-16 19:30:28.900
1771288228953,1.0,2026-02-16 19:30:28.953
1771288229002,0.0,2026-02-16 19:30:29.002
1771288229051,2.0,2026-02-16 19:30:29.051
1771288229100,2.0,2026-02-16 19:30:29.100
1771288229154,1.0,2026-02-16 19:30:29.154
1771288229203,3.0,2026-02-16 19:30:29.203
1771288229252,6.0,2026-02-16 19:30:29.252
1771288229301,2.0,2026-02-16 19:30:29.301
1771288229354,2.0,2026-02-16 19:30:29.354
1771288229403,1.0,2026-02-16 19:30:29.403
1771288229453,0.0,2026-02-16 19:30:29.453
1771288229502,0.0,2026-02-16 19:30:29.502
1771288229555,1.0,2026-02-16 19:30:29.555
1771288229604,2.0,2026-02-16 19:30:29.604
1771288229653,4.0,2026-02-16 19:30:29.653
1771288229703,3.0,2026-02-16 19:30:29.703
1771288229756,1.0,2026-02-16 19:30:29.756
1771288229805,0.0,2026-02-16 19:30:29.805
1771288229854,0.0,2026-02-16 19:30:29.854
1771288229903,2.0,2026-02-16 19:30:29.903
1771288229956,2.0,2026-02-16 19:30:29.956
1771288230006,1.0,2026-02-16 19:30:30.006
1771288230055,3.0,2026-02-16 19:30:30.055
1771288230108,2.0,2026-02-16 19:30:30.108
1771288230157,0.0,2026-02-16 19:30:30.157
1771288230206,0.0,2026-02-16 19:30:30.206
1771288230255,0.0,2026-02-16 19:30:30.255
1771288230309,0.0,2026-02-16 19:30:30.309
1771288230358,2.0,2026-02-16 19:30:30.358
1771288230407,3.0,2026-02-16 19:30:30.407
1771288230456,2.0,2026-02-16 19:30:30.456
1771288230509,1.0,2026-02-16 19:30:30.509
1771288230558,2.0,2026-02-16 19:30:30.558
1771288230608,1.0,2026-02-16 19:30:30.608
1771288230657,0.0,2026-02-16 19:30:30.657
1771288230710,0.0,2026-02-16 19:30:30.710
1771288230759,3.0,2026-02-16 19:30:30.759
1771288230808,5.0,2026-02-16 19:30:30.808
1771288230858,2.0,2026-02-16 19:30:30.858
1771288230911,2.0,2026-02-16 19:30:30.911
1771288230960,2.0,2026-02-16 19:30:30.960
1771288231009,0.0,2026-02-16 19:30:31.009
1771288231058,0.0,2026-02-16 19:30:31.058
1771288231111,2.0,2026-02-16 19:30:31.111
1771288231161,2.0,2026-02-16 19:30:31.161
1771288231210,2.0,2026-02-16 19:30:31.210
1771288231259,3.0,2026-02-16 19:30:31.259
1771288231312,1.0,2026-02-16 19:30:31.312
1771288231361,0.0,2026-02-16 19:30:31.361
1771288231410,1.0,2026-02-16 19:30:31.410
1771288231460,3.0,2026-02-16 19:30:31.460
1771288231513,2.0,2026-02-16 19:30:31.513
1771288231562,3.0,2026-02-16 19:30:31.562
1771288231611,5.0,2026-02-16 19:30:31.611
1771288231664,2.0,2026-02-16 19:30:31.664
1771288231714,1.0,2026-02-16 19:30:31.714
1771288231763,0.0,2026-02-16 19:30:31.763
1771288231812,1.0,2026-02-16 19:30:31.812
1771288231865,2.0,2026-02-16 19:30:31.865
1771288231914,3.0,2026-02-16 19:30:31.914
1771288231963,4.0,2026-02-16 19:30:31.963
1771288232013,2.0,2026-02-16 19:30:32.013
1771288232066,0.0,2026-02-16 19:30:32.066
1771288232115,0.0,2026-02-16 19:30:32.115
1771288232164,4.0,2026-02-16 19:30:32.164
1771288232213,2.0,2026-02-16 19:30:32.213
1771288232266,2.0,2026-02-16 19:30:32.266
1771288232316,4.0,2026-02-16 19:30:32.316
1771288232365,2.0,2026-02-16 19:30:32.365
1771288232414,0.0,2026-02-16 19:30:32.414
1771288232467,1.0,2026-02-16 19:30:32.467
1771288232516,2.0,2026-02-16 19:30:32.516
1771288232566,1.0,2026-02-16 19:30:32.566
1771288232615,3.0,2026-02-16 19:30:32.615
1771288232668,4.0,2026-02-16 19:30:32.668
1771288232717,1.0,2026-02-16 19:30:32.717
1771288232766,0.0,2026-02-16 19:30:32.766
1771288232815,1.0,2026-02-16 19:30:32.815
1771288232868,2.0,2026-02-16 19:30:32.868
1771288232918,5.0,2026-02-16 19:30:32.918
1771288232967,4.0,2026-02-16 19:30:32.967
1771288233016,0.0,2026-02-16 19:30:33.016
1771288233069,0.0,2026-02-16 19:30:33.069
1771288233119,1.0,2026-02-16 19:30:33.119
1771288233168,1.0,2026-02-16 19:30:33.168
1771288233221,3.0,2026-02-16 19:30:33.221
1771288233270,3.0,2026-02-16 19:30:33.270
1771288233319,1.0,2026-02-16 19:30:33.319
1771288233369,1.0,2026-02-16 19:30:33.369
1771288233421,2.0,2026-02-16 19:30:33.421
1771288233471,0.0,2026-02-16 19:30:33.471
1771288233520,1.0,2026-02-16 19:30:33.520
1771288233569,4.0,2026-02-16 19:30:33.569
1771288233622,4.0,2026-02-16 19:30:33.622
1771288233671,1.0,2026-02-16 19:30:33.671
1771288233721,0.0,2026-02-16 19:30:33.721
1771288233770,0.0,2026-02-16 19:30:33.770
1771288233823,0.0,2026-02-16 19:30:33.823
1771288233872,2.0,2026-02-16 19:30:33.872
1771288233921,5.0,2026-02-16 19:30:33.921
1771288233970,1.0,2026-02-16 19:30:33.970
1771288234024,0.0,2026-02-16 19:30:34.024
1771288234073,0.0,2026-02-16 19:30:34.073
1771288234122,3.0,2026-02-16 19:30:34.122
1771288234171,4.0,2026-02-16 19:30:34.171
1771288234233,1.0,2026-02-16 19:30:34.233
1771288234273,2.0,2026-02-16 19:30:34.273
1771288234323,0.0,2026-02-16 19:30:34.323
1771288234372,0.0,2026-02-16 19:30:34.372
1771288234425,2.0,2026-02-16 19:30:34.425
1771288234474,3.0,2026-02-16 19:30:34.474
1771288234523,3.0,2026-02-16 19:30:34.523
1771288234572,2.0,2026-02-16 19:30:34.572
1771288234626,2.0,2026-02-16 19:30:34.626
1771288234675,0.0,2026-02-16 19:30:34.675
1771288234724,0.0,2026-02-16 19:30:34.724
1771288234777,1.0,2026-02-16 19:30:34.777
1771288234826,2.0,2026-02-16 19:30:34.826
1771288234876,5.0,2026-02-16 19:30:34.876
1771288234925,1.0,2026-02-16 19:30:34.925
1771288234978,0.0,2026-02-16 19:30:34.978
1771288235027,0.0,2026-02-16 19:30:35.027
1771288235076,3.0,2026-02-16 19:30:35.076
1771288235125,2.0,2026-02-16 19:30:35.125
1771288235179,1.0,2026-02-16 19:30:35.179
1771288235228,6.0,2026-02-16 19:30:35.228
1771288235277,0.0,2026-02-16 19:30:35.277
1771288235326,0.0,2026-02-16 19:30:35.326
1771288235379,3.0,2026-02-16 19:30:35.379
1771288235428,7.0,2026-02-16 19:30:35.428
1771288235478,1.0,2026-02-16 19:30:35.478
1771288235527,0.0,2026-02-16 19:30:35.527
1771288235580,0.0,2026-02-16 19:30:35.580
1771288235629,2.0,2026-02-16 19:30:35.629
1771288235678,3.0,2026-02-16 19:30:35.678
1771288235728,3.0,2026-02-16 19:30:35.728
1771288235781,3.0,2026-02-16 19:30:35.781
1771288235830,0.0,2026-02-16 19:30:35.830
1771288235879,0.0,2026-02-16 19:30:35.879
1771288235928,2.0,2026-02-16 19:30:35.928
1771288235981,4.0,2026-02-16 19:30:35.981
1771288236031,2.0,2026-02-16 19:30:36.031
1771288236080,0.0,2026-02-16 19:30:36.080
1771288236133,1.0,2026-02-16 19:30:36.133
1771288236182,2.0,2026-02-16 19:30:36.182
1771288236231,2.0,2026-02-16 19:30:36.231
1771288236280,2.0,2026-02-16 19:30:36.280
1771288236334,6.0,2026-02-16 19:30:36.334
1771288236383,1.0,2026-02-16 19:30:36.383
1771288236432,3.0,2026-02-16 19:30:36.432
1771288236481,2.0,2026-02-16 19:30:36.481
1771288236534,4.0,2026-02-16 19:30:36.534
1771288236583,3.0,2026-02-16 19:30:36.583
1771288236633,1.0,2026-02-16 19:30:36.633
1771288236682,0.0,2026-02-16 19:30:36.682
1771288236735,2.0,2026-02-16 19:30:36.735
1771288236784,2.0,2026-02-16 19:30:36.784
1771288236833,3.0,2026-02-16 19:30:36.833
1771288236883,2.0,2026-02-16 19:30:36.883
1771288236936,0.0,2026-02-16 19:30:36.936
1771288236985,0.0,2026-02-16 19:30:36.985
1771288237034,0.0,2026-02-16 19:30:37.034
1771288237083,2.0,2026-02-16 19:30:37.083
1771288237137,3.0,2026-02-16 19:30:37.137
1771288237186,1.0,2026-02-16 19:30:37.186
1771288237235,0.0,2026-02-16 19:30:37.235
1771288237284,1.0,2026-02-16 19:30:37.284
1771288237337,2.0,2026-02-16 19:30:37.337
1771288237386,2.0,2026-02-16 19:30:37.386
1771288237435,0.0,2026-02-16 19:30:37.435
1771288237486,1.0,2026-02-16 19:30:37.486
1771288237538,3.0,2026-02-16 19:30:37.538
1771288237587,1.0,2026-02-16 19:30:37.587
1771288237636,1.0,2026-02-16 19:30:37.636
1771288237689,2.0,2026-02-16 19:30:37.689
1771288237739,1.0,2026-02-16 19:30:37.739
1771288237788,0.0,2026-02-16 19:30:37.788
1771288237837,1.0,2026-02-16 19:30:37.837
1771288237890,4.0,2026-02-16 19:30:37.890
1771288237939,3.0,2026-02-16 19:30:37.939
1771288237988,0.0,2026-02-16 19:30:37.988
1771288238038,0.0,2026-02-16 19:30:38.038
1771288238091,2.0,2026-02-16 19:30:38.091
1771288238140,3.0,2026-02-16 19:30:38.140
1771288238189,1.0,2026-02-16 19:30:38.189
1771288238238,1.0,2026-02-16 19:30:38.238
1771288238291,0.0,2026-02-16 19:30:38.291
1771288238341,0.0,2026-02-16 19:30:38.341
1771288238390,2.0,2026-02-16 19:30:38.390
1771288238439,3.0,2026-02-16 19:30:38.439
1771288238492,2.0,2026-02-16 19:30:38.492
1771288238541,0.0,2026-02-16 19:30:38.541
1771288238591,0.0,2026-02-16 19:30:38.591
1771288238640,5.0,2026-02-16 19:30:38.640
1771288238693,5.0,2026-02-16 19:30:38.693
1771288238742,0.0,2026-02-16 19:30:38.742
1771288238791,0.0,2026-02-16 19:30:38.791
1771288238840,2.0,2026-02-16 19:30:38.840
1771288238893,2.0,2026-02-16 19:30:38.893
1771288238943,7.0,2026-02-16 19:30:38.943
1771288238992,2.0,2026-02-16 19:30:38.992
1771288239041,2.0,2026-02-16 19:30:39.041
1771288239094,0.0,2026-02-16 19:30:39.094
1771288239143,2.0,2026-02-16 19:30:39.143
1771288239193,4.0,2026-02-16 19:30:39.193
1771288239246,2.0,2026-02-16 19:30:39.246
1771288239295,2.0,2026-02-16 19:30:39.295
1771288239344,0.0,2026-02-16 19:30:39.344
1771288239393,0.0,2026-02-16 19:30:39.393
1771288239446,3.0,2026-02-16 19:30:39.446
1771288239496,1.0,2026-02-16 19:30:39.496
1771288239545,0.0,2026-02-16 19:30:39.545
1771288239594,3.0,2026-02-16 19:30:39.594
1771288239647,5.0,2026-02-16 19:30:39.647
1771288239696,3.0,2026-02-16 19:30:39.696
1771288239746,0.0,2026-02-16 19:30:39.746
1771288239795,0.0,2026-02-16 19:30:39.795
1771288239848,9.0,2026-02-16 19:30:39.848
1771288239897,4.0,2026-02-16 19:30:39.897
1771288239946,1.0,2026-02-16 19:30:39.946
1771288239995,0.0,2026-02-16 19:30:39.995
1771288240049,2.0,2026-02-16 19:30:40.049
1771288240098,4.0,2026-02-16 19:30:40.098
1771288240147,1.0,2026-02-16 19:30:40.147
1771288240196,0.0,2026-02-16 19:30:40.196
1771288240249,3.0,2026-02-16 19:30:40.249
1771288240298,3.0,2026-02-16 19:30:40.298
1771288240348,1.0,2026-02-16 19:30:40.348
1771288240397,1.0,2026-02-16 19:30:40.397
1771288240450,1.0,2026-02-16 19:30:40.450
1771288240499,2.0,2026-02-16 19:30:40.499
1771288240548,4.0,2026-02-16 19:30:40.548
1771288240598,1.0,2026-02-16 19:30:40.598
1771288240651,1.0,2026-02-16 19:30:40.651
1771288240700,0.0,2026-02-16 19:30:40.700
1771288240750,3.0,2026-02-16 19:30:40.750
1771288240802,3.0,2026-02-16 19:30:40.802
1771288240851,3.0,2026-02-16 19:30:40.851
1771288240901,1.0,2026-02-16 19:30:40.901
1771288240950,1.0,2026-02-16 19:30:40.950
1771288241003,2.0,2026-02-16 19:30:41.003
1771288241052,2.0,2026-02-16 19:30:41.052
1771288241101,0.0,2026-02-16 19:30:41.101
1771288241150,1.0,2026-02-16 19:30:41.150
1771288241204,3.0,2026-02-16 19:30:41.204
1771288241253,4.0,2026-02-16 19:30:41.253
1771288241302,0.0,2026-02-16 19:30:41.302
1771288241351,0.0,2026-02-16 19:30:41.351
1771288241404,1.0,2026-02-16 19:30:41.404
1771288241453,4.0,2026-02-16 19:30:41.453
1771288241503,2.0,2026-02-16 19:30:41.503
1771288241552,0.0,2026-02-16 19:30:41.552
1771288241605,1.0,2026-02-16 19:30:41.605
1771288241654,3.0,2026-02-16 19:30:41.654
1771288241703,2.0,2026-02-16 19:30:41.703
1771288241753,0.0,2026-02-16 19:30:41.753
1771288241806,2.0,2026-02-16 19:30:41.806
1771288241855,3.0,2026-02-16 19:30:41.855
1771288241904,3.0,2026-02-16 19:30:41.904
1771288241953,0.0,2026-02-16 19:30:41.953
1771288242006,1.0,2026-02-16 19:30:42.006
1771288242056,3.0,2026-02-16 19:30:42.056
1771288242105,4.0,2026-02-16 19:30:42.105
1771288242154,1.0,2026-02-16 19:30:42.154
1771288242207,0.0,2026-02-16 19:30:42.207
1771288242256,4.0,2026-02-16 19:30:42.256
1771288242306,4.0,2026-02-16 19:30:42.306
1771288242359,1.0,2026-02-16 19:30:42.359
1771288242408,0.0,2026-02-16 19:30:42.408
1771288242457,2.0,2026-02-16 19:30:42.457
1771288242506,4.0,2026-02-16 19:30:42.506
1771288242559,3.0,2026-02-16 19:30:42.559
1771288242609,0.0,2026-02-16 19:30:42.609
1771288242658,0.0,2026-02-16 19:30:42.658
1771288242707,3.0,2026-02-16 19:30:42.707
1771288242760,4.0,2026-02-16 19:30:42.760
1771288242809,1.0,2026-02-16 19:30:42.809
1771288242858,0.0,2026-02-16 19:30:42.858
1771288242908,2.0,2026-02-16 19:30:42.908
1771288242961,4.0,2026-02-16 19:30:42.961
1771288243010,0.0,2026-02-16 19:30:43.010
1771288243059,1.0,2026-02-16 19:30:43.059
1771288243108,2.0,2026-02-16 19:30:43.108
1771288243161,8.0,2026-02-16 19:30:43.161
1771288243211,1.0,2026-02-16 19:30:43.211
1771288243260,0.0,2026-02-16 19:30:43.260
1771288243309,0.0,2026-02-16 19:30:43.309
1771288243362,4.0,2026-02-16 19:30:43.362
1771288243411,2.0,2026-02-16 19:30:43.411
1771288243461,0.0,2026-02-16 19:30:43.461
1771288243510,1.0,2026-02-16 19:30:43.510
1771288243563,4.0,2026-02-16 19:30:43.563
1771288243612,3.0,2026-02-16 19:30:43.612
1771288243661,0.0,2026-02-16 19:30:43.661
1771288243714,0.0,2026-02-16 19:30:43.714
1771288243764,5.0,2026-02-16 19:30:43.764
1771288243813,4.0,2026-02-16 19:30:43.813
1771288243862,0.0,2026-02-16 19:30:43.862
1771288243915,1.0,2026-02-16 19:30:43.915
1771288243964,4.0,2026-02-16 19:30:43.964
1771288244014,2.0,2026-02-16 19:30:44.014
1771288244063,0.0,2026-02-16 19:30:44.063
1771288244116,0.0,2026-02-16 19:30:44.116
1771288244165,2.0,2026-02-16 19:30:44.165
1771288244214,5.0,2026-02-16 19:30:44.214
1771288244263,0.0,2026-02-16 19:30:44.263
1771288244316,3.0,2026-02-16 19:30:44.316
1771288244366,3.0,2026-02-16 19:30:44.366
1771288244415,3.0,2026-02-16 19:30:44.415
1771288244464,0.0,2026-02-16 19:30:44.464
1771288244517,1.0,2026-02-16 19:30:44.517
1771288244566,4.0,2026-02-16 19:30:44.566
1771288244616,2.0,2026-02-16 19:30:44.616
1771288244665,0.0,2026-02-16 19:30:44.665
1771288244718,0.0,2026-02-16 19:30:44.718
1771288244767,0.0,2026-02-16 19:30:44.767
1771288244816,1.0,2026-02-16 19:30:44.816
1771288244865,2.0,2026-02-16 19:30:44.865
1771288244919,2.0,2026-02-16 19:30:44.919
1771288244968,3.0,2026-02-16 19:30:44.968
1771288245017,0.0,2026-02-16 19:30:45.017
1771288245066,0.0,2026-02-16 19:30:45.066
1771288245119,1.0,2026-02-16 19:30:45.119
1771288245168,2.0,2026-02-16 19:30:45.168
1771288245218,0.0,2026-02-16 19:30:45.218
1771288245271,0.0,2026-02-16 19:30:45.271
1771288245320,2.0,2026-02-16 19:30:45.320
1771288245369,2.0,2026-02-16 19:30:45.369
1771288245418,1.0,2026-02-16 19:30:45.418
1771288245472,0.0,2026-02-16 19:30:45.472
1771288245521,2.0,2026-02-16 19:30:45.521
1771288245570,1.0,2026-02-16 19:30:45.570
1771288245619,0.0,2026-02-16 19:30:45.619
1771288245672,1.0,2026-02-16 19:30:45.672
1771288245721,5.0,2026-02-16 19:30:45.721
1771288245771,5.0,2026-02-16 19:30:45.771
1771288245820,0.0,2026-02-16 19:30:45.820
1771288245873,0.0,2026-02-16 19:30:45.873
1771288245922,3.0,2026-02-16 19:30:45.922
1771288245971,3.0,2026-02-16 19:30:45.971
1771288246020,0.0,2026-02-16 19:30:46.020
1771288246074,2.0,2026-02-16 19:30:46.074
1771288246123,3.0,2026-02-16 19:30:46.123
1771288246172,2.0,2026-02-16 19:30:46.172
1771288246221,0.0,2026-02-16 19:30:46.221
1771288246274,2.0,2026-02-16 19:30:46.274
1771288246323,1.0,2026-02-16 19:30:46.323
1771288246373,0.0,2026-02-16 19:30:46.373
1771288246422,1.0,2026-02-16 19:30:46.422
1771288246475,4.0,2026-02-16 19:30:46.475
1771288246524,0.0,2026-02-16 19:30:46.524
1771288246573,0.0,2026-02-16 19:30:46.573
1771288246622,3.0,2026-02-16 19:30:46.622
1771288246676,1.0,2026-02-16 19:30:46.676
1771288246725,0.0,2026-02-16 19:30:46.725
1771288246774,0.0,2026-02-16 19:30:46.774
1771288246827,2.0,2026-02-16 19:30:46.827
1771288246876,5.0,2026-02-16 19:30:46.876
1771288246926,0.0,2026-02-16 19:30:46.926
1771288246975,0.0,2026-02-16 19:30:46.975
1771288247028,4.0,2026-02-16 19:30:47.028
1771288247077,2.0,2026-02-16 19:30:47.077
1771288247126,0.0,2026-02-16 19:30:47.126
1771288247176,2.0,2026-02-16 19:30:47.176
1771288247229,2.0,2026-02-16 19:30:47.229
1771288247278,0.0,2026-02-16 19:30:47.278
1771288247327,3.0,2026-02-16 19:30:47.327
1771288247376,4.0,2026-02-16 19:30:47.376
1771288247429,2.0,2026-02-16 19:30:47.429
1771288247478,0.0,2026-02-16 19:30:47.478
1771288247528,2.0,2026-02-16 19:30:47.528
1771288247577,2.0,2026-02-16 19:30:47.577
1771288247630,0.0,2026-02-16 19:30:47.630
1771288247679,3.0,2026-02-16 19:30:47.679
1771288247728,4.0,2026-02-16 19:30:47.728
1771288247778,3.0,2026-02-16 19:30:47.778
1771288247831,0.0,2026-02-16 19:30:47.831
1771288247880,0.0,2026-02-16 19:30:47.880
1771288247929,2.0,2026-02-16 19:30:47.929
1771288247978,1.0,2026-02-16 19:30:47.978
1771288248031,0.0,2026-02-16 19:30:48.031
1771288248081,3.0,2026-02-16 19:30:48.081
1771288248130,3.0,2026-02-16 19:30:48.130
1771288248182,0.0,2026-02-16 19:30:48.182
1771288248232,2.0,2026-02-16 19:30:48.232
1771288248281,4.0,2026-02-16 19:30:48.281
1771288248331,0.0,2026-02-16 19:30:48.331
1771288248384,0.0,2026-02-16 19:30:48.384
1771288248433,2.0,2026-02-16 19:30:48.433
1771288248482,1.0,2026-02-16 19:30:48.482
1771288248531,0.0,2026-02-16 19:30:48.531
1771288248585,2.0,2026-02-16 19:30:48.585
1771288248634,4.0,2026-02-16 19:30:48.634
1771288248683,1.0,2026-02-16 19:30:48.683
1771288248732,0.0,2026-02-16 19:30:48.732
1771288248785,1.0,2026-02-16 19:30:48.785
1771288248834,0.0,2026-02-16 19:30:48.834
1771288248884,0.0,2026-02-16 19:30:48.884
1771288248933,3.0,2026-02-16 19:30:48.933
1771288248986,4.0,2026-02-16 19:30:48.986
1771288249035,0.0,2026-02-16 19:30:49.035
1771288249085,0.0,2026-02-16 19:30:49.085
1771288249133,3.0,2026-02-16 19:30:49.133
1771288249186,1.0,2026-02-16 19:30:49.186
1771288249236,0.0,2026-02-16 19:30:49.236
1771288249285,3.0,2026-02-16 19:30:49.285
1771288249334,2.0,2026-02-16 19:30:49.334
1771288249387,1.0,2026-02-16 19:30:49.387
1771288249436,2.0,2026-02-16 19:30:49.436
1771288249486,3.0,2026-02-16 19:30:49.486
1771288249535,0.0,2026-02-16 19:30:49.535
1771288249588,2.0,2026-02-16 19:30:49.588
1771288249637,5.0,2026-02-16 19:30:49.637
1771288249686,1.0,2026-02-16 19:30:49.686
1771288249735,0.0,2026-02-16 19:30:49.735
1771288249789,1.0,2026-02-16 19:30:49.789
1771288249838,2.0,2026-02-16 19:30:49.838
1771288249887,0.0,2026-02-16 19:30:49.887
1771288249940,2.0,2026-02-16 19:30:49.940
1771288249990,3.0,2026-02-16 19:30:49.990
1771288250039,0.0,2026-02-16 19:30:50.039
1771288250088,1.0,2026-02-16 19:30:50.088
1771288250141,2.0,2026-02-16 19:30:50.141
1771288250190,0.0,2026-02-16 19:30:50.190
1771288250239,0.0,2026-02-16 19:30:50.239
1771288250289,3.0,2026-02-16 19:30:50.289
1771288250341,1.0,2026-02-16 19:30:50.341
1771288250391,1.0,2026-02-16 19:30:50.391
1771288250440,3.0,2026-02-16 19:30:50.440
1771288250489,5.0,2026-02-16 19:30:50.489
1771288250542,0.0,2026-02-16 19:30:50.542
1771288250592,2.0,2026-02-16 19:30:50.592
1771288250641,4.0,2026-02-16 19:30:50.641
1771288250690,0.0,2026-02-16 19:30:50.690
1771288250743,1.0,2026-02-16 19:30:50.743
1771288250792,4.0,2026-02-16 19:30:50.792
1771288250841,1.0,2026-02-16 19:30:50.841
1771288250890,0.0,2026-02-16 19:30:50.890
1771288250944,3.0,2026-02-16 19:30:50.944
1771288250993,2.0,2026-02-16 19:30:50.993
1771288251042,1.0,2026-02-16 19:30:51.042
1771288251091,4.0,2026-02-16 19:30:51.091
1771288251144,3.0,2026-02-16 19:30:51.144
1771288251193,0.0,2026-02-16 19:30:51.193
1771288251243,2.0,2026-02-16 19:30:51.243
1771288251292,2.0,2026-02-16 19:30:51.292
1771288251345,1.0,2026-02-16 19:30:51.345
1771288251394,1.0,2026-02-16 19:30:51.394
1771288251443,5.0,2026-02-16 19:30:51.443
1771288251496,2.0,2026-02-16 19:30:51.496
1771288251546,1.0,2026-02-16 19:30:51.546
1771288251595,3.0,2026-02-16 19:30:51.595
1771288251644,0.0,2026-02-16 19:30:51.644
1771288251697,0.0,2026-02-16 19:30:51.697
1771288251746,0.0,2026-02-16 19:30:51.746
1771288251796,3.0,2026-02-16 19:30:51.796
1771288251845,2.0,2026-02-16 19:30:51.845
1771288251898,3.0,2026-02-16 19:30:51.898
1771288251947,3.0,2026-02-16 19:30:51.947
1771288251996,0.0,2026-02-16 19:30:51.996
1771288252045,2.0,2026-02-16 19:30:52.045
1771288252099,5.0,2026-02-16 19:30:52.099
1771288252148,0.0,2026-02-16 19:30:52.148
1771288252197,0.0,2026-02-16 19:30:52.197
1771288252246,3.0,2026-02-16 19:30:52.246
1771288252299,2.0,2026-02-16 19:30:52.299
1771288252348,0.0,2026-02-16 19:30:52.348
1771288252398,2.0,2026-02-16 19:30:52.398
1771288252447,0.0,2026-02-16 19:30:52.447
1771288252500,4.0,2026-02-16 19:30:52.500
1771288252549,6.0,2026-02-16 19:30:52.549
1771288252598,4.0,2026-02-16 19:30:52.598
1771288252648,0.0,2026-02-16 19:30:52.648
1771288252701,1.0,2026-02-16 19:30:52.701
1771288252750,2.0,2026-02-16 19:30:52.750
1771288252799,0.0,2026-02-16 19:30:52.799
1771288252852,1.0,2026-02-16 19:30:52.852
1771288252901,0.0,2026-02-16 19:30:52.901
1771288252951,2.0,2026-02-16 19:30:52.951
1771288253000,3.0,2026-02-16 19:30:53.000
1771288253053,4.0,2026-02-16 19:30:53.053
1771288253102,1.0,2026-02-16 19:30:53.102
1771288253151,3.0,2026-02-16 19:30:53.151
1771288253200,1.0,2026-02-16 19:30:53.200
1771288253254,0.0,2026-02-16 19:30:53.254
1771288253303,0.0,2026-02-16 19:30:53.303
1771288253352,2.0,2026-02-16 19:30:53.352
1771288253401,0.0,2026-02-16 19:30:53.401
1771288253454,1.0,2026-02-16 19:30:53.454
1771288253503,3.0,2026-02-16 19:30:53.503
1771288253553,2.0,2026-02-16 19:30:53.553
1771288253602,2.0,2026-02-16 19:30:53.602
1771288253655,3.0,2026-02-16 19:30:53.655
1771288253704,0.0,2026-02-16 19:30:53.704
1771288253753,1.0,2026-02-16 19:30:53.753
1771288253803,5.0,2026-02-16 19:30:53.803
1771288253856,2.0,2026-02-16 19:30:53.856
1771288253905,1.0,2026-02-16 19:30:53.905
1771288253954,2.0,2026-02-16 19:30:53.954
1771288254003,1.0,2026-02-16 19:30:54.003
1771288254057,1.0,2026-02-16 19:30:54.057
1771288254106,3.0,2026-02-16 19:30:54.106
1771288254155,0.0,2026-02-16 19:30:54.155
1771288254204,0.0,2026-02-16 19:30:54.204
1771288254257,3.0,2026-02-16 19:30:54.257
1771288254306,1.0,2026-02-16 19:30:54.306
1771288254356,1.0,2026-02-16 19:30:54.356
1771288254409,4.0,2026-02-16 19:30:54.409
1771288254458,1.0,2026-02-16 19:30:54.458
1771288254507,0.0,2026-02-16 19:30:54.507
1771288254556,3.0,2026-02-16 19:30:54.556
1771288254609,1.0,2026-02-16 19:30:54.609
1771288254659,0.0,2026-02-16 19:30:54.659
1771288254708,3.0,2026-02-16 19:30:54.708
1771288254757,1.0,2026-02-16 19:30:54.757
1771288254810,2.0,2026-02-16 19:30:54.810
1771288254859,6.0,2026-02-16 19:30:54.859
1771288254908,2.0,2026-02-16 19:30:54.908
1771288254958,1.0,2026-02-16 19:30:54.958
1771288255011,3.0,2026-02-16 19:30:55.011
1771288255060,0.0,2026-02-16 19:30:55.060
1771288255109,0.0,2026-02-16 19:30:55.109
1771288255158,2.0,2026-02-16 19:30:55.158
1771288255211,0.0,2026-02-16 19:30:55.211
1771288255261,0.0,2026-02-16 19:30:55.261
1771288255310,4.0,2026-02-16 19:30:55.310
1771288255359,2.0,2026-02-16 19:30:55.359
1771288255412,3.0,2026-02-16 19:30:55.412
1771288255461,7.0,2026-02-16 19:30:55.461
1771288255511,0.0,2026-02-16 19:30:55.511
1771288255560,2.0,2026-02-16 19:30:55.560
1771288255613,3.0,2026-02-16 19:30:55.613
1771288255662,0.0,2026-02-16 19:30:55.662
1771288255712,0.0,2026-02-16 19:30:55.712
1771288255761,2.0,2026-02-16 19:30:55.761
1771288255814,0.0,2026-02-16 19:30:55.814
1771288255863,2.0,2026-02-16 19:30:55.863
1771288255912,3.0,2026-02-16 19:30:55.912
1771288255965,0.0,2026-02-16 19:30:55.965
1771288256014,4.0,2026-02-16 19:30:56.014
1771288256064,1.0,2026-02-16 19:30:56.064
1771288256113,0.0,2026-02-16 19:30:56.113
1771288256166,4.0,2026-02-16 19:30:56.166
1771288256215,1.0,2026-02-16 19:30:56.215
1771288256264,0.0,2026-02-16 19:30:56.264
1771288256313,0.0,2026-02-16 19:30:56.313
1771288256366,7.0,2026-02-16 19:30:56.366
1771288256416,1.0,2026-02-16 19:30:56.416
1771288256465,4.0,2026-02-16 19:30:56.465
1771288256514,0.0,2026-02-16 19:30:56.514
1771288256567,1.0,2026-02-16 19:30:56.567
1771288256616,2.0,2026-02-16 19:30:56.616
1771288256666,0.0,2026-02-16 19:30:56.666
1771288256715,3.0,2026-02-16 19:30:56.715
1771288256768,4.0,2026-02-16 19:30:56.768
1771288256817,0.0,2026-02-16 19:30:56.817
1771288256866,2.0,2026-02-16 19:30:56.866
1771288256915,3.0,2026-02-16 19:30:56.915
1771288256969,0.0,2026-02-16 19:30:56.969
1771288257018,4.0,2026-02-16 19:30:57.018
1771288257067,6.0,2026-02-16 19:30:57.067
1771288257116,0.0,2026-02-16 19:30:57.116
1771288257169,3.0,2026-02-16 19:30:57.169
1771288257218,2.0,2026-02-16 19:30:57.218
1771288257268,0.0,2026-02-16 19:30:57.268
1771288257317,3.0,2026-02-16 19:30:57.317
1771288257370,0.0,2026-02-16 19:30:57.370
1771288257419,0.0,2026-02-16 19:30:57.419
1771288257468,3.0,2026-02-16 19:30:57.468
1771288257522,0.0,2026-02-16 19:30:57.522
1771288257571,2.0,2026-02-16 19:30:57.571
1771288257620,3.0,2026-02-16 19:30:57.620
1771288257669,0.0,2026-02-16 19:30:57.669
1771288257722,3.0,2026-02-16 19:30:57.722
1771288257771,3.0,2026-02-16 19:30:57.771
1771288257821,1.0,2026-02-16 19:30:57.821
1771288257870,4.0,2026-02-16 19:30:57.870
1771288257923,0.0,2026-02-16 19:30:57.923
1771288257972,0.0,2026-02-16 19:30:57.972
1771288258021,2.0,2026-02-16 19:30:58.021
1771288258070,0.0,2026-02-16 19:30:58.070
1771288258124,2.0,2026-02-16 19:30:58.124
1771288258173,2.0,2026-02-16 19:30:58.173
1771288258222,0.0,2026-02-16 19:30:58.222
1771288258271,3.0,2026-02-16 19:30:58.271
1771288258324,0.0,2026-02-16 19:30:58.324
1771288258373,2.0,2026-02-16 19:30:58.373
1771288258423,5.0,2026-02-16 19:30:58.423
1771288258472,2.0,2026-02-16 19:30:58.472
1771288258525,1.0,2026-02-16 19:30:58.525
1771288258574,4.0,2026-02-16 19:30:58.574
1771288258623,2.0,2026-02-16 19:30:58.623
1771288258673,3.0,2026-02-16 19:30:58.673
1771288258726,2.0,2026-02-16 19:30:58.726
1771288258775,0.0,2026-02-16 19:30:58.775
1771288258824,1.0,2026-02-16 19:30:58.824
1771288258873,3.0,2026-02-16 19:30:58.873
1771288258926,0.0,2026-02-16 19:30:58.926
1771288258976,3.0,2026-02-16 19:30:58.976
1771288259025,0.0,2026-02-16 19:30:59.025
1771288259078,2.0,2026-02-16 19:30:59.078
1771288259127,4.0,2026-02-16 19:30:59.127
1771288259176,0.0,2026-02-16 19:30:59.176
1771288259226,4.0,2026-02-16 19:30:59.226
1771288259279,3.0,2026-02-16 19:30:59.279
1771288259328,1.0,2026-02-16 19:30:59.328
1771288259377,6.0,2026-02-16 19:30:59.377
1771288259426,0.0,2026-02-16 19:30:59.426
1771288259479,3.0,2026-02-16 19:30:59.479
1771288259529,3.0,2026-02-16 19:30:59.529
1771288259578,1.0,2026-02-16 19:30:59.578
1771288259627,1.0,2026-02-16 19:30:59.627
1771288259680,0.0,2026-02-16 19:30:59.680
1771288259729,0.0,2026-02-16 19:30:59.729
1771288259778,2.0,2026-02-16 19:30:59.778
1771288259828,0.0,2026-02-16 19:30:59.828
1771288259881,1.0,2026-02-16 19:30:59.881
1771288259930,2.0,2026-02-16 19:30:59.930
1771288259979,1.0,2026-02-16 19:30:59.979
1771288260028,3.0,2026-02-16 19:31:00.028
1771288260081,2.0,2026-02-16 19:31:00.081
1771288260131,2.0,2026-02-16 19:31:00.131
1771288260180,4.0,2026-02-16 19:31:00.180
1771288260229,0.0,2026-02-16 19:31:00.229
1771288260283,2.0,2026-02-16 19:31:00.283
1771288260331,3.0,2026-02-16 19:31:00.331
1771288260380,1.0,2026-02-16 19:31:00.380
1771288260434,5.0,2026-02-16 19:31:00.434
1771288260483,0.0,2026-02-16 19:31:00.483
1771288260532,1.0,2026-02-16 19:31:00.532
1771288260581,2.0,2026-02-16 19:31:00.581
1771288260634,0.0,2026-02-16 19:31:00.634
1771288260684,4.0,2026-02-16 19:31:00.684
1771288260733,1.0,2026-02-16 19:31:00.733
1771288260782,0.0,2026-02-16 19:31:00.782
1771288260835,1.0,2026-02-16 19:31:00.835
1771288260884,0.0,2026-02-16 19:31:00.884
1771288260933,1.0,2026-02-16 19:31:00.933
1771288260983,3.0,2026-02-16 19:31:00.983
1771288261036,0.0,2026-02-16 19:31:01.036
1771288261085,2.0,2026-02-16 19:31:01.085
1771288261134,0.0,2026-02-16 19:31:01.134
1771288261183,2.0,2026-02-16 19:31:01.183
1771288261236,5.0,2026-02-16 19:31:01.236
1771288261286,2.0,2026-02-16 19:31:01.286
1771288261335,4.0,2026-02-16 19:31:01.335
1771288261384,1.0,2026-02-16 19:31:01.384
1771288261437,2.0,2026-02-16 19:31:01.437
1771288261486,4.0,2026-02-16 19:31:01.486
1771288261535,1.0,2026-02-16 19:31:01.535
1771288261585,4.0,2026-02-16 19:31:01.585
1771288261638,2.0,2026-02-16 19:31:01.638
1771288261687,2.0,2026-02-16 19:31:01.687
1771288261736,2.0,2026-02-16 19:31:01.736
1771288261785,0.0,2026-02-16 19:31:01.785
1771288261839,4.0,2026-02-16 19:31:01.839
1771288261888,1.0,2026-02-16 19:31:01.888
1771288261937,1.0,2026-02-16 19:31:01.937
1771288261990,2.0,2026-02-16 19:31:01.990
1771288262039,0.0,2026-02-16 19:31:02.039
1771288262089,2.0,2026-02-16 19:31:02.089
1771288262138,1.0,2026-02-16 19:31:02.138
1771288262191,1.0,2026-02-16 19:31:02.191
1771288262240,4.0,2026-02-16 19:31:02.240
1771288262289,0.0,2026-02-16 19:31:02.289
1771288262338,2.0,2026-02-16 19:31:02.338
1771288262392,0.0,2026-02-16 19:31:02.392
1771288262441,2.0,2026-02-16 19:31:02.441
1771288262490,2.0,2026-02-16 19:31:02.490
1771288262539,0.0,2026-02-16 19:31:02.539
1771288262592,3.0,2026-02-16 19:31:02.592
1771288262641,3.0,2026-02-16 19:31:02.641
1771288262691,1.0,2026-02-16 19:31:02.691
1771288262740,5.0,2026-02-16 19:31:02.740
1771288262793,0.0,2026-02-16 19:31:02.793
1771288262842,3.0,2026-02-16 19:31:02.842
1771288262891,1.0,2026-02-16 19:31:02.891
1771288262940,2.0,2026-02-16 19:31:02.940
1771288262994,1.0,2026-02-16 19:31:02.994
1771288263043,0.0,2026-02-16 19:31:03.043
1771288263092,4.0,2026-02-16 19:31:03.092
1771288263141,0.0,2026-02-16 19:31:03.141
1771288263194,2.0,2026-02-16 19:31:03.194
1771288263243,2.0,2026-02-16 19:31:03.243
1771288263293,0.0,2026-02-16 19:31:03.293
1771288263342,3.0,2026-02-16 19:31:03.342
1771288263395,0.0,2026-02-16 19:31:03.395
1771288263444,2.0,2026-02-16 19:31:03.444
1771288263494,1.0,2026-02-16 19:31:03.494
1771288263547,2.0,2026-02-16 19:31:03.547
1771288263596,3.0,2026-02-16 19:31:03.596
1771288263645,1.0,2026-02-16 19:31:03.645
1771288263694,4.0,2026-02-16 19:31:03.694
1771288263747,1.0,2026-02-16 19:31:03.747
1771288263796,3.0,2026-02-16 19:31:03.796
1771288263846,3.0,2026-02-16 19:31:03.846
1771288263895,0.0,2026-02-16 19:31:03.895
1771288263948,4.0,2026-02-16 19:31:03.948
1771288263997,2.0,2026-02-16 19:31:03.997
1771288264046,5.0,2026-02-16 19:31:04.046
1771288264096,3.0,2026-02-16 19:31:04.096
1771288264149,2.0,2026-02-16 19:31:04.149
1771288264198,5.0,2026-02-16 19:31:04.198
1771288264247,1.0,2026-02-16 19:31:04.247
1771288264296,4.0,2026-02-16 19:31:04.296
1771288264349,1.0,2026-02-16 19:31:04.349
1771288264398,5.0,2026-02-16 19:31:04.398
1771288264448,3.0,2026-02-16 19:31:04.448
1771288264497,0.0,2026-02-16 19:31:04.497
1771288264550,4.0,2026-02-16 19:31:04.550
1771288264599,1.0,2026-02-16 19:31:04.599
1771288264649,4.0,2026-02-16 19:31:04.649
1771288264698,1.0,2026-02-16 19:31:04.698
1771288264751,3.0,2026-02-16 19:31:04.751
1771288264800,2.0,2026-02-16 19:31:04.800
1771288264850,1.0,2026-02-16 19:31:04.850
1771288264898,2.0,2026-02-16 19:31:04.898
1771288264951,0.0,2026-02-16 19:31:04.951
1771288265001,3.0,2026-02-16 19:31:05.001
1771288265050,1.0,2026-02-16 19:31:05.050
1771288265103,2.0,2026-02-16 19:31:05.103
1771288265152,2.0,2026-02-16 19:31:05.152
1771288265201,0.0,2026-02-16 19:31:05.201
1771288265251,2.0,2026-02-16 19:31:05.251
1771288265304,0.0,2026-02-16 19:31:05.304
1771288265353,4.0,2026-02-16 19:31:05.353
1771288265402,1.0,2026-02-16 19:31:05.402
1771288265451,3.0,2026-02-16 19:31:05.451
1771288265504,2.0,2026-02-16 19:31:05.504
1771288265554,0.0,2026-02-16 19:31:05.554
1771288265603,4.0,2026-02-16 19:31:05.603
1771288265652,0.0,2026-02-16 19:31:05.652
1771288265705,5.0,2026-02-16 19:31:05.705
1771288265754,2.0,2026-02-16 19:31:05.754
1771288265803,2.0,2026-02-16 19:31:05.803
1771288265853,2.0,2026-02-16 19:31:05.853
1771288265906,0.0,2026-02-16 19:31:05.906
1771288265955,4.0,2026-02-16 19:31:05.955
1771288266004,1.0,2026-02-16 19:31:06.004
1771288266053,5.0,2026-02-16 19:31:06.053
1771288266106,1.0,2026-02-16 19:31:06.106
1771288266156,4.0,2026-02-16 19:31:06.156
1771288266205,1.0,2026-02-16 19:31:06.205
1771288266254,1.0,2026-02-16 19:31:06.254
1771288266307,3.0,2026-02-16 19:31:06.307
1771288266356,2.0,2026-02-16 19:31:06.356
1771288266406,5.0,2026-02-16 19:31:06.406
1771288266459,2.0,2026-02-16 19:31:06.459
1771288266512,3.0,2026-02-16 19:31:06.512
1771288266557,1.0,2026-02-16 19:31:06.557
1771288266606,0.0,2026-02-16 19:31:06.606
1771288266659,1.0,2026-02-16 19:31:06.659
1771288266709,1.0,2026-02-16 19:31:06.709
1771288266758,4.0,2026-02-16 19:31:06.758
1771288266807,2.0,2026-02-16 19:31:06.807
1771288266860,4.0,2026-02-16 19:31:06.860
1771288266909,0.0,2026-02-16 19:31:06.909
1771288266959,2.0,2026-02-16 19:31:06.959
1771288267008,1.0,2026-02-16 19:31:07.008
1771288267061,1.0,2026-02-16 19:31:07.061
1771288267110,3.0,2026-02-16 19:31:07.110
1771288267161,0.0,2026-02-16 19:31:07.161
1771288267209,4.0,2026-02-16 19:31:07.209
1771288267263,0.0,2026-02-16 19:31:07.263
1771288267311,3.0,2026-02-16 19:31:07.311
1771288267360,0.0,2026-02-16 19:31:07.360
1771288267410,5.0,2026-02-16 19:31:07.410
1771288267462,3.0,2026-02-16 19:31:07.462
1771288267512,2.0,2026-02-16 19:31:07.512
1771288267561,3.0,2026-02-16 19:31:07.561
1771288267610,1.0,2026-02-16 19:31:07.610
1771288267663,3.0,2026-02-16 19:31:07.663
1771288267717,1.0,2026-02-16 19:31:07.717
1771288267763,5.0,2026-02-16 19:31:07.763
1771288267810,2.0,2026-02-16 19:31:07.810
1771288267864,4.0,2026-02-16 19:31:07.864
1771288267913,2.0,2026-02-16 19:31:07.913
1771288267962,1.0,2026-02-16 19:31:07.962
1771288268015,2.0,2026-02-16 19:31:08.015
1771288268067,1.0,2026-02-16 19:31:08.067
1771288268114,3.0,2026-02-16 19:31:08.114
1771288268163,1.0,2026-02-16 19:31:08.163
1771288268216,4.0,2026-02-16 19:31:08.216
1771288268265,2.0,2026-02-16 19:31:08.265
1771288268314,1.0,2026-02-16 19:31:08.314
1771288268363,1.0,2026-02-16 19:31:08.363
1771288268417,1.0,2026-02-16 19:31:08.417
1771288268466,5.0,2026-02-16 19:31:08.466
1771288268515,1.0,2026-02-16 19:31:08.515
1771288268564,4.0,2026-02-16 19:31:08.564
1771288268617,0.0,2026-02-16 19:31:08.617
1771288268666,3.0,2026-02-16 19:31:08.666
1771288268716,0.0,2026-02-16 19:31:08.716
1771288268765,0.0,2026-02-16 19:31:08.765
1771288268818,1.0,2026-02-16 19:31:08.818
1771288268867,0.0,2026-02-16 19:31:08.867
1771288268917,1.0,2026-02-16 19:31:08.917
1771288268966,0.0,2026-02-16 19:31:08.966
1771288269019,3.0,2026-02-16 19:31:09.019
1771288269068,0.0,2026-02-16 19:31:09.068
1771288269117,2.0,2026-02-16 19:31:09.117
1771288269166,0.0,2026-02-16 19:31:09.166
1771288269219,1.0,2026-02-16 19:31:09.219
1771288269268,2.0,2026-02-16 19:31:09.268
1771288269318,0.0,2026-02-16 19:31:09.318
1771288269367,1.0,2026-02-16 19:31:09.367
1771288269420,0.0,2026-02-16 19:31:09.420
1771288269469,3.0,2026-02-16 19:31:09.469
1771288269519,0.0,2026-02-16 19:31:09.519
1771288269572,4.0,2026-02-16 19:31:09.572
1771288269621,1.0,2026-02-16 19:31:09.621
1771288269670,3.0,2026-02-16 19:31:09.670
1771288269719,0.0,2026-02-16 19:31:09.719
1771288269772,2.0,2026-02-16 19:31:09.772
1771288269821,1.0,2026-02-16 19:31:09.821
1771288269874,2.0,2026-02-16 19:31:09.874
1771288269920,3.0,2026-02-16 19:31:09.920
1771288269973,0.0,2026-02-16 19:31:09.973
1771288270022,4.0,2026-02-16 19:31:10.022
1771288270072,1.0,2026-02-16 19:31:10.072
1771288270121,4.0,2026-02-16 19:31:10.121
1771288270174,0.0,2026-02-16 19:31:10.174
1771288270223,1.0,2026-02-16 19:31:10.223
1771288270272,1.0,2026-02-16 19:31:10.272
1771288270321,1.0,2026-02-16 19:31:10.321
1771288270374,1.0,2026-02-16 19:31:10.374
1771288270424,0.0,2026-02-16 19:31:10.424
1771288270473,1.0,2026-02-16 19:31:10.473
1771288270522,0.0,2026-02-16 19:31:10.522
1771288270575,1.0,2026-02-16 19:31:10.575
1771288270624,0.0,2026-02-16 19:31:10.624
1771288270673,2.0,2026-02-16 19:31:10.673
1771288270723,1.0,2026-02-16 19:31:10.723
1771288270776,3.0,2026-02-16 19:31:10.776
1771288270825,0.0,2026-02-16 19:31:10.825
1771288270874,3.0,2026-02-16 19:31:10.874
1771288270923,0.0,2026-02-16 19:31:10.923
1771288270977,0.0,2026-02-16 19:31:10.977
1771288271026,5.0,2026-02-16 19:31:11.026
1771288271080,3.0,2026-02-16 19:31:11.080
1771288271129,3.0,2026-02-16 19:31:11.129
1771288271178,0.0,2026-02-16 19:31:11.178
1771288271226,2.0,2026-02-16 19:31:11.226
1771288271277,0.0,2026-02-16 19:31:11.277
1771288271329,4.0,2026-02-16 19:31:11.329
1771288271378,0.0,2026-02-16 19:31:11.378
1771288271427,2.0,2026-02-16 19:31:11.427
1771288271477,1.0,2026-02-16 19:31:11.477
1771288271529,1.0,2026-02-16 19:31:11.529
1771288271579,0.0,2026-02-16 19:31:11.579
1771288271628,2.0,2026-02-16 19:31:11.628
1771288271677,0.0,2026-02-16 19:31:11.677
1771288271730,1.0,2026-02-16 19:31:11.730
1771288271779,2.0,2026-02-16 19:31:11.779
1771288271828,2.0,2026-02-16 19:31:11.828
1771288271878,3.0,2026-02-16 19:31:11.878
1771288271931,3.0,2026-02-16 19:31:11.931
1771288271980,2.0,2026-02-16 19:31:11.980
1771288272029,1.0,2026-02-16 19:31:12.029
1771288272078,2.0,2026-02-16 19:31:12.078
1771288272131,0.0,2026-02-16 19:31:12.131
1771288272181,3.0,2026-02-16 19:31:12.181
1771288272230,2.0,2026-02-16 19:31:12.230
1771288272279,1.0,2026-02-16 19:31:12.279
1771288272332,0.0,2026-02-16 19:31:12.332
1771288272381,3.0,2026-02-16 19:31:12.381
1771288272430,0.0,2026-02-16 19:31:12.430
1771288272480,2.0,2026-02-16 19:31:12.480
1771288272533,0.0,2026-02-16 19:31:12.533
1771288272584,3.0,2026-02-16 19:31:12.584
1771288272631,2.0,2026-02-16 19:31:12.631
1771288272684,5.0,2026-02-16 19:31:12.684
1771288272734,3.0,2026-02-16 19:31:12.734
1771288272783,3.0,2026-02-16 19:31:12.783
1771288272832,2.0,2026-02-16 19:31:12.832
1771288272885,1.0,2026-02-16 19:31:12.885
1771288272934,3.0,2026-02-16 19:31:12.934
1771288272984,0.0,2026-02-16 19:31:12.984
1771288273037,1.0,2026-02-16 19:31:13.037
1771288273086,1.0,2026-02-16 19:31:13.086
1771288273139,4.0,2026-02-16 19:31:13.139
1771288273184,0.0,2026-02-16 19:31:13.184
1771288273234,4.0,2026-02-16 19:31:13.234
1771288273286,0.0,2026-02-16 19:31:13.286
1771288273336,5.0,2026-02-16 19:31:13.336
1771288273385,1.0,2026-02-16 19:31:13.385
1771288273434,5.0,2026-02-16 19:31:13.434
1771288273487,1.0,2026-02-16 19:31:13.487
1771288273540,4.0,2026-02-16 19:31:13.540
1771288273586,0.0,2026-02-16 19:31:13.586
1771288273636,5.0,2026-02-16 19:31:13.636
1771288273689,0.0,2026-02-16 19:31:13.689
1771288273737,4.0,2026-02-16 19:31:13.737
1771288273786,2.0,2026-02-16 19:31:13.786
1771288273836,3.0,2026-02-16 19:31:13.836
1771288273889,2.0,2026-02-16 19:31:13.889
1771288273938,2.0,2026-02-16 19:31:13.938
1771288273988,0.0,2026-02-16 19:31:13.988
1771288274040,2.0,2026-02-16 19:31:14.040
1771288274090,0.0,2026-02-16 19:31:14.090
1771288274139,2.0,2026-02-16 19:31:14.139
1771288274188,2.0,2026-02-16 19:31:14.188
1771288274241,4.0,2026-02-16 19:31:14.241
1771288274290,2.0,2026-02-16 19:31:14.290
1771288274341,2.0,2026-02-16 19:31:14.341
1771288274388,1.0,2026-02-16 19:31:14.388
1771288274442,0.0,2026-02-16 19:31:14.442
1771288274491,0.0,2026-02-16 19:31:14.491
1771288274540,0.0,2026-02-16 19:31:14.540
1771288274589,1.0,2026-02-16 19:31:14.589
1771288274642,1.0,2026-02-16 19:31:14.642
1771288274691,2.0,2026-02-16 19:31:14.691
1771288274741,1.0,2026-02-16 19:31:14.741
1771288274790,3.0,2026-02-16 19:31:14.790
1771288274843,1.0,2026-02-16 19:31:14.843
1771288274892,1.0,2026-02-16 19:31:14.892
1771288274941,1.0,2026-02-16 19:31:14.941
1771288274990,3.0,2026-02-16 19:31:14.990
1771288275044,0.0,2026-02-16 19:31:15.044
1771288275093,2.0,2026-02-16 19:31:15.093
1771288275142,1.0,2026-02-16 19:31:15.142
1771288275193,3.0,2026-02-16 19:31:15.193
1771288275246,2.0,2026-02-16 19:31:15.246
1771288275296,3.0,2026-02-16 19:31:15.296
1771288275343,0.0,2026-02-16 19:31:15.343
1771288275392,3.0,2026-02-16 19:31:15.392
1771288275445,1.0,2026-02-16 19:31:15.445
1771288275494,2.0,2026-02-16 19:31:15.494
1771288275543,2.0,2026-02-16 19:31:15.543
1771288275597,2.0,2026-02-16 19:31:15.597
1771288275646,2.0,2026-02-16 19:31:15.646
1771288275695,1.0,2026-02-16 19:31:15.695
1771288275744,1.0,2026-02-16 19:31:15.744
1771288275797,2.0,2026-02-16 19:31:15.797
1771288275848,2.0,2026-02-16 19:31:15.848
1771288275896,2.0,2026-02-16 19:31:15.896
1771288275945,2.0,2026-02-16 19:31:15.945
1771288275998,2.0,2026-02-16 19:31:15.998
1771288276047,2.0,2026-02-16 19:31:16.047
1771288276097,0.0,2026-02-16 19:31:16.097
1771288276146,2.0,2026-02-16 19:31:16.146
1771288276199,0.0,2026-02-16 19:31:16.199
1771288276248,1.0,2026-02-16 19:31:16.248
1771288276297,0.0,2026-02-16 19:31:16.297
1771288276347,4.0,2026-02-16 19:31:16.347
1771288276399,1.0,2026-02-16 19:31:16.399
1771288276449,5.0,2026-02-16 19:31:16.449
1771288276498,1.0,2026-02-16 19:31:16.498
1771288276547,3.0,2026-02-16 19:31:16.547
1771288276601,0.0,2026-02-16 19:31:16.601
1771288276649,0.0,2026-02-16 19:31:16.649
1771288276700,0.0,2026-02-16 19:31:16.700
1771288276748,3.0,2026-02-16 19:31:16.748
1771288276801,3.0,2026-02-16 19:31:16.801
1771288276850,5.0,2026-02-16 19:31:16.850
1771288276899,3.0,2026-02-16 19:31:16.899
1771288276948,5.0,2026-02-16 19:31:16.948
1771288277001,0.0,2026-02-16 19:31:17.001
1771288277051,4.0,2026-02-16 19:31:17.051
1771288277100,0.0,2026-02-16 19:31:17.100
1771288277153,2.0,2026-02-16 19:31:17.153
1771288277202,0.0,2026-02-16 19:31:17.202
1771288277252,4.0,2026-02-16 19:31:17.252
1771288277301,3.0,2026-02-16 19:31:17.301
1771288277354,5.0,2026-02-16 19:31:17.354
1771288277403,1.0,2026-02-16 19:31:17.403
1771288277452,4.0,2026-02-16 19:31:17.452
1771288277501,0.0,2026-02-16 19:31:17.501
1771288277554,0.0,2026-02-16 19:31:17.554
1771288277605,0.0,2026-02-16 19:31:17.605
1771288277653,2.0,2026-02-16 19:31:17.653
1771288277702,2.0,2026-02-16 19:31:17.702
1771288277755,3.0,2026-02-16 19:31:17.755
1771288277804,2.0,2026-02-16 19:31:17.804
1771288277853,6.0,2026-02-16 19:31:17.853
1771288277903,4.0,2026-02-16 19:31:17.903
1771288277956,1.0,2026-02-16 19:31:17.956
1771288278005,3.0,2026-02-16 19:31:18.005
1771288278054,5.0,2026-02-16 19:31:18.054
1771288278103,4.0,2026-02-16 19:31:18.103
1771288278156,0.0,2026-02-16 19:31:18.156
1771288278206,6.0,2026-02-16 19:31:18.206
1771288278255,2.0,2026-02-16 19:31:18.255
1771288278304,4.0,2026-02-16 19:31:18.304
1771288278357,0.0,2026-02-16 19:31:18.357
1771288278406,2.0,2026-02-16 19:31:18.406
1771288278456,1.0,2026-02-16 19:31:18.456
1771288278505,3.0,2026-02-16 19:31:18.505
1771288278558,1.0,2026-02-16 19:31:18.558
1771288278607,2.0,2026-02-16 19:31:18.607
1771288278656,1.0,2026-02-16 19:31:18.656
1771288278709,0.0,2026-02-16 19:31:18.709
1771288278759,0.0,2026-02-16 19:31:18.759
1771288278808,0.0,2026-02-16 19:31:18.808
1771288278857,4.0,2026-02-16 19:31:18.857
1771288278910,2.0,2026-02-16 19:31:18.910
1771288278959,5.0,2026-02-16 19:31:18.959
1771288279009,0.0,2026-02-16 19:31:19.009
1771288279058,4.0,2026-02-16 19:31:19.058
1771288279111,0.0,2026-02-16 19:31:19.111
1771288279160,3.0,2026-02-16 19:31:19.160
1771288279209,0.0,2026-02-16 19:31:19.209
1771288279259,4.0,2026-02-16 19:31:19.259
1771288279312,1.0,2026-02-16 19:31:19.312
1771288279361,6.0,2026-02-16 19:31:19.361
1771288279410,2.0,2026-02-16 19:31:19.410
1771288279459,2.0,2026-02-16 19:31:19.459
1771288279512,1.0,2026-02-16 19:31:19.512
1771288279562,0.0,2026-02-16 19:31:19.562
1771288279612,0.0,2026-02-16 19:31:19.612
1771288279661,0.0,2026-02-16 19:31:19.661
1771288279713,4.0,2026-02-16 19:31:19.713
1771288279762,1.0,2026-02-16 19:31:19.762
1771288279811,5.0,2026-02-16 19:31:19.811
1771288279860,0.0,2026-02-16 19:31:19.860
1771288279914,4.0,2026-02-16 19:31:19.914
1771288279963,0.0,2026-02-16 19:31:19.963
1771288280012,7.0,2026-02-16 19:31:20.012
1771288280065,1.0,2026-02-16 19:31:20.065
1771288280114,3.0,2026-02-16 19:31:20.114
1771288280164,2.0,2026-02-16 19:31:20.164
1771288280213,2.0,2026-02-16 19:31:20.213
1771288280266,2.0,2026-02-16 19:31:20.266
1771288280315,1.0,2026-02-16 19:31:20.315
1771288280364,1.0,2026-02-16 19:31:20.364
1771288280413,1.0,2026-02-16 19:31:20.413
1771288280467,4.0,2026-02-16 19:31:20.467
1771288280516,2.0,2026-02-16 19:31:20.516
1771288280565,3.0,2026-02-16 19:31:20.565
1771288280614,1.0,2026-02-16 19:31:20.614
1771288280667,2.0,2026-02-16 19:31:20.667
1771288280716,1.0,2026-02-16 19:31:20.716
1771288280766,2.0,2026-02-16 19:31:20.766
1771288280815,5.0,2026-02-16 19:31:20.815
1771288280868,2.0,2026-02-16 19:31:20.868
1771288280917,6.0,2026-02-16 19:31:20.917
1771288280966,0.0,2026-02-16 19:31:20.966
1771288281016,4.0,2026-02-16 19:31:21.016
1771288281069,1.0,2026-02-16 19:31:21.069
1771288281118,4.0,2026-02-16 19:31:21.118
1771288281167,1.0,2026-02-16 19:31:21.167
1771288281216,2.0,2026-02-16 19:31:21.216
1771288281269,2.0,2026-02-16 19:31:21.269
1771288281318,1.0,2026-02-16 19:31:21.318
1771288281368,3.0,2026-02-16 19:31:21.368
1771288281417,1.0,2026-02-16 19:31:21.417
1771288281470,5.0,2026-02-16 19:31:21.470
1771288281519,2.0,2026-02-16 19:31:21.519
1771288281568,6.0,2026-02-16 19:31:21.568
1771288281622,0.0,2026-02-16 19:31:21.622
1771288281671,3.0,2026-02-16 19:31:21.671
1771288281720,0.0,2026-02-16 19:31:21.720
1771288281769,3.0,2026-02-16 19:31:21.769
1771288281822,3.0,2026-02-16 19:31:21.822
1771288281872,1.0,2026-02-16 19:31:21.872
1771288281921,5.0,2026-02-16 19:31:21.921
1771288281970,0.0,2026-02-16 19:31:21.970
1771288282023,4.0,2026-02-16 19:31:22.023
1771288282072,0.0,2026-02-16 19:31:22.072
1771288282122,4.0,2026-02-16 19:31:22.122
1771288282171,1.0,2026-02-16 19:31:22.171
1771288282224,2.0,2026-02-16 19:31:22.224
1771288282273,2.0,2026-02-16 19:31:22.273
1771288282322,1.0,2026-02-16 19:31:22.322
1771288282371,2.0,2026-02-16 19:31:22.371
1771288282424,0.0,2026-02-16 19:31:22.424
1771288282474,5.0,2026-02-16 19:31:22.474
1771288282523,1.0,2026-02-16 19:31:22.523
1771288282572,3.0,2026-02-16 19:31:22.572
1771288282625,1.0,2026-02-16 19:31:22.625
1771288282674,1.0,2026-02-16 19:31:22.674
1771288282723,1.0,2026-02-16 19:31:22.723
1771288282773,0.0,2026-02-16 19:31:22.773
1771288282826,3.0,2026-02-16 19:31:22.826
1771288282875,0.0,2026-02-16 19:31:22.875
1771288282924,1.0,2026-02-16 19:31:22.924
1771288282973,0.0,2026-02-16 19:31:22.973
1771288283026,2.0,2026-02-16 19:31:23.026
1771288283076,5.0,2026-02-16 19:31:23.076
1771288283125,3.0,2026-02-16 19:31:23.125
1771288283178,5.0,2026-02-16 19:31:23.178
1771288283227,1.0,2026-02-16 19:31:23.227
1771288283277,4.0,2026-02-16 19:31:23.277
1771288283326,0.0,2026-02-16 19:31:23.326
1771288283379,4.0,2026-02-16 19:31:23.379
1771288283428,2.0,2026-02-16 19:31:23.428
1771288283477,1.0,2026-02-16 19:31:23.477
1771288283526,0.0,2026-02-16 19:31:23.526
1771288283579,0.0,2026-02-16 19:31:23.579
1771288283629,2.0,2026-02-16 19:31:23.629
1771288283678,0.0,2026-02-16 19:31:23.678
1771288283727,6.0,2026-02-16 19:31:23.727
1771288283780,3.0,2026-02-16 19:31:23.780
1771288283829,2.0,2026-02-16 19:31:23.829
1771288283879,2.0,2026-02-16 19:31:23.879
1771288283928,1.0,2026-02-16 19:31:23.928
1771288283981,4.0,2026-02-16 19:31:23.981
1771288284030,0.0,2026-02-16 19:31:24.030
1771288284079,2.0,2026-02-16 19:31:24.079
1771288284129,0.0,2026-02-16 19:31:24.129
1771288284181,1.0,2026-02-16 19:31:24.181
1771288284231,3.0,2026-02-16 19:31:24.231
1771288284280,0.0,2026-02-16 19:31:24.280
1771288284329,6.0,2026-02-16 19:31:24.329
1771288284382,1.0,2026-02-16 19:31:24.382
1771288284431,5.0,2026-02-16 19:31:24.431
1771288284481,2.0,2026-02-16 19:31:24.481
1771288284530,4.0,2026-02-16 19:31:24.530
1771288284583,5.0,2026-02-16 19:31:24.583
1771288284632,0.0,2026-02-16 19:31:24.632
1771288284681,3.0,2026-02-16 19:31:24.681
1771288284734,0.0,2026-02-16 19:31:24.734
1771288284784,3.0,2026-02-16 19:31:24.784
1771288284833,1.0,2026-02-16 19:31:24.833
1771288284882,3.0,2026-02-16 19:31:24.882
1771288284935,3.0,2026-02-16 19:31:24.935
1771288284984,0.0,2026-02-16 19:31:24.984
1771288285034,4.0,2026-02-16 19:31:25.034
1771288285083,0.0,2026-02-16 19:31:25.083
1771288285136,4.0,2026-02-16 19:31:25.136
1771288285185,3.0,2026-02-16 19:31:25.185
1771288285234,1.0,2026-02-16 19:31:25.234
1771288285283,2.0,2026-02-16 19:31:25.283
1771288285336,0.0,2026-02-16 19:31:25.336
1771288285386,5.0,2026-02-16 19:31:25.386
1771288285435,0.0,2026-02-16 19:31:25.435
1771288285484,3.0,2026-02-16 19:31:25.484
1771288285537,1.0,2026-02-16 19:31:25.537
1771288285586,2.0,2026-02-16 19:31:25.586
1771288285636,4.0,2026-02-16 19:31:25.636
1771288285685,2.0,2026-02-16 19:31:25.685
1771288285740,5.0,2026-02-16 19:31:25.740
1771288285787,1.0,2026-02-16 19:31:25.787
1771288285836,2.0,2026-02-16 19:31:25.836
1771288285886,1.0,2026-02-16 19:31:25.886
1771288285939,0.0,2026-02-16 19:31:25.939
1771288285988,3.0,2026-02-16 19:31:25.988
1771288286037,0.0,2026-02-16 19:31:26.037
1771288286090,1.0,2026-02-16 19:31:26.090
1771288286139,1.0,2026-02-16 19:31:26.139
1771288286189,1.0,2026-02-16 19:31:26.189
1771288286238,5.0,2026-02-16 19:31:26.238
1771288286291,2.0,2026-02-16 19:31:26.291
1771288286340,4.0,2026-02-16 19:31:26.340
1771288286389,0.0,2026-02-16 19:31:26.389
1771288286438,2.0,2026-02-16 19:31:26.438
1771288286492,3.0,2026-02-16 19:31:26.492
1771288286541,0.0,2026-02-16 19:31:26.541
1771288286590,2.0,2026-02-16 19:31:26.590
1771288286639,0.0,2026-02-16 19:31:26.639
1771288286692,1.0,2026-02-16 19:31:26.692
1771288286741,0.0,2026-02-16 19:31:26.741
1771288286791,0.0,2026-02-16 19:31:26.791
1771288286840,5.0,2026-02-16 19:31:26.840
1771288286893,1.0,2026-02-16 19:31:26.893
1771288286942,4.0,2026-02-16 19:31:26.942
1771288286991,3.0,2026-02-16 19:31:26.991
1771288287040,2.0,2026-02-16 19:31:27.040
1771288287094,3.0,2026-02-16 19:31:27.094
1771288287143,0.0,2026-02-16 19:31:27.143
1771288287192,1.0,2026-02-16 19:31:27.192
1771288287241,0.0,2026-02-16 19:31:27.241
1771288287294,2.0,2026-02-16 19:31:27.294
1771288287343,2.0,2026-02-16 19:31:27.343
1771288287393,1.0,2026-02-16 19:31:27.393
1771288287442,4.0,2026-02-16 19:31:27.442
1771288287495,1.0,2026-02-16 19:31:27.495
1771288287544,4.0,2026-02-16 19:31:27.544
1771288287594,4.0,2026-02-16 19:31:27.594
1771288287647,0.0,2026-02-16 19:31:27.647
1771288287696,3.0,2026-02-16 19:31:27.696
1771288287745,1.0,2026-02-16 19:31:27.745
1771288287794,4.0,2026-02-16 19:31:27.794
1771288287847,1.0,2026-02-16 19:31:27.847
1771288287897,0.0,2026-02-16 19:31:27.897
1771288287946,3.0,2026-02-16 19:31:27.946
1771288287995,1.0,2026-02-16 19:31:27.995
1771288288048,5.0,2026-02-16 19:31:28.048
1771288288097,1.0,2026-02-16 19:31:28.097
1771288288146,1.0,2026-02-16 19:31:28.146
1771288288196,2.0,2026-02-16 19:31:28.196
1771288288249,0.0,2026-02-16 19:31:28.249
1771288288298,4.0,2026-02-16 19:31:28.298
1771288288347,2.0,2026-02-16 19:31:28.347
1771288288396,0.0,2026-02-16 19:31:28.396
1771288288449,3.0,2026-02-16 19:31:28.449
1771288288499,1.0,2026-02-16 19:31:28.499
1771288288548,5.0,2026-02-16 19:31:28.548
1771288288597,2.0,2026-02-16 19:31:28.597
1771288288650,1.0,2026-02-16 19:31:28.650
1771288288699,2.0,2026-02-16 19:31:28.699
1771288288748,1.0,2026-02-16 19:31:28.748
1771288288798,4.0,2026-02-16 19:31:28.798
1771288288851,1.0,2026-02-16 19:31:28.851
1771288288900,0.0,2026-02-16 19:31:28.900
1771288288949,6.0,2026-02-16 19:31:28.949
1771288288998,6.0,2026-02-16 19:31:28.998
1771288289051,5.0,2026-02-16 19:31:29.051
1771288289101,2.0,2026-02-16 19:31:29.101
1771288289150,1.0,2026-02-16 19:31:29.150
1771288289203,2.0,2026-02-16 19:31:29.203
1771288289252,0.0,2026-02-16 19:31:29.252
1771288289301,3.0,2026-02-16 19:31:29.301
1771288289351,0.0,2026-02-16 19:31:29.351
1771288289404,0.0,2026-02-16 19:31:29.404
1771288289453,4.0,2026-02-16 19:31:29.453
1771288289502,0.0,2026-02-16 19:31:29.502
1771288289551,3.0,2026-02-16 19:31:29.551
1771288289604,2.0,2026-02-16 19:31:29.604
1771288289654,0.0,2026-02-16 19:31:29.654
1771288289703,4.0,2026-02-16 19:31:29.703
1771288289752,0.0,2026-02-16 19:31:29.752
1771288289805,0.0,2026-02-16 19:31:29.805
1771288289854,2.0,2026-02-16 19:31:29.854
1771288289904,0.0,2026-02-16 19:31:29.904
1771288289953,5.0,2026-02-16 19:31:29.953
1771288290006,0.0,2026-02-16 19:31:30.006
1771288290055,1.0,2026-02-16 19:31:30.055
1771288290105,3.0,2026-02-16 19:31:30.105
1771288290153,0.0,2026-02-16 19:31:30.153
1771288290206,5.0,2026-02-16 19:31:30.206
1771288290256,0.0,2026-02-16 19:31:30.256
1771288290305,0.0,2026-02-16 19:31:30.305
1771288290354,4.0,2026-02-16 19:31:30.354
1771288290407,1.0,2026-02-16 19:31:30.407
1771288290456,2.0,2026-02-16 19:31:30.456
1771288290506,4.0,2026-02-16 19:31:30.506
1771288290555,2.0,2026-02-16 19:31:30.555
1771288290608,5.0,2026-02-16 19:31:30.608
1771288290657,2.0,2026-02-16 19:31:30.657
1771288290706,0.0,2026-02-16 19:31:30.706
1771288290759,1.0,2026-02-16 19:31:30.759
1771288290809,0.0,2026-02-16 19:31:30.809
1771288290858,4.0,2026-02-16 19:31:30.858
1771288290907,3.0,2026-02-16 19:31:30.907
1771288290960,1.0,2026-02-16 19:31:30.960
1771288291009,4.0,2026-02-16 19:31:31.009
1771288291059,1.0,2026-02-16 19:31:31.059
1771288291108,1.0,2026-02-16 19:31:31.108
1771288291161,0.0,2026-02-16 19:31:31.161
1771288291210,0.0,2026-02-16 19:31:31.210
1771288291259,3.0,2026-02-16 19:31:31.259
1771288291309,2.0,2026-02-16 19:31:31.309
1771288291361,0.0,2026-02-16 19:31:31.361
1771288291411,4.0,2026-02-16 19:31:31.411
1771288291460,3.0,2026-02-16 19:31:31.460
1771288291509,4.0,2026-02-16 19:31:31.509
1771288291562,3.0,2026-02-16 19:31:31.562
1771288291612,0.0,2026-02-16 19:31:31.612
1771288291661,3.0,2026-02-16 19:31:31.661
1771288291710,2.0,2026-02-16 19:31:31.710
1771288291763,0.0,2026-02-16 19:31:31.763
1771288291812,3.0,2026-02-16 19:31:31.812
1771288291861,1.0,2026-02-16 19:31:31.861
1771288291911,2.0,2026-02-16 19:31:31.911
1771288291964,3.0,2026-02-16 19:31:31.964
1771288292013,0.0,2026-02-16 19:31:32.013
1771288292062,2.0,2026-02-16 19:31:32.062
1771288292115,3.0,2026-02-16 19:31:32.115
1771288292164,0.0,2026-02-16 19:31:32.164
1771288292214,4.0,2026-02-16 19:31:32.214
1771288292263,3.0,2026-02-16 19:31:32.263
1771288292316,2.0,2026-02-16 19:31:32.316
1771288292365,6.0,2026-02-16 19:31:32.365
1771288292414,2.0,2026-02-16 19:31:32.414
1771288292463,4.0,2026-02-16 19:31:32.463
1771288292516,4.0,2026-02-16 19:31:32.516
1771288292566,2.0,2026-02-16 19:31:32.566
1771288292615,3.0,2026-02-16 19:31:32.615
1771288292664,4.0,2026-02-16 19:31:32.664
1771288292717,1.0,2026-02-16 19:31:32.717
1771288292766,3.0,2026-02-16 19:31:32.766
1771288292816,1.0,2026-02-16 19:31:32.816
1771288292865,0.0,2026-02-16 19:31:32.865
1771288292918,3.0,2026-02-16 19:31:32.918
1771288292967,0.0,2026-02-16 19:31:32.967
1771288293016,0.0,2026-02-16 19:31:33.016
1771288293065,4.0,2026-02-16 19:31:33.065
1771288293119,3.0,2026-02-16 19:31:33.119
1771288293168,2.0,2026-02-16 19:31:33.168
1771288293217,2.0,2026-02-16 19:31:33.217
1771288293266,1.0,2026-02-16 19:31:33.266
1771288293319,2.0,2026-02-16 19:31:33.319
1771288293369,1.0,2026-02-16 19:31:33.369
1771288293418,1.0,2026-02-16 19:31:33.418
1771288293467,6.0,2026-02-16 19:31:33.467
1771288293520,4.0,2026-02-16 19:31:33.520
1771288293569,1.0,2026-02-16 19:31:33.569
1771288293618,4.0,2026-02-16 19:31:33.618
1771288293672,1.0,2026-02-16 19:31:33.672
1771288293721,2.0,2026-02-16 19:31:33.721
1771288293770,1.0,2026-02-16 19:31:33.770
1771288293819,1.0,2026-02-16 19:31:33.819
1771288293872,2.0,2026-02-16 19:31:33.872
1771288293921,3.0,2026-02-16 19:31:33.921
1771288293971,0.0,2026-02-16 19:31:33.971
1771288294020,1.0,2026-02-16 19:31:34.020
1771288294073,3.0,2026-02-16 19:31:34.073
1771288294122,0.0,2026-02-16 19:31:34.122
1771288294171,2.0,2026-02-16 19:31:34.171
1771288294221,2.0,2026-02-16 19:31:34.221
1771288294274,2.0,2026-02-16 19:31:34.274
1771288294323,2.0,2026-02-16 19:31:34.323
1771288294372,2.0,2026-02-16 19:31:34.372
1771288294421,2.0,2026-02-16 19:31:34.421
1771288294474,4.0,2026-02-16 19:31:34.474
1771288294524,2.0,2026-02-16 19:31:34.524
1771288294573,4.0,2026-02-16 19:31:34.573
1771288294622,5.0,2026-02-16 19:31:34.622
1771288294675,1.0,2026-02-16 19:31:34.675
1771288294724,0.0,2026-02-16 19:31:34.724
1771288294774,3.0,2026-02-16 19:31:34.774
1771288294823,2.0,2026-02-16 19:31:34.823
1771288294876,0.0,2026-02-16 19:31:34.876
1771288294925,4.0,2026-02-16 19:31:34.925
1771288294974,2.0,2026-02-16 19:31:34.974
1771288295023,2.0,2026-02-16 19:31:35.023
1771288295076,4.0,2026-02-16 19:31:35.076
1771288295126,0.0,2026-02-16 19:31:35.126
1771288295175,1.0,2026-02-16 19:31:35.175
1771288295228,4.0,2026-02-16 19:31:35.228
1771288295277,0.0,2026-02-16 19:31:35.277
1771288295326,2.0,2026-02-16 19:31:35.326
1771288295376,5.0,2026-02-16 19:31:35.376
1771288295429,0.0,2026-02-16 19:31:35.429
1771288295478,2.0,2026-02-16 19:31:35.478
1771288295528,5.0,2026-02-16 19:31:35.528
1771288295577,1.0,2026-02-16 19:31:35.577
1771288295630,3.0,2026-02-16 19:31:35.630
1771288295679,2.0,2026-02-16 19:31:35.679
1771288295728,3.0,2026-02-16 19:31:35.728
1771288295777,4.0,2026-02-16 19:31:35.777
1771288295830,2.0,2026-02-16 19:31:35.830
1771288295879,1.0,2026-02-16 19:31:35.879
1771288295929,5.0,2026-02-16 19:31:35.929
1771288295978,1.0,2026-02-16 19:31:35.978
1771288296031,0.0,2026-02-16 19:31:36.031
1771288296080,6.0,2026-02-16 19:31:36.080
1771288296129,2.0,2026-02-16 19:31:36.129
1771288296178,1.0,2026-02-16 19:31:36.178
1771288296231,4.0,2026-02-16 19:31:36.231
1771288296281,2.0,2026-02-16 19:31:36.281
1771288296330,0.0,2026-02-16 19:31:36.330
1771288296379,2.0,2026-02-16 19:31:36.379
1771288296432,2.0,2026-02-16 19:31:36.432
1771288296481,2.0,2026-02-16 19:31:36.481
1771288296531,2.0,2026-02-16 19:31:36.531
1771288296580,1.0,2026-02-16 19:31:36.580
1771288296633,2.0,2026-02-16 19:31:36.633
1771288296682,5.0,2026-02-16 19:31:36.682
1771288296731,1.0,2026-02-16 19:31:36.731
1771288296784,2.0,2026-02-16 19:31:36.784
1771288296834,5.0,2026-02-16 19:31:36.834
1771288296883,2.0,2026-02-16 19:31:36.883
1771288296932,1.0,2026-02-16 19:31:36.932
1771288296985,4.0,2026-02-16 19:31:36.985
1771288297034,2.0,2026-02-16 19:31:37.034
1771288297084,1.0,2026-02-16 19:31:37.084
1771288297133,6.0,2026-02-16 19:31:37.133
1771288297186,3.0,2026-02-16 19:31:37.186
1771288297235,5.0,2026-02-16 19:31:37.235
1771288297284,6.0,2026-02-16 19:31:37.284
1771288297333,2.0,2026-02-16 19:31:37.333
1771288297387,0.0,2026-02-16 19:31:37.387
1771288297436,2.0,2026-02-16 19:31:37.436
1771288297485,3.0,2026-02-16 19:31:37.485
1771288297535,2.0,2026-02-16 19:31:37.535
1771288297587,1.0,2026-02-16 19:31:37.587
1771288297636,1.0,2026-02-16 19:31:37.636
1771288297686,1.0,2026-02-16 19:31:37.686
1771288297735,0.0,2026-02-16 19:31:37.735
1771288297788,2.0,2026-02-16 19:31:37.788
1771288297837,0.0,2026-02-16 19:31:37.837
1771288297886,2.0,2026-02-16 19:31:37.886
1771288297936,0.0,2026-02-16 19:31:37.936
1771288297989,0.0,2026-02-16 19:31:37.989
1771288298038,4.0,2026-02-16 19:31:38.038
1771288298087,1.0,2026-02-16 19:31:38.087
1771288298140,0.0,2026-02-16 19:31:38.140
1771288298189,4.0,2026-02-16 19:31:38.189
1771288298239,3.0,2026-02-16 19:31:38.239
1771288298288,0.0,2026-02-16 19:31:38.288
1771288298341,4.0,2026-02-16 19:31:38.341
1771288298390,3.0,2026-02-16 19:31:38.390
1771288298439,1.0,2026-02-16 19:31:38.439
1771288298489,3.0,2026-02-16 19:31:38.489
1771288298542,5.0,2026-02-16 19:31:38.542
1771288298591,0.0,2026-02-16 19:31:38.591
1771288298640,3.0,2026-02-16 19:31:38.640
1771288298689,3.0,2026-02-16 19:31:38.689
1771288298742,0.0,2026-02-16 19:31:38.742
1771288298791,0.0,2026-02-16 19:31:38.791
1771288298841,4.0,2026-02-16 19:31:38.841
1771288298890,2.0,2026-02-16 19:31:38.890
1771288298943,1.0,2026-02-16 19:31:38.943
1771288298992,4.0,2026-02-16 19:31:38.992
1771288299041,1.0,2026-02-16 19:31:39.041
1771288299091,0.0,2026-02-16 19:31:39.091
1771288299144,3.0,2026-02-16 19:31:39.144
1771288299193,2.0,2026-02-16 19:31:39.193
1771288299242,1.0,2026-02-16 19:31:39.242
1771288299291,2.0,2026-02-16 19:31:39.291
1771288299345,2.0,2026-02-16 19:31:39.345
1771288299393,0.0,2026-02-16 19:31:39.393
1771288299443,1.0,2026-02-16 19:31:39.443
1771288299492,3.0,2026-02-16 19:31:39.492
1771288299545,3.0,2026-02-16 19:31:39.545
1771288299594,2.0,2026-02-16 19:31:39.594
1771288299643,3.0,2026-02-16 19:31:39.643
1771288299697,0.0,2026-02-16 19:31:39.697
1771288299746,0.0,2026-02-16 19:31:39.746
1771288299795,4.0,2026-02-16 19:31:39.795
1771288299844,2.0,2026-02-16 19:31:39.844
1771288299897,2.0,2026-02-16 19:31:39.897
1771288299946,4.0,2026-02-16 19:31:39.946
1771288299996,3.0,2026-02-16 19:31:39.996
1771288300045,0.0,2026-02-16 19:31:40.045
1771288300098,3.0,2026-02-16 19:31:40.098
1771288300147,3.0,2026-02-16 19:31:40.147
1771288300196,1.0,2026-02-16 19:31:40.196
1771288300245,2.0,2026-02-16 19:31:40.245
1771288300299,5.0,2026-02-16 19:31:40.299
1771288300348,2.0,2026-02-16 19:31:40.348
1771288300397,2.0,2026-02-16 19:31:40.397
1771288300446,3.0,2026-02-16 19:31:40.446
1771288300499,4.0,2026-02-16 19:31:40.499
1771288300549,0.0,2026-02-16 19:31:40.549
1771288300598,4.0,2026-02-16 19:31:40.598
1771288300647,3.0,2026-02-16 19:31:40.647
1771288300700,0.0,2026-02-16 19:31:40.700
1771288300749,4.0,2026-02-16 19:31:40.749
1771288300799,6.0,2026-02-16 19:31:40.799
1771288300848,1.0,2026-02-16 19:31:40.848
1771288300901,1.0,2026-02-16 19:31:40.901
1771288300950,4.0,2026-02-16 19:31:40.950
1771288300999,0.0,2026-02-16 19:31:40.999
1771288301049,0.0,2026-02-16 19:31:41.049
1771288301101,6.0,2026-02-16 19:31:41.101
1771288301151,2.0,2026-02-16 19:31:41.151
1771288301200,0.0,2026-02-16 19:31:41.200
1771288301253,3.0,2026-02-16 19:31:41.253
1771288301302,2.0,2026-02-16 19:31:41.302
1771288301351,0.0,2026-02-16 19:31:41.351
1771288301401,6.0,2026-02-16 19:31:41.401
1771288301454,4.0,2026-02-16 19:31:41.454
1771288301503,0.0,2026-02-16 19:31:41.503
1771288301552,1.0,2026-02-16 19:31:41.552
1771288301601,5.0,2026-02-16 19:31:41.601
1771288301654,0.0,2026-02-16 19:31:41.654
1771288301704,1.0,2026-02-16 19:31:41.704
1771288301753,3.0,2026-02-16 19:31:41.753
1771288301802,1.0,2026-02-16 19:31:41.802
1771288301855,1.0,2026-02-16 19:31:41.855
1771288301904,1.0,2026-02-16 19:31:41.904
1771288301954,2.0,2026-02-16 19:31:41.954
1771288302003,1.0,2026-02-16 19:31:42.003
1771288302056,4.0,2026-02-16 19:31:42.056
1771288302105,5.0,2026-02-16 19:31:42.105
1771288302154,1.0,2026-02-16 19:31:42.154
1771288302203,1.0,2026-02-16 19:31:42.203
1771288302256,3.0,2026-02-16 19:31:42.256
1771288302306,4.0,2026-02-16 19:31:42.306
1771288302355,2.0,2026-02-16 19:31:42.355
1771288302404,2.0,2026-02-16 19:31:42.404
1771288302457,4.0,2026-02-16 19:31:42.457
1771288302506,0.0,2026-02-16 19:31:42.506
1771288302556,1.0,2026-02-16 19:31:42.556
1771288302605,4.0,2026-02-16 19:31:42.605
1771288302658,5.0,2026-02-16 19:31:42.658
1771288302707,0.0,2026-02-16 19:31:42.707
1771288302756,3.0,2026-02-16 19:31:42.756
1771288302809,5.0,2026-02-16 19:31:42.809
1771288302859,0.0,2026-02-16 19:31:42.859
1771288302908,1.0,2026-02-16 19:31:42.908
1771288302957,5.0,2026-02-16 19:31:42.957
1771288303010,1.0,2026-02-16 19:31:43.010
1771288303059,1.0,2026-02-16 19:31:43.059
1771288303109,4.0,2026-02-16 19:31:43.109
1771288303158,3.0,2026-02-16 19:31:43.158
1771288303211,1.0,2026-02-16 19:31:43.211
1771288303260,3.0,2026-02-16 19:31:43.260
1771288303309,4.0,2026-02-16 19:31:43.309
1771288303358,2.0,2026-02-16 19:31:43.358
1771288303411,1.0,2026-02-16 19:31:43.411
1771288303461,3.0,2026-02-16 19:31:43.461
1771288303510,4.0,2026-02-16 19:31:43.510
1771288303559,2.0,2026-02-16 19:31:43.559
1771288303612,0.0,2026-02-16 19:31:43.612
1771288303661,3.0,2026-02-16 19:31:43.661
1771288303711,1.0,2026-02-16 19:31:43.711
1771288303760,0.0,2026-02-16 19:31:43.760
1771288303813,4.0,2026-02-16 19:31:43.813
1771288303862,3.0,2026-02-16 19:31:43.862
1771288303911,0.0,2026-02-16 19:31:43.911
1771288303961,1.0,2026-02-16 19:31:43.961
1771288304014,4.0,2026-02-16 19:31:44.014
1771288304063,0.0,2026-02-16 19:31:44.063
1771288304112,2.0,2026-02-16 19:31:44.112
1771288304165,3.0,2026-02-16 19:31:44.165
1771288304214,1.0,2026-02-16 19:31:44.214
1771288304264,0.0,2026-02-16 19:31:44.264
1771288304313,2.0,2026-02-16 19:31:44.313
1771288304366,4.0,2026-02-16 19:31:44.366
1771288304415,2.0,2026-02-16 19:31:44.415
1771288304466,0.0,2026-02-16 19:31:44.466
1771288304513,1.0,2026-02-16 19:31:44.513
1771288304567,3.0,2026-02-16 19:31:44.567
1771288304616,0.0,2026-02-16 19:31:44.616
1771288304665,2.0,2026-02-16 19:31:44.665
1771288304714,5.0,2026-02-16 19:31:44.714
1771288304767,0.0,2026-02-16 19:31:44.767
1771288304817,0.0,2026-02-16 19:31:44.817
1771288304866,3.0,2026-02-16 19:31:44.866
1771288304915,4.0,2026-02-16 19:31:44.915
1771288304968,1.0,2026-02-16 19:31:44.968
1771288305017,2.0,2026-02-16 19:31:45.017
1771288305066,2.0,2026-02-16 19:31:45.066
1771288305116,1.0,2026-02-16 19:31:45.116
1771288305169,1.0,2026-02-16 19:31:45.169
1771288305218,2.0,2026-02-16 19:31:45.218
1771288305267,5.0,2026-02-16 19:31:45.267
1771288305316,2.0,2026-02-16 19:31:45.316
1771288305369,0.0,2026-02-16 19:31:45.369
1771288305418,3.0,2026-02-16 19:31:45.418
1771288305468,4.0,2026-02-16 19:31:45.468
1771288305517,1.0,2026-02-16 19:31:45.517
1771288305570,1.0,2026-02-16 19:31:45.570
1771288305619,2.0,2026-02-16 19:31:45.619
1771288305668,2.0,2026-02-16 19:31:45.668
1771288305722,1.0,2026-02-16 19:31:45.722
1771288305771,2.0,2026-02-16 19:31:45.771
1771288305820,6.0,2026-02-16 19:31:45.820
1771288305869,1.0,2026-02-16 19:31:45.869
1771288305922,0.0,2026-02-16 19:31:45.922
1771288305973,4.0,2026-02-16 19:31:45.973
1771288306021,4.0,2026-02-16 19:31:46.021
1771288306070,0.0,2026-02-16 19:31:46.070
1771288306123,4.0,2026-02-16 19:31:46.123
1771288306172,2.0,2026-02-16 19:31:46.172
1771288306222,1.0,2026-02-16 19:31:46.222
1771288306270,2.0,2026-02-16 19:31:46.270
1771288306324,3.0,2026-02-16 19:31:46.324
1771288306373,4.0,2026-02-16 19:31:46.373
1771288306422,2.0,2026-02-16 19:31:46.422
1771288306471,1.0,2026-02-16 19:31:46.471
1771288306524,4.0,2026-02-16 19:31:46.524
1771288306574,5.0,2026-02-16 19:31:46.574
1771288306623,1.0,2026-02-16 19:31:46.623
1771288306672,3.0,2026-02-16 19:31:46.672
1771288306725,4.0,2026-02-16 19:31:46.725
1771288306774,1.0,2026-02-16 19:31:46.774
1771288306824,2.0,2026-02-16 19:31:46.824
1771288306873,3.0,2026-02-16 19:31:46.873
1771288306926,4.0,2026-02-16 19:31:46.926
1771288306975,3.0,2026-02-16 19:31:46.975
1771288307024,0.0,2026-02-16 19:31:47.024
1771288307073,4.0,2026-02-16 19:31:47.073
1771288307126,6.0,2026-02-16 19:31:47.126
1771288307176,2.0,2026-02-16 19:31:47.176
1771288307225,2.0,2026-02-16 19:31:47.225
1771288307278,3.0,2026-02-16 19:31:47.278
1771288307327,5.0,2026-02-16 19:31:47.327
1771288307376,2.0,2026-02-16 19:31:47.376
1771288307426,1.0,2026-02-16 19:31:47.426
1771288307479,3.0,2026-02-16 19:31:47.479
1771288307528,5.0,2026-02-16 19:31:47.528
1771288307577,0.0,2026-02-16 19:31:47.577
1771288307627,3.0,2026-02-16 19:31:47.627
1771288307679,6.0,2026-02-16 19:31:47.679
1771288307729,2.0,2026-02-16 19:31:47.729
1771288307778,2.0,2026-02-16 19:31:47.778
1771288307827,2.0,2026-02-16 19:31:47.827
1771288307880,5.0,2026-02-16 19:31:47.880
1771288307929,5.0,2026-02-16 19:31:47.929
1771288307979,2.0,2026-02-16 19:31:47.979
1771288308028,3.0,2026-02-16 19:31:48.028
1771288308081,4.0,2026-02-16 19:31:48.081
1771288308130,3.0,2026-02-16 19:31:48.130
1771288308179,2.0,2026-02-16 19:31:48.179
1771288308228,3.0,2026-02-16 19:31:48.228
1771288308282,2.0,2026-02-16 19:31:48.282
1771288308331,2.0,2026-02-16 19:31:48.331
1771288308380,0.0,2026-02-16 19:31:48.380
1771288308429,5.0,2026-02-16 19:31:48.429
1771288308482,5.0,2026-02-16 19:31:48.482
1771288308531,1.0,2026-02-16 19:31:48.531
1771288308581,1.0,2026-02-16 19:31:48.581
1771288308630,4.0,2026-02-16 19:31:48.630
1771288308683,5.0,2026-02-16 19:31:48.683
1771288308732,3.0,2026-02-16 19:31:48.732
1771288308781,0.0,2026-02-16 19:31:48.781
1771288308834,3.0,2026-02-16 19:31:48.834
1771288308884,4.0,2026-02-16 19:31:48.884
1771288308933,3.0,2026-02-16 19:31:48.933
1771288308983,1.0,2026-02-16 19:31:48.983
1771288309035,2.0,2026-02-16 19:31:49.035
1771288309084,5.0,2026-02-16 19:31:49.084
1771288309134,2.0,2026-02-16 19:31:49.134
1771288309183,1.0,2026-02-16 19:31:49.183
1771288309236,5.0,2026-02-16 19:31:49.236
1771288309285,4.0,2026-02-16 19:31:49.285
1771288309334,2.0,2026-02-16 19:31:49.334
1771288309383,1.0,2026-02-16 19:31:49.383
1771288309437,1.0,2026-02-16 19:31:49.437
1771288309486,5.0,2026-02-16 19:31:49.486
1771288309535,1.0,2026-02-16 19:31:49.535
1771288309584,1.0,2026-02-16 19:31:49.584
1771288309637,3.0,2026-02-16 19:31:49.637
1771288309686,5.0,2026-02-16 19:31:49.686
1771288309736,4.0,2026-02-16 19:31:49.736
1771288309785,1.0,2026-02-16 19:31:49.785
1771288309838,2.0,2026-02-16 19:31:49.838
1771288309887,7.0,2026-02-16 19:31:49.887
1771288309936,4.0,2026-02-16 19:31:49.936
1771288309986,2.0,2026-02-16 19:31:49.986
1771288310039,1.0,2026-02-16 19:31:50.039
1771288310088,3.0,2026-02-16 19:31:50.088
1771288310137,5.0,2026-02-16 19:31:50.137
1771288310190,1.0,2026-02-16 19:31:50.190
1771288310239,2.0,2026-02-16 19:31:50.239
1771288310289,3.0,2026-02-16 19:31:50.289
1771288310338,2.0,2026-02-16 19:31:50.338
1771288310391,4.0,2026-02-16 19:31:50.391
1771288310440,1.0,2026-02-16 19:31:50.440
1771288310489,4.0,2026-02-16 19:31:50.489
1771288310538,5.0,2026-02-16 19:31:50.538
1771288310592,0.0,2026-02-16 19:31:50.592
1771288310641,2.0,2026-02-16 19:31:50.641
1771288310690,3.0,2026-02-16 19:31:50.690
1771288310739,4.0,2026-02-16 19:31:50.739
1771288310792,2.0,2026-02-16 19:31:50.792
1771288310841,0.0,2026-02-16 19:31:50.841
1771288310891,4.0,2026-02-16 19:31:50.891
1771288310940,6.0,2026-02-16 19:31:50.940
1771288310993,3.0,2026-02-16 19:31:50.993
1771288311042,0.0,2026-02-16 19:31:51.042
1771288311092,0.0,2026-02-16 19:31:51.092
1771288311141,5.0,2026-02-16 19:31:51.141
1771288311194,3.0,2026-02-16 19:31:51.194
1771288311243,1.0,2026-02-16 19:31:51.243
1771288311292,0.0,2026-02-16 19:31:51.292
1771288311341,4.0,2026-02-16 19:31:51.341
1771288311394,5.0,2026-02-16 19:31:51.394
1771288311444,2.0,2026-02-16 19:31:51.444
1771288311493,0.0,2026-02-16 19:31:51.493
1771288311542,3.0,2026-02-16 19:31:51.542
1771288311595,5.0,2026-02-16 19:31:51.595
1771288311644,7.0,2026-02-16 19:31:51.644
1771288311694,0.0,2026-02-16 19:31:51.694
1771288311747,1.0,2026-02-16 19:31:51.747
1771288311796,3.0,2026-02-16 19:31:51.796
1771288311845,5.0,2026-02-16 19:31:51.845
1771288311894,2.0,2026-02-16 19:31:51.894
1771288311947,0.0,2026-02-16 19:31:51.947
1771288311996,2.0,2026-02-16 19:31:51.996
1771288312046,4.0,2026-02-16 19:31:52.046
1771288312095,2.0,2026-02-16 19:31:52.095
1771288312148,0.0,2026-02-16 19:31:52.148
1771288312197,0.0,2026-02-16 19:31:52.197
1771288312246,4.0,2026-02-16 19:31:52.246
1771288312296,3.0,2026-02-16 19:31:52.296
1771288312349,0.0,2026-02-16 19:31:52.349
1771288312398,0.0,2026-02-16 19:31:52.398
1771288312447,1.0,2026-02-16 19:31:52.447
1771288312496,5.0,2026-02-16 19:31:52.496
1771288312549,1.0,2026-02-16 19:31:52.549
1771288312599,0.0,2026-02-16 19:31:52.599
1771288312648,1.0,2026-02-16 19:31:52.648
1771288312697,3.0,2026-02-16 19:31:52.697
1771288312750,2.0,2026-02-16 19:31:52.750
1771288312799,0.0,2026-02-16 19:31:52.799
1771288312849,0.0,2026-02-16 19:31:52.849
1771288312898,1.0,2026-02-16 19:31:52.898
1771288312951,2.0,2026-02-16 19:31:52.951
1771288313000,3.0,2026-02-16 19:31:53.000
1771288313049,0.0,2026-02-16 19:31:53.049
1771288313098,1.0,2026-02-16 19:31:53.098
1771288313151,2.0,2026-02-16 19:31:53.151
1771288313201,4.0,2026-02-16 19:31:53.201
1771288313250,1.0,2026-02-16 19:31:53.250
1771288313303,0.0,2026-02-16 19:31:53.303
1771288313352,2.0,2026-02-16 19:31:53.352
1771288313401,2.0,2026-02-16 19:31:53.401
1771288313451,5.0,2026-02-16 19:31:53.451
1771288313504,0.0,2026-02-16 19:31:53.504
1771288313553,2.0,2026-02-16 19:31:53.553
1771288313602,4.0,2026-02-16 19:31:53.602
1771288313651,4.0,2026-02-16 19:31:53.651
1771288313704,3.0,2026-02-16 19:31:53.704
1771288313754,0.0,2026-02-16 19:31:53.754
1771288313803,1.0,2026-02-16 19:31:53.803
1771288313852,3.0,2026-02-16 19:31:53.852
1771288313905,5.0,2026-02-16 19:31:53.905
1771288313954,3.0,2026-02-16 19:31:53.954
1771288314004,0.0,2026-02-16 19:31:54.004
1771288314053,2.0,2026-02-16 19:31:54.053
1771288314106,4.0,2026-02-16 19:31:54.106
1771288314155,4.0,2026-02-16 19:31:54.155
1771288314204,0.0,2026-02-16 19:31:54.204
1771288314253,2.0,2026-02-16 19:31:54.253
1771288314306,4.0,2026-02-16 19:31:54.306
1771288314356,5.0,2026-02-16 19:31:54.356
1771288314405,4.0,2026-02-16 19:31:54.405
1771288314454,0.0,2026-02-16 19:31:54.454
1771288314507,0.0,2026-02-16 19:31:54.507
1771288314556,4.0,2026-02-16 19:31:54.556
1771288314606,4.0,2026-02-16 19:31:54.606
1771288314659,1.0,2026-02-16 19:31:54.659
1771288314708,0.0,2026-02-16 19:31:54.708
1771288314757,2.0,2026-02-16 19:31:54.757
1771288314806,3.0,2026-02-16 19:31:54.806
1771288314860,3.0,2026-02-16 19:31:54.860
1771288314909,0.0,2026-02-16 19:31:54.909
1771288314958,0.0,2026-02-16 19:31:54.958
1771288315007,2.0,2026-02-16 19:31:55.007
1771288315060,4.0,2026-02-16 19:31:55.060
1771288315109,3.0,2026-02-16 19:31:55.109
1771288315159,0.0,2026-02-16 19:31:55.159
1771288315208,0.0,2026-02-16 19:31:55.208
1771288315261,2.0,2026-02-16 19:31:55.261
1771288315310,3.0,2026-02-16 19:31:55.310
1771288315359,3.0,2026-02-16 19:31:55.359
1771288315408,2.0,2026-02-16 19:31:55.408
1771288315462,2.0,2026-02-16 19:31:55.462
1771288315511,3.0,2026-02-16 19:31:55.511
1771288315560,3.0,2026-02-16 19:31:55.560
1771288315610,4.0,2026-02-16 19:31:55.610
1771288315662,3.0,2026-02-16 19:31:55.662
1771288315711,0.0,2026-02-16 19:31:55.711
1771288315761,3.0,2026-02-16 19:31:55.761
1771288315810,5.0,2026-02-16 19:31:55.810
1771288315863,4.0,2026-02-16 19:31:55.863
1771288315912,3.0,2026-02-16 19:31:55.912
1771288315961,0.0,2026-02-16 19:31:55.961
1771288316011,2.0,2026-02-16 19:31:56.011
1771288316064,4.0,2026-02-16 19:31:56.064
1771288316113,8.0,2026-02-16 19:31:56.113
1771288316162,1.0,2026-02-16 19:31:56.162
1771288316215,3.0,2026-02-16 19:31:56.215
1771288316265,4.0,2026-02-16 19:31:56.265
1771288316314,5.0,2026-02-16 19:31:56.314
1771288316363,4.0,2026-02-16 19:31:56.363
1771288316416,2.0,2026-02-16 19:31:56.416
1771288316465,1.0,2026-02-16 19:31:56.465
1771288316514,0.0,2026-02-16 19:31:56.514
1771288316563,4.0,2026-02-16 19:31:56.563
1771288316617,1.0,2026-02-16 19:31:56.617
1771288316666,0.0,2026-02-16 19:31:56.666
1771288316715,0.0,2026-02-16 19:31:56.715
1771288316764,1.0,2026-02-16 19:31:56.764
1771288316817,1.0,2026-02-16 19:31:56.817
1771288316867,3.0,2026-02-16 19:31:56.867
1771288316916,2.0,2026-02-16 19:31:56.916
1771288316965,0.0,2026-02-16 19:31:56.965
1771288317018,0.0,2026-02-16 19:31:57.018
1771288317067,0.0,2026-02-16 19:31:57.067
1771288317117,5.0,2026-02-16 19:31:57.117
1771288317166,4.0,2026-02-16 19:31:57.166
1771288317219,3.0,2026-02-16 19:31:57.219
1771288317268,0.0,2026-02-16 19:31:57.268
1771288317317,1.0,2026-02-16 19:31:57.317
1771288317366,4.0,2026-02-16 19:31:57.366
1771288317419,5.0,2026-02-16 19:31:57.419
1771288317469,4.0,2026-02-16 19:31:57.469
1771288317518,4.0,2026-02-16 19:31:57.518
1771288317567,1.0,2026-02-16 19:31:57.567
1771288317620,1.0,2026-02-16 19:31:57.620
1771288317669,7.0,2026-02-16 19:31:57.669
1771288317719,4.0,2026-02-16 19:31:57.719
1771288317772,4.0,2026-02-16 19:31:57.772
1771288317821,0.0,2026-02-16 19:31:57.821
1771288317870,2.0,2026-02-16 19:31:57.870
1771288317919,3.0,2026-02-16 19:31:57.919
1771288317972,6.0,2026-02-16 19:31:57.972
1771288318021,2.0,2026-02-16 19:31:58.021
1771288318071,0.0,2026-02-16 19:31:58.071
1771288318120,1.0,2026-02-16 19:31:58.120
1771288318173,3.0,2026-02-16 19:31:58.173
1771288318222,5.0,2026-02-16 19:31:58.222
1771288318272,3.0,2026-02-16 19:31:58.272
1771288318321,2.0,2026-02-16 19:31:58.321
1771288318374,0.0,2026-02-16 19:31:58.374
1771288318423,3.0,2026-02-16 19:31:58.423
1771288318472,0.0,2026-02-16 19:31:58.472
1771288318521,5.0,2026-02-16 19:31:58.521
1771288318574,4.0,2026-02-16 19:31:58.574
1771288318624,3.0,2026-02-16 19:31:58.624
1771288318673,0.0,2026-02-16 19:31:58.673
1771288318722,3.0,2026-02-16 19:31:58.722
1771288318775,4.0,2026-02-16 19:31:58.775
1771288318824,6.0,2026-02-16 19:31:58.824
1771288318874,3.0,2026-02-16 19:31:58.874
1771288318923,1.0,2026-02-16 19:31:58.923
1771288318976,4.0,2026-02-16 19:31:58.976
1771288319025,3.0,2026-02-16 19:31:59.025
1771288319074,7.0,2026-02-16 19:31:59.074
1771288319123,3.0,2026-02-16 19:31:59.123
1771288319177,4.0,2026-02-16 19:31:59.177
1771288319226,0.0,2026-02-16 19:31:59.226
1771288319275,1.0,2026-02-16 19:31:59.275
1771288319328,1.0,2026-02-16 19:31:59.328
1771288319377,6.0,2026-02-16 19:31:59.377
1771288319427,4.0,2026-02-16 19:31:59.427
1771288319476,1.0,2026-02-16 19:31:59.476
1771288319529,0.0,2026-02-16 19:31:59.529
1771288319578,3.0,2026-02-16 19:31:59.578
1771288319630,3.0,2026-02-16 19:31:59.630
1771288319676,4.0,2026-02-16 19:31:59.676
1771288319730,4.0,2026-02-16 19:31:59.730
1771288319779,2.0,2026-02-16 19:31:59.779
1771288319828,1.0,2026-02-16 19:31:59.828
1771288319877,0.0,2026-02-16 19:31:59.877
1771288319930,7.0,2026-02-16 19:31:59.930
1771288319979,4.0,2026-02-16 19:31:59.979
1771288320029,3.0,2026-02-16 19:32:00.029
1771288320078,1.0,2026-02-16 19:32:00.078
1771288320131,1.0,2026-02-16 19:32:00.131
1771288320180,3.0,2026-02-16 19:32:00.180
1771288320229,4.0,2026-02-16 19:32:00.229
1771288320278,4.0,2026-02-16 19:32:00.278
1771288320332,5.0,2026-02-16 19:32:00.332
1771288320381,2.0,2026-02-16 19:32:00.381
1771288320431,1.0,2026-02-16 19:32:00.431
1771288320479,0.0,2026-02-16 19:32:00.479
1771288320532,4.0,2026-02-16 19:32:00.532
1771288320581,4.0,2026-02-16 19:32:00.581
1771288320631,5.0,2026-02-16 19:32:00.631
1771288320684,0.0,2026-02-16 19:32:00.684
1771288320733,1.0,2026-02-16 19:32:00.733
1771288320782,0.0,2026-02-16 19:32:00.782
1771288320831,3.0,2026-02-16 19:32:00.831
1771288320884,2.0,2026-02-16 19:32:00.884
1771288320934,4.0,2026-02-16 19:32:00.934
1771288320983,3.0,2026-02-16 19:32:00.983
1771288321032,0.0,2026-02-16 19:32:01.032
1771288321085,0.0,2026-02-16 19:32:01.085
1771288321134,4.0,2026-02-16 19:32:01.134
1771288321184,3.0,2026-02-16 19:32:01.184
1771288321233,4.0,2026-02-16 19:32:01.233
1771288321286,3.0,2026-02-16 19:32:01.286
1771288321335,3.0,2026-02-16 19:32:01.335
1771288321384,0.0,2026-02-16 19:32:01.384
1771288321433,2.0,2026-02-16 19:32:01.433
1771288321487,3.0,2026-02-16 19:32:01.487
1771288321536,6.0,2026-02-16 19:32:01.536
1771288321585,4.0,2026-02-16 19:32:01.585
1771288321634,2.0,2026-02-16 19:32:01.634
1771288321687,0.0,2026-02-16 19:32:01.687
1771288321737,1.0,2026-02-16 19:32:01.737
1771288321786,1.0,2026-02-16 19:32:01.786
1771288321835,2.0,2026-02-16 19:32:01.835
1771288321888,4.0,2026-02-16 19:32:01.888
1771288321937,4.0,2026-02-16 19:32:01.937
1771288321986,0.0,2026-02-16 19:32:01.986
1771288322036,0.0,2026-02-16 19:32:02.036
1771288322089,1.0,2026-02-16 19:32:02.089
1771288322138,4.0,2026-02-16 19:32:02.138
1771288322187,4.0,2026-02-16 19:32:02.187
1771288322240,4.0,2026-02-16 19:32:02.240
1771288322289,4.0,2026-02-16 19:32:02.289
1771288322339,2.0,2026-02-16 19:32:02.339
1771288322388,1.0,2026-02-16 19:32:02.388
1771288322441,3.0,2026-02-16 19:32:02.441
1771288322490,4.0,2026-02-16 19:32:02.490
1771288322539,6.0,2026-02-16 19:32:02.539
1771288322588,7.0,2026-02-16 19:32:02.588
1771288322642,4.0,2026-02-16 19:32:02.642
1771288322691,2.0,2026-02-16 19:32:02.691
1771288322740,2.0,2026-02-16 19:32:02.740
1771288322789,2.0,2026-02-16 19:32:02.789
1771288322842,4.0,2026-02-16 19:32:02.842
1771288322891,5.0,2026-02-16 19:32:02.891
1771288322941,4.0,2026-02-16 19:32:02.941
1771288322990,0.0,2026-02-16 19:32:02.990
1771288323043,1.0,2026-02-16 19:32:03.043
1771288323092,0.0,2026-02-16 19:32:03.092
1771288323141,2.0,2026-02-16 19:32:03.141
1771288323191,3.0,2026-02-16 19:32:03.191
1771288323244,7.0,2026-02-16 19:32:03.244
1771288323293,3.0,2026-02-16 19:32:03.293
1771288323342,1.0,2026-02-16 19:32:03.342
1771288323391,1.0,2026-02-16 19:32:03.391
1771288323444,2.0,2026-02-16 19:32:03.444
1771288323494,2.0,2026-02-16 19:32:03.494
1771288323543,5.0,2026-02-16 19:32:03.543
1771288323592,6.0,2026-02-16 19:32:03.592
1771288323645,4.0,2026-02-16 19:32:03.645
1771288323695,1.0,2026-02-16 19:32:03.695
1771288323743,1.0,2026-02-16 19:32:03.743
1771288323797,0.0,2026-02-16 19:32:03.797
1771288323846,3.0,2026-02-16 19:32:03.846
1771288323895,0.0,2026-02-16 19:32:03.895
1771288323944,4.0,2026-02-16 19:32:03.944
1771288323997,1.0,2026-02-16 19:32:03.997
1771288324047,2.0,2026-02-16 19:32:04.047
1771288324096,0.0,2026-02-16 19:32:04.096
1771288324145,2.0,2026-02-16 19:32:04.145
1771288324198,1.0,2026-02-16 19:32:04.198
1771288324247,4.0,2026-02-16 19:32:04.247
1771288324296,4.0,2026-02-16 19:32:04.296
1771288324346,6.0,2026-02-16 19:32:04.346
1771288324399,7.0,2026-02-16 19:32:04.399
1771288324448,2.0,2026-02-16 19:32:04.448
1771288324497,1.0,2026-02-16 19:32:04.497
1771288324546,2.0,2026-02-16 19:32:04.546
1771288324599,3.0,2026-02-16 19:32:04.599
1771288324649,3.0,2026-02-16 19:32:04.649
1771288324698,7.0,2026-02-16 19:32:04.698
1771288324747,3.0,2026-02-16 19:32:04.747
1771288324800,3.0,2026-02-16 19:32:04.800
1771288324849,0.0,2026-02-16 19:32:04.849
1771288324899,1.0,2026-02-16 19:32:04.899
1771288324948,0.0,2026-02-16 19:32:04.948
1771288325001,4.0,2026-02-16 19:32:05.001
1771288325050,4.0,2026-02-16 19:32:05.050
1771288325099,6.0,2026-02-16 19:32:05.099
1771288325152,3.0,2026-02-16 19:32:05.152
1771288325201,4.0,2026-02-16 19:32:05.201
1771288325251,1.0,2026-02-16 19:32:05.251
1771288325300,2.0,2026-02-16 19:32:05.300
1771288325353,2.0,2026-02-16 19:32:05.353
1771288325402,6.0,2026-02-16 19:32:05.402
1771288325451,4.0,2026-02-16 19:32:05.451
1771288325501,4.0,2026-02-16 19:32:05.501
1771288325554,3.0,2026-02-16 19:32:05.554
1771288325603,2.0,2026-02-16 19:32:05.603
1771288325652,0.0,2026-02-16 19:32:05.652
1771288325701,0.0,2026-02-16 19:32:05.701
1771288325754,2.0,2026-02-16 19:32:05.754
1771288325804,3.0,2026-02-16 19:32:05.804
1771288325853,4.0,2026-02-16 19:32:05.853
1771288325902,5.0,2026-02-16 19:32:05.902
1771288325955,4.0,2026-02-16 19:32:05.955
1771288326004,0.0,2026-02-16 19:32:06.004
1771288326054,2.0,2026-02-16 19:32:06.054
1771288326103,0.0,2026-02-16 19:32:06.103
1771288326156,4.0,2026-02-16 19:32:06.156
1771288326205,4.0,2026-02-16 19:32:06.205
1771288326254,4.0,2026-02-16 19:32:06.254
1771288326303,5.0,2026-02-16 19:32:06.303
1771288326357,4.0,2026-02-16 19:32:06.357
1771288326406,1.0,2026-02-16 19:32:06.406
1771288326455,1.0,2026-02-16 19:32:06.455
1771288326504,0.0,2026-02-16 19:32:06.504
1771288326557,0.0,2026-02-16 19:32:06.557
1771288326607,2.0,2026-02-16 19:32:06.607
1771288326656,9.0,2026-02-16 19:32:06.656
1771288326709,5.0,2026-02-16 19:32:06.709
1771288326758,4.0,2026-02-16 19:32:06.758
1771288326807,6.0,2026-02-16 19:32:06.807
1771288326856,3.0,2026-02-16 19:32:06.856
1771288326909,1.0,2026-02-16 19:32:06.909
1771288326959,0.0,2026-02-16 19:32:06.959
1771288327008,7.0,2026-02-16 19:32:07.008
1771288327057,3.0,2026-02-16 19:32:07.057
1771288327110,2.0,2026-02-16 19:32:07.110
1771288327159,5.0,2026-02-16 19:32:07.159
1771288327209,2.0,2026-02-16 19:32:07.209
1771288327258,2.0,2026-02-16 19:32:07.258
1771288327311,0.0,2026-02-16 19:32:07.311
1771288327360,0.0,2026-02-16 19:32:07.360
1771288327409,0.0,2026-02-16 19:32:07.409
1771288327459,2.0,2026-02-16 19:32:07.459
1771288327512,3.0,2026-02-16 19:32:07.512
1771288327561,3.0,2026-02-16 19:32:07.561
1771288327610,3.0,2026-02-16 19:32:07.610
1771288327659,6.0,2026-02-16 19:32:07.659
1771288327712,4.0,2026-02-16 19:32:07.712
1771288327761,1.0,2026-02-16 19:32:07.761
1771288327811,2.0,2026-02-16 19:32:07.811
1771288327860,0.0,2026-02-16 19:32:07.860
1771288327913,1.0,2026-02-16 19:32:07.913
1771288327962,0.0,2026-02-16 19:32:07.962
1771288328012,2.0,2026-02-16 19:32:08.012
1771288328061,5.0,2026-02-16 19:32:08.061
1771288328114,5.0,2026-02-16 19:32:08.114
1771288328163,4.0,2026-02-16 19:32:08.163
1771288328212,3.0,2026-02-16 19:32:08.212
1771288328265,2.0,2026-02-16 19:32:08.265
1771288328314,1.0,2026-02-16 19:32:08.314
1771288328364,4.0,2026-02-16 19:32:08.364
1771288328413,1.0,2026-02-16 19:32:08.413
1771288328466,3.0,2026-02-16 19:32:08.466
1771288328515,5.0,2026-02-16 19:32:08.515
1771288328564,4.0,2026-02-16 19:32:08.564
1771288328613,3.0,2026-02-16 19:32:08.613
1771288328667,3.0,2026-02-16 19:32:08.667
1771288328716,3.0,2026-02-16 19:32:08.716
1771288328765,0.0,2026-02-16 19:32:08.765
1771288328814,2.0,2026-02-16 19:32:08.814
1771288328867,1.0,2026-02-16 19:32:08.867
1771288328916,3.0,2026-02-16 19:32:08.916
1771288328966,3.0,2026-02-16 19:32:08.966
1771288329015,6.0,2026-02-16 19:32:09.015
1771288329068,6.0,2026-02-16 19:32:09.068
1771288329117,2.0,2026-02-16 19:32:09.117
1771288329166,5.0,2026-02-16 19:32:09.166
1771288329216,2.0,2026-02-16 19:32:09.216
1771288329269,1.0,2026-02-16 19:32:09.269
1771288329318,0.0,2026-02-16 19:32:09.318
1771288329369,1.0,2026-02-16 19:32:09.369
1771288329417,1.0,2026-02-16 19:32:09.417
1771288329469,1.0,2026-02-16 19:32:09.469
1771288329519,6.0,2026-02-16 19:32:09.519
1771288329568,8.0,2026-02-16 19:32:09.568
1771288329621,5.0,2026-02-16 19:32:09.621
1771288329670,4.0,2026-02-16 19:32:09.670
1771288329719,4.0,2026-02-16 19:32:09.719
1771288329768,0.0,2026-02-16 19:32:09.768
1771288329822,1.0,2026-02-16 19:32:09.822
1771288329871,3.0,2026-02-16 19:32:09.871
1771288329920,0.0,2026-02-16 19:32:09.920
1771288329969,2.0,2026-02-16 19:32:09.969
1771288330022,3.0,2026-02-16 19:32:10.022
1771288330072,5.0,2026-02-16 19:32:10.072
1771288330121,2.0,2026-02-16 19:32:10.121
1771288330170,4.0,2026-02-16 19:32:10.170
1771288330223,3.0,2026-02-16 19:32:10.223
1771288330272,1.0,2026-02-16 19:32:10.272
1771288330321,3.0,2026-02-16 19:32:10.321
1771288330371,0.0,2026-02-16 19:32:10.371
1771288330424,2.0,2026-02-16 19:32:10.424
1771288330473,2.0,2026-02-16 19:32:10.473
1771288330522,3.0,2026-02-16 19:32:10.522
1771288330571,3.0,2026-02-16 19:32:10.571
1771288330624,4.0,2026-02-16 19:32:10.624
1771288330674,5.0,2026-02-16 19:32:10.674
1771288330723,3.0,2026-02-16 19:32:10.723
1771288330772,3.0,2026-02-16 19:32:10.772
1771288330825,1.0,2026-02-16 19:32:10.825
1771288330874,1.0,2026-02-16 19:32:10.874
1771288330924,1.0,2026-02-16 19:32:10.924
1771288330973,1.0,2026-02-16 19:32:10.973
1771288331026,2.0,2026-02-16 19:32:11.026
1771288331075,2.0,2026-02-16 19:32:11.075
1771288331124,4.0,2026-02-16 19:32:11.124
1771288331178,3.0,2026-02-16 19:32:11.178
1771288331227,4.0,2026-02-16 19:32:11.227
1771288331276,1.0,2026-02-16 19:32:11.276
1771288331325,2.0,2026-02-16 19:32:11.325
1771288331378,2.0,2026-02-16 19:32:11.378
1771288331427,0.0,2026-02-16 19:32:11.427
1771288331477,1.0,2026-02-16 19:32:11.477
1771288331526,0.0,2026-02-16 19:32:11.526
1771288331579,1.0,2026-02-16 19:32:11.579
1771288331629,3.0,2026-02-16 19:32:11.629
1771288331677,5.0,2026-02-16 19:32:11.677
1771288331726,5.0,2026-02-16 19:32:11.726
1771288331779,3.0,2026-02-16 19:32:11.779
1771288331829,6.0,2026-02-16 19:32:11.829
1771288331878,2.0,2026-02-16 19:32:11.878
1771288331927,3.0,2026-02-16 19:32:11.927
1771288331980,2.0,2026-02-16 19:32:11.980
1771288332029,0.0,2026-02-16 19:32:12.029
1771288332079,2.0,2026-02-16 19:32:12.079
1771288332128,0.0,2026-02-16 19:32:12.128
1771288332181,5.0,2026-02-16 19:32:12.181
1771288332230,1.0,2026-02-16 19:32:12.230
1771288332279,4.0,2026-02-16 19:32:12.279
1771288332328,5.0,2026-02-16 19:32:12.328
1771288332382,5.0,2026-02-16 19:32:12.382
1771288332431,5.0,2026-02-16 19:32:12.431
1771288332480,4.0,2026-02-16 19:32:12.480
1771288332529,3.0,2026-02-16 19:32:12.529
1771288332582,3.0,2026-02-16 19:32:12.582
1771288332632,3.0,2026-02-16 19:32:12.632
1771288332681,3.0,2026-02-16 19:32:12.681
1771288332734,1.0,2026-02-16 19:32:12.734
1771288332783,2.0,2026-02-16 19:32:12.783
1771288332832,0.0,2026-02-16 19:32:12.832
1771288332881,1.0,2026-02-16 19:32:12.881
1771288332934,4.0,2026-02-16 19:32:12.934
1771288332985,4.0,2026-02-16 19:32:12.985
1771288333033,4.0,2026-02-16 19:32:13.033
1771288333082,4.0,2026-02-16 19:32:13.082
1771288333135,2.0,2026-02-16 19:32:13.135
1771288333184,4.0,2026-02-16 19:32:13.184
1771288333234,3.0,2026-02-16 19:32:13.234
1771288333283,4.0,2026-02-16 19:32:13.283
1771288333336,2.0,2026-02-16 19:32:13.336
1771288333385,3.0,2026-02-16 19:32:13.385
1771288333434,3.0,2026-02-16 19:32:13.434
1771288333483,1.0,2026-02-16 19:32:13.483
1771288333537,2.0,2026-02-16 19:32:13.537
1771288333586,1.0,2026-02-16 19:32:13.586
1771288333635,2.0,2026-02-16 19:32:13.635
1771288333684,2.0,2026-02-16 19:32:13.684
1771288333737,3.0,2026-02-16 19:32:13.737
1771288333786,5.0,2026-02-16 19:32:13.786
1771288333836,3.0,2026-02-16 19:32:13.836
1771288333885,5.0,2026-02-16 19:32:13.885
1771288333938,4.0,2026-02-16 19:32:13.938
1771288333987,2.0,2026-02-16 19:32:13.987
1771288334036,4.0,2026-02-16 19:32:14.036
1771288334086,1.0,2026-02-16 19:32:14.086
1771288334139,1.0,2026-02-16 19:32:14.139
1771288334188,1.0,2026-02-16 19:32:14.188
1771288334237,1.0,2026-02-16 19:32:14.237
1771288334290,0.0,2026-02-16 19:32:14.290
1771288334339,1.0,2026-02-16 19:32:14.339
1771288334389,4.0,2026-02-16 19:32:14.389
1771288334438,3.0,2026-02-16 19:32:14.438
1771288334491,4.0,2026-02-16 19:32:14.491
1771288334540,7.0,2026-02-16 19:32:14.540
1771288334589,5.0,2026-02-16 19:32:14.589
1771288334639,6.0,2026-02-16 19:32:14.639
1771288334692,6.0,2026-02-16 19:32:14.692
1771288334741,2.0,2026-02-16 19:32:14.741
1771288334790,2.0,2026-02-16 19:32:14.790
1771288334839,0.0,2026-02-16 19:32:14.839
1771288334892,0.0,2026-02-16 19:32:14.892
1771288334941,0.0,2026-02-16 19:32:14.941
1771288334991,1.0,2026-02-16 19:32:14.991
1771288335040,2.0,2026-02-16 19:32:15.040
1771288335093,1.0,2026-02-16 19:32:15.093
1771288335142,2.0,2026-02-16 19:32:15.142
1771288335191,3.0,2026-02-16 19:32:15.191
1771288335241,4.0,2026-02-16 19:32:15.241
1771288335294,7.0,2026-02-16 19:32:15.294
1771288335343,2.0,2026-02-16 19:32:15.343
1771288335392,3.0,2026-02-16 19:32:15.392
1771288335441,4.0,2026-02-16 19:32:15.441
1771288335494,2.0,2026-02-16 19:32:15.494
1771288335544,3.0,2026-02-16 19:32:15.544
1771288335593,3.0,2026-02-16 19:32:15.593
1771288335647,1.0,2026-02-16 19:32:15.647
1771288335695,3.0,2026-02-16 19:32:15.695
1771288335745,0.0,2026-02-16 19:32:15.745
1771288335793,3.0,2026-02-16 19:32:15.793
1771288335847,1.0,2026-02-16 19:32:15.847
1771288335896,2.0,2026-02-16 19:32:15.896
1771288335945,2.0,2026-02-16 19:32:15.945
1771288335994,2.0,2026-02-16 19:32:15.994
1771288336047,3.0,2026-02-16 19:32:16.047
1771288336097,4.0,2026-02-16 19:32:16.097
1771288336146,6.0,2026-02-16 19:32:16.146
1771288336195,6.0,2026-02-16 19:32:16.195
1771288336248,5.0,2026-02-16 19:32:16.248
1771288336297,4.0,2026-02-16 19:32:16.297
1771288336346,4.0,2026-02-16 19:32:16.346
1771288336396,3.0,2026-02-16 19:32:16.396
1771288336449,3.0,2026-02-16 19:32:16.449
1771288336498,1.0,2026-02-16 19:32:16.498
1771288336547,4.0,2026-02-16 19:32:16.547
1771288336596,1.0,2026-02-16 19:32:16.596
1771288336649,2.0,2026-02-16 19:32:16.649
1771288336699,3.0,2026-02-16 19:32:16.699
1771288336748,0.0,2026-02-16 19:32:16.748
1771288336797,3.0,2026-02-16 19:32:16.797
1771288336850,2.0,2026-02-16 19:32:16.850
1771288336899,1.0,2026-02-16 19:32:16.899
1771288336949,4.0,2026-02-16 19:32:16.949
1771288336998,2.0,2026-02-16 19:32:16.998
1771288337051,3.0,2026-02-16 19:32:17.051
1771288337100,3.0,2026-02-16 19:32:17.100
1771288337149,5.0,2026-02-16 19:32:17.149
1771288337202,5.0,2026-02-16 19:32:17.202
1771288337252,5.0,2026-02-16 19:32:17.252
1771288337301,4.0,2026-02-16 19:32:17.301
1771288337350,4.0,2026-02-16 19:32:17.350
1771288337403,3.0,2026-02-16 19:32:17.403
1771288337452,3.0,2026-02-16 19:32:17.452
1771288337502,2.0,2026-02-16 19:32:17.502
1771288337551,0.0,2026-02-16 19:32:17.551
1771288337604,1.0,2026-02-16 19:32:17.604
1771288337653,0.0,2026-02-16 19:32:17.653
1771288337702,1.0,2026-02-16 19:32:17.702
1771288337751,2.0,2026-02-16 19:32:17.751
1771288337804,1.0,2026-02-16 19:32:17.804
1771288337854,5.0,2026-02-16 19:32:17.854
1771288337903,3.0,2026-02-16 19:32:17.903
1771288337952,1.0,2026-02-16 19:32:17.952
1771288338005,4.0,2026-02-16 19:32:18.005
1771288338054,2.0,2026-02-16 19:32:18.054
1771288338104,2.0,2026-02-16 19:32:18.104
1771288338154,4.0,2026-02-16 19:32:18.154
1771288338206,4.0,2026-02-16 19:32:18.206
1771288338255,4.0,2026-02-16 19:32:18.255
1771288338304,6.0,2026-02-16 19:32:18.304
1771288338354,5.0,2026-02-16 19:32:18.354
1771288338407,5.0,2026-02-16 19:32:18.407
1771288338456,4.0,2026-02-16 19:32:18.456
1771288338505,3.0,2026-02-16 19:32:18.505
1771288338554,2.0,2026-02-16 19:32:18.554
1771288338607,2.0,2026-02-16 19:32:18.607
1771288338657,2.0,2026-02-16 19:32:18.657
1771288338706,2.0,2026-02-16 19:32:18.706
1771288338759,2.0,2026-02-16 19:32:18.759
1771288338808,3.0,2026-02-16 19:32:18.808
1771288338857,0.0,2026-02-16 19:32:18.857
1771288338906,2.0,2026-02-16 19:32:18.906
1771288338959,2.0,2026-02-16 19:32:18.959
1771288339009,1.0,2026-02-16 19:32:19.009
1771288339058,0.0,2026-02-16 19:32:19.058
1771288339107,1.0,2026-02-16 19:32:19.107
1771288339160,0.0,2026-02-16 19:32:19.160
1771288339209,3.0,2026-02-16 19:32:19.209
1771288339259,3.0,2026-02-16 19:32:19.259
1771288339308,3.0,2026-02-16 19:32:19.308
1771288339361,5.0,2026-02-16 19:32:19.361
1771288339410,3.0,2026-02-16 19:32:19.410
1771288339459,3.0,2026-02-16 19:32:19.459
1771288339508,4.0,2026-02-16 19:32:19.508
1771288339562,3.0,2026-02-16 19:32:19.562
1771288339611,4.0,2026-02-16 19:32:19.611
1771288339660,6.0,2026-02-16 19:32:19.660
1771288339709,5.0,2026-02-16 19:32:19.709
1771288339762,6.0,2026-02-16 19:32:19.762
1771288339811,5.0,2026-02-16 19:32:19.811
1771288339861,4.0,2026-02-16 19:32:19.861
1771288339910,5.0,2026-02-16 19:32:19.910
1771288339963,3.0,2026-02-16 19:32:19.963
1771288340012,1.0,2026-02-16 19:32:20.012
1771288340061,1.0,2026-02-16 19:32:20.061
1771288340114,1.0,2026-02-16 19:32:20.114
1771288340164,3.0,2026-02-16 19:32:20.164
1771288340213,3.0,2026-02-16 19:32:20.213
1771288340262,0.0,2026-02-16 19:32:20.262
1771288340315,2.0,2026-02-16 19:32:20.315
1771288340364,1.0,2026-02-16 19:32:20.364
1771288340414,0.0,2026-02-16 19:32:20.414
1771288340463,0.0,2026-02-16 19:32:20.463
1771288340516,0.0,2026-02-16 19:32:20.516
1771288340565,0.0,2026-02-16 19:32:20.565
1771288340614,1.0,2026-02-16 19:32:20.614
1771288340664,2.0,2026-02-16 19:32:20.664
1771288340717,2.0,2026-02-16 19:32:20.717
1771288340766,4.0,2026-02-16 19:32:20.766
1771288340815,2.0,2026-02-16 19:32:20.815
1771288340864,1.0,2026-02-16 19:32:20.864
1771288340917,2.0,2026-02-16 19:32:20.917
1771288340966,2.0,2026-02-16 19:32:20.966
1771288341016,2.0,2026-02-16 19:32:21.016
1771288341065,5.0,2026-02-16 19:32:21.065
1771288341118,3.0,2026-02-16 19:32:21.118
1771288341167,4.0,2026-02-16 19:32:21.167
1771288341216,4.0,2026-02-16 19:32:21.216
1771288341266,5.0,2026-02-16 19:32:21.266
1771288341319,6.0,2026-02-16 19:32:21.319
1771288341368,5.0,2026-02-16 19:32:21.368
1771288341417,3.0,2026-02-16 19:32:21.417
1771288341466,6.0,2026-02-16 19:32:21.466
1771288341519,5.0,2026-02-16 19:32:21.519
1771288341569,3.0,2026-02-16 19:32:21.569
1771288341618,5.0,2026-02-16 19:32:21.618
1771288341671,6.0,2026-02-16 19:32:21.671
1771288341720,4.0,2026-02-16 19:32:21.720
1771288341769,3.0,2026-02-16 19:32:21.769
1771288341818,4.0,2026-02-16 19:32:21.818
1771288341872,5.0,2026-02-16 19:32:21.872
1771288341921,2.0,2026-02-16 19:32:21.921
1771288341970,2.0,2026-02-16 19:32:21.970
1771288342020,4.0,2026-02-16 19:32:22.020
1771288342073,3.0,2026-02-16 19:32:22.073
1771288342122,2.0,2026-02-16 19:32:22.122
1771288342171,3.0,2026-02-16 19:32:22.171
1771288342220,1.0,2026-02-16 19:32:22.220
1771288342273,1.0,2026-02-16 19:32:22.273
1771288342322,2.0,2026-02-16 19:32:22.322
1771288342372,0.0,2026-02-16 19:32:22.372
1771288342421,1.0,2026-02-16 19:32:22.421
1771288342474,1.0,2026-02-16 19:32:22.474
1771288342523,1.0,2026-02-16 19:32:22.523
1771288342572,1.0,2026-02-16 19:32:22.572
1771288342621,3.0,2026-02-16 19:32:22.621
1771288342674,1.0,2026-02-16 19:32:22.674
1771288342724,1.0,2026-02-16 19:32:22.724
1771288342773,1.0,2026-02-16 19:32:22.773
1771288342822,2.0,2026-02-16 19:32:22.822
1771288342875,0.0,2026-02-16 19:32:22.875
1771288342925,2.0,2026-02-16 19:32:22.925
1771288342974,0.0,2026-02-16 19:32:22.974
1771288343023,0.0,2026-02-16 19:32:23.023
1771288343076,2.0,2026-02-16 19:32:23.076
1771288343125,0.0,2026-02-16 19:32:23.125
1771288343174,0.0,2026-02-16 19:32:23.174
1771288343227,1.0,2026-02-16 19:32:23.227
1771288343277,0.0,2026-02-16 19:32:23.277
1771288343326,0.0,2026-02-16 19:32:23.326
1771288343375,0.0,2026-02-16 19:32:23.375
1771288343428,0.0,2026-02-16 19:32:23.428
1771288343477,2.0,2026-02-16 19:32:23.477
1771288343527,3.0,2026-02-16 19:32:23.527
1771288343576,0.0,2026-02-16 19:32:23.576
1771288343629,3.0,2026-02-16 19:32:23.629
1771288343678,1.0,2026-02-16 19:32:23.678
1771288343727,0.0,2026-02-16 19:32:23.727
1771288343776,2.0,2026-02-16 19:32:23.776
1771288343829,2.0,2026-02-16 19:32:23.829
1771288343879,0.0,2026-02-16 19:32:23.879
1771288343928,2.0,2026-02-16 19:32:23.928
1771288343977,1.0,2026-02-16 19:32:23.977
1771288344030,1.0,2026-02-16 19:32:24.030
1771288344079,2.0,2026-02-16 19:32:24.079
1771288344129,1.0,2026-02-16 19:32:24.129
1771288344178,2.0,2026-02-16 19:32:24.178
1771288344231,3.0,2026-02-16 19:32:24.231
1771288344280,2.0,2026-02-16 19:32:24.280
1771288344329,4.0,2026-02-16 19:32:24.329
1771288344378,3.0,2026-02-16 19:32:24.378
1771288344432,2.0,2026-02-16 19:32:24.432
1771288344481,2.0,2026-02-16 19:32:24.481
1771288344530,1.0,2026-02-16 19:32:24.530
1771288344583,0.0,2026-02-16 19:32:24.583
1771288344632,1.0,2026-02-16 19:32:24.632
1771288344682,3.0,2026-02-16 19:32:24.682
1771288344731,4.0,2026-02-16 19:32:24.731
1771288344784,2.0,2026-02-16 19:32:24.784
1771288344833,3.0,2026-02-16 19:32:24.833
1771288344882,2.0,2026-02-16 19:32:24.882
1771288344931,1.0,2026-02-16 19:32:24.931
1771288344984,2.0,2026-02-16 19:32:24.984
1771288345034,3.0,2026-02-16 19:32:25.034
1771288345083,2.0,2026-02-16 19:32:25.083
1771288345132,3.0,2026-02-16 19:32:25.132
1771288345185,2.0,2026-02-16 19:32:25.185
1771288345234,1.0,2026-02-16 19:32:25.234
1771288345284,0.0,2026-02-16 19:32:25.284
1771288345333,1.0,2026-02-16 19:32:25.333
1771288345386,1.0,2026-02-16 19:32:25.386
1771288345435,0.0,2026-02-16 19:32:25.435
1771288345484,1.0,2026-02-16 19:32:25.484
1771288345533,3.0,2026-02-16 19:32:25.533
1771288345587,1.0,2026-02-16 19:32:25.587
1771288345636,0.0,2026-02-16 19:32:25.636
1771288345685,0.0,2026-02-16 19:32:25.685
1771288345734,0.0,2026-02-16 19:32:25.734
1771288345787,0.0,2026-02-16 19:32:25.787
1771288345836,0.0,2026-02-16 19:32:25.836
1771288345886,0.0,2026-02-16 19:32:25.886
1771288345935,1.0,2026-02-16 19:32:25.935
1771288345988,2.0,2026-02-16 19:32:25.988
1771288346037,0.0,2026-02-16 19:32:26.037
1771288346086,5.0,2026-02-16 19:32:26.086
1771288346140,0.0,2026-02-16 19:32:26.140
1771288346189,0.0,2026-02-16 19:32:26.189
1771288346238,1.0,2026-02-16 19:32:26.238
1771288346287,3.0,2026-02-16 19:32:26.287
1771288346340,2.0,2026-02-16 19:32:26.340
1771288346389,1.0,2026-02-16 19:32:26.389
1771288346439,1.0,2026-02-16 19:32:26.439
1771288346488,2.0,2026-02-16 19:32:26.488
1771288346541,0.0,2026-02-16 19:32:26.541
1771288346590,2.0,2026-02-16 19:32:26.590
1771288346639,4.0,2026-02-16 19:32:26.639
1771288346688,1.0,2026-02-16 19:32:26.688
1771288346742,3.0,2026-02-16 19:32:26.742
1771288346791,4.0,2026-02-16 19:32:26.791
1771288346840,1.0,2026-02-16 19:32:26.840
1771288346889,2.0,2026-02-16 19:32:26.889
1771288346942,4.0,2026-02-16 19:32:26.942
1771288346991,2.0,2026-02-16 19:32:26.991
1771288347041,3.0,2026-02-16 19:32:27.041
1771288347090,4.0,2026-02-16 19:32:27.090
1771288347143,4.0,2026-02-16 19:32:27.143
1771288347192,3.0,2026-02-16 19:32:27.192
1771288347241,5.0,2026-02-16 19:32:27.241
1771288347291,5.0,2026-02-16 19:32:27.291
1771288347344,4.0,2026-02-16 19:32:27.344
1771288347393,3.0,2026-02-16 19:32:27.393
1771288347442,6.0,2026-02-16 19:32:27.442
1771288347491,6.0,2026-02-16 19:32:27.491
1771288347544,5.0,2026-02-16 19:32:27.544
1771288347594,5.0,2026-02-16 19:32:27.594
1771288347643,3.0,2026-02-16 19:32:27.643
1771288347696,4.0,2026-02-16 19:32:27.696
1771288347745,3.0,2026-02-16 19:32:27.745
1771288347794,5.0,2026-02-16 19:32:27.794
1771288347843,4.0,2026-02-16 19:32:27.843
1771288347897,3.0,2026-02-16 19:32:27.897
1771288347946,5.0,2026-02-16 19:32:27.946
1771288347995,3.0,2026-02-16 19:32:27.995
1771288348044,0.0,2026-02-16 19:32:28.044
1771288348097,2.0,2026-02-16 19:32:28.097
1771288348146,1.0,2026-02-16 19:32:28.146
1771288348196,0.0,2026-02-16 19:32:28.196
1771288348245,3.0,2026-02-16 19:32:28.245
1771288348298,2.0,2026-02-16 19:32:28.298
1771288348347,1.0,2026-02-16 19:32:28.347
1771288348397,0.0,2026-02-16 19:32:28.397
1771288348446,2.0,2026-02-16 19:32:28.446
1771288348499,1.0,2026-02-16 19:32:28.499
1771288348548,0.0,2026-02-16 19:32:28.548
1771288348597,1.0,2026-02-16 19:32:28.597
1771288348646,2.0,2026-02-16 19:32:28.646
1771288348699,2.0,2026-02-16 19:32:28.699
1771288348749,2.0,2026-02-16 19:32:28.749
1771288348798,3.0,2026-02-16 19:32:28.798
1771288348847,2.0,2026-02-16 19:32:28.847
1771288348900,1.0,2026-02-16 19:32:28.900
1771288348949,3.0,2026-02-16 19:32:28.949
1771288348999,4.0,2026-02-16 19:32:28.999
1771288349052,3.0,2026-02-16 19:32:29.052
1771288349101,5.0,2026-02-16 19:32:29.101
1771288349150,5.0,2026-02-16 19:32:29.150
1771288349199,2.0,2026-02-16 19:32:29.199
1771288349253,4.0,2026-02-16 19:32:29.253
1771288349302,4.0,2026-02-16 19:32:29.302
1771288349351,6.0,2026-02-16 19:32:29.351
1771288349400,4.0,2026-02-16 19:32:29.400
1771288349453,5.0,2026-02-16 19:32:29.453
1771288349502,4.0,2026-02-16 19:32:29.502
1771288349552,0.0,2026-02-16 19:32:29.552
1771288349601,1.0,2026-02-16 19:32:29.601
1771288349654,1.0,2026-02-16 19:32:29.654
1771288349703,2.0,2026-02-16 19:32:29.703
1771288349752,1.0,2026-02-16 19:32:29.752
1771288349801,1.0,2026-02-16 19:32:29.801
1771288349854,2.0,2026-02-16 19:32:29.854
1771288349904,2.0,2026-02-16 19:32:29.904
1771288349953,0.0,2026-02-16 19:32:29.953
1771288350002,1.0,2026-02-16 19:32:30.002
1771288350055,1.0,2026-02-16 19:32:30.055
1771288350104,1.0,2026-02-16 19:32:30.104
1771288350154,2.0,2026-02-16 19:32:30.154
1771288350203,3.0,2026-02-16 19:32:30.203
1771288350256,3.0,2026-02-16 19:32:30.256
1771288350305,2.0,2026-02-16 19:32:30.305
1771288350354,3.0,2026-02-16 19:32:30.354
1771288350403,4.0,2026-02-16 19:32:30.403
1771288350457,4.0,2026-02-16 19:32:30.457
1771288350506,5.0,2026-02-16 19:32:30.506
1771288350555,6.0,2026-02-16 19:32:30.555
1771288350608,5.0,2026-02-16 19:32:30.608
1771288350659,4.0,2026-02-16 19:32:30.659
1771288350707,3.0,2026-02-16 19:32:30.707
1771288350756,4.0,2026-02-16 19:32:30.756
1771288350809,3.0,2026-02-16 19:32:30.809
1771288350858,2.0,2026-02-16 19:32:30.858
1771288350907,2.0,2026-02-16 19:32:30.907
1771288350956,2.0,2026-02-16 19:32:30.956
1771288351009,0.0,2026-02-16 19:32:31.009
1771288351059,1.0,2026-02-16 19:32:31.059
1771288351108,0.0,2026-02-16 19:32:31.108
1771288351157,2.0,2026-02-16 19:32:31.157
1771288351210,1.0,2026-02-16 19:32:31.210
1771288351259,1.0,2026-02-16 19:32:31.259
1771288351309,4.0,2026-02-16 19:32:31.309
1771288351358,2.0,2026-02-16 19:32:31.358
1771288351411,3.0,2026-02-16 19:32:31.411
1771288351460,4.0,2026-02-16 19:32:31.460
1771288351509,5.0,2026-02-16 19:32:31.509
1771288351558,6.0,2026-02-16 19:32:31.558
1771288351612,4.0,2026-02-16 19:32:31.612
1771288351661,6.0,2026-02-16 19:32:31.661
1771288351710,4.0,2026-02-16 19:32:31.710
1771288351759,2.0,2026-02-16 19:32:31.759
1771288351812,3.0,2026-02-16 19:32:31.812
1771288351862,1.0,2026-02-16 19:32:31.862
1771288351911,5.0,2026-02-16 19:32:31.911
1771288351960,1.0,2026-02-16 19:32:31.960
1771288352013,0.0,2026-02-16 19:32:32.013
1771288352062,2.0,2026-02-16 19:32:32.062
1771288352111,3.0,2026-02-16 19:32:32.111
1771288352165,0.0,2026-02-16 19:32:32.165
1771288352214,4.0,2026-02-16 19:32:32.214
1771288352263,5.0,2026-02-16 19:32:32.263
1771288352312,4.0,2026-02-16 19:32:32.312
1771288352365,4.0,2026-02-16 19:32:32.365
1771288352414,5.0,2026-02-16 19:32:32.414
1771288352464,5.0,2026-02-16 19:32:32.464
1771288352513,3.0,2026-02-16 19:32:32.513
1771288352566,5.0,2026-02-16 19:32:32.566
1771288352615,4.0,2026-02-16 19:32:32.615
1771288352664,6.0,2026-02-16 19:32:32.664
1771288352713,2.0,2026-02-16 19:32:32.713
1771288352767,0.0,2026-02-16 19:32:32.767
1771288352816,0.0,2026-02-16 19:32:32.816
1771288352865,1.0,2026-02-16 19:32:32.865
1771288352914,1.0,2026-02-16 19:32:32.914
1771288352967,0.0,2026-02-16 19:32:32.967
1771288353016,2.0,2026-02-16 19:32:33.016
1771288353066,4.0,2026-02-16 19:32:33.066
1771288353115,1.0,2026-02-16 19:32:33.115
1771288353168,3.0,2026-02-16 19:32:33.168
1771288353217,2.0,2026-02-16 19:32:33.217
1771288353267,5.0,2026-02-16 19:32:33.267
1771288353316,5.0,2026-02-16 19:32:33.316
1771288353369,2.0,2026-02-16 19:32:33.369
1771288353418,3.0,2026-02-16 19:32:33.418
1771288353467,3.0,2026-02-16 19:32:33.467
1771288353520,2.0,2026-02-16 19:32:33.520
1771288353569,2.0,2026-02-16 19:32:33.569
1771288353619,1.0,2026-02-16 19:32:33.619
1771288353668,2.0,2026-02-16 19:32:33.668
1771288353721,0.0,2026-02-16 19:32:33.721
1771288353770,1.0,2026-02-16 19:32:33.770
1771288353819,2.0,2026-02-16 19:32:33.819
1771288353869,4.0,2026-02-16 19:32:33.869
1771288353922,4.0,2026-02-16 19:32:33.922
1771288353971,3.0,2026-02-16 19:32:33.971
1771288354020,5.0,2026-02-16 19:32:34.020
1771288354069,4.0,2026-02-16 19:32:34.069
1771288354122,4.0,2026-02-16 19:32:34.122
1771288354171,1.0,2026-02-16 19:32:34.171
1771288354221,1.0,2026-02-16 19:32:34.221
1771288354270,3.0,2026-02-16 19:32:34.270
1771288354323,0.0,2026-02-16 19:32:34.323
1771288354372,1.0,2026-02-16 19:32:34.372
1771288354422,0.0,2026-02-16 19:32:34.422
1771288354471,2.0,2026-02-16 19:32:34.471
1771288354524,3.0,2026-02-16 19:32:34.524
1771288354573,3.0,2026-02-16 19:32:34.573
1771288354622,4.0,2026-02-16 19:32:34.622
1771288354671,4.0,2026-02-16 19:32:34.671
1771288354724,6.0,2026-02-16 19:32:34.724
1771288354774,2.0,2026-02-16 19:32:34.774
1771288354823,1.0,2026-02-16 19:32:34.823
1771288354872,3.0,2026-02-16 19:32:34.872
1771288354925,3.0,2026-02-16 19:32:34.925
1771288354974,1.0,2026-02-16 19:32:34.974
1771288355024,0.0,2026-02-16 19:32:35.024
1771288355077,2.0,2026-02-16 19:32:35.077
1771288355126,2.0,2026-02-16 19:32:35.126
1771288355175,4.0,2026-02-16 19:32:35.175
1771288355224,4.0,2026-02-16 19:32:35.224
1771288355277,4.0,2026-02-16 19:32:35.277
1771288355327,7.0,2026-02-16 19:32:35.327
1771288355376,4.0,2026-02-16 19:32:35.376
1771288355425,2.0,2026-02-16 19:32:35.425
1771288355478,3.0,2026-02-16 19:32:35.478
1771288355527,2.0,2026-02-16 19:32:35.527
1771288355577,4.0,2026-02-16 19:32:35.577
1771288355626,1.0,2026-02-16 19:32:35.626
1771288355679,1.0,2026-02-16 19:32:35.679
1771288355728,2.0,2026-02-16 19:32:35.728
1771288355777,3.0,2026-02-16 19:32:35.777
1771288355826,4.0,2026-02-16 19:32:35.826
1771288355879,3.0,2026-02-16 19:32:35.879
1771288355929,5.0,2026-02-16 19:32:35.929
1771288355978,5.0,2026-02-16 19:32:35.978
1771288356027,5.0,2026-02-16 19:32:36.027
1771288356080,3.0,2026-02-16 19:32:36.080
1771288356129,0.0,2026-02-16 19:32:36.129
1771288356179,3.0,2026-02-16 19:32:36.179
1771288356228,1.0,2026-02-16 19:32:36.228
1771288356281,1.0,2026-02-16 19:32:36.281
1771288356330,1.0,2026-02-16 19:32:36.330
1771288356379,1.0,2026-02-16 19:32:36.379
1771288356428,4.0,2026-02-16 19:32:36.428
1771288356482,4.0,2026-02-16 19:32:36.482
1771288356531,6.0,2026-02-16 19:32:36.531
1771288356580,4.0,2026-02-16 19:32:36.580
1771288356633,3.0,2026-02-16 19:32:36.633
1771288356682,3.0,2026-02-16 19:32:36.682
1771288356732,0.0,2026-02-16 19:32:36.732
1771288356781,0.0,2026-02-16 19:32:36.781
1771288356834,1.0,2026-02-16 19:32:36.834
1771288356883,3.0,2026-02-16 19:32:36.883
1771288356932,2.0,2026-02-16 19:32:36.932
1771288356981,3.0,2026-02-16 19:32:36.981
1771288357035,3.0,2026-02-16 19:32:37.035
1771288357084,6.0,2026-02-16 19:32:37.084
1771288357133,6.0,2026-02-16 19:32:37.133
1771288357182,6.0,2026-02-16 19:32:37.182
1771288357235,1.0,2026-02-16 19:32:37.235
1771288357284,0.0,2026-02-16 19:32:37.284
1771288357334,1.0,2026-02-16 19:32:37.334
1771288357383,2.0,2026-02-16 19:32:37.383
1771288357436,2.0,2026-02-16 19:32:37.436
1771288357485,3.0,2026-02-16 19:32:37.485
1771288357535,4.0,2026-02-16 19:32:37.535
1771288357584,6.0,2026-02-16 19:32:37.584
1771288357637,4.0,2026-02-16 19:32:37.637
1771288357686,2.0,2026-02-16 19:32:37.686
1771288357735,2.0,2026-02-16 19:32:37.735
1771288357784,2.0,2026-02-16 19:32:37.784
1771288357837,2.0,2026-02-16 19:32:37.837
1771288357887,0.0,2026-02-16 19:32:37.887
1771288357936,1.0,2026-02-16 19:32:37.936
1771288357985,1.0,2026-02-16 19:32:37.985
1771288358038,6.0,2026-02-16 19:32:38.038
1771288358087,6.0,2026-02-16 19:32:38.087
1771288358136,5.0,2026-02-16 19:32:38.136
1771288358190,3.0,2026-02-16 19:32:38.190
1771288358239,0.0,2026-02-16 19:32:38.239
1771288358288,3.0,2026-02-16 19:32:38.288
1771288358337,2.0,2026-02-16 19:32:38.337
1771288358390,2.0,2026-02-16 19:32:38.390
1771288358439,2.0,2026-02-16 19:32:38.439
1771288358489,3.0,2026-02-16 19:32:38.489
1771288358538,6.0,2026-02-16 19:32:38.538
1771288358591,4.0,2026-02-16 19:32:38.591
1771288358640,5.0,2026-02-16 19:32:38.640
1771288358689,3.0,2026-02-16 19:32:38.689
1771288358739,3.0,2026-02-16 19:32:38.739
1771288358792,1.0,2026-02-16 19:32:38.792
1771288358841,0.0,2026-02-16 19:32:38.841
1771288358890,2.0,2026-02-16 19:32:38.890
1771288358939,3.0,2026-02-16 19:32:38.939
1771288358992,5.0,2026-02-16 19:32:38.992
1771288359041,6.0,2026-02-16 19:32:39.041
1771288359091,5.0,2026-02-16 19:32:39.091
1771288359140,1.0,2026-02-16 19:32:39.140
1771288359193,3.0,2026-02-16 19:32:39.193
1771288359242,2.0,2026-02-16 19:32:39.242
1771288359292,3.0,2026-02-16 19:32:39.292
1771288359341,3.0,2026-02-16 19:32:39.341
1771288359394,1.0,2026-02-16 19:32:39.394
1771288359443,5.0,2026-02-16 19:32:39.443
1771288359492,6.0,2026-02-16 19:32:39.492
1771288359545,8.0,2026-02-16 19:32:39.545
1771288359595,3.0,2026-02-16 19:32:39.595
1771288359644,2.0,2026-02-16 19:32:39.644
1771288359693,0.0,2026-02-16 19:32:39.693
1771288359746,0.0,2026-02-16 19:32:39.746
1771288359795,3.0,2026-02-16 19:32:39.795
1771288359844,3.0,2026-02-16 19:32:39.844
1771288359894,5.0,2026-02-16 19:32:39.894
1771288359947,2.0,2026-02-16 19:32:39.947
1771288359996,3.0,2026-02-16 19:32:39.996
1771288360046,3.0,2026-02-16 19:32:40.046
1771288360094,3.0,2026-02-16 19:32:40.094
1771288360147,1.0,2026-02-16 19:32:40.147
1771288360197,1.0,2026-02-16 19:32:40.197
1771288360246,2.0,2026-02-16 19:32:40.246
1771288360295,2.0,2026-02-16 19:32:40.295
1771288360348,9.0,2026-02-16 19:32:40.348
1771288360397,4.0,2026-02-16 19:32:40.397
1771288360447,5.0,2026-02-16 19:32:40.447
1771288360496,2.0,2026-02-16 19:32:40.496
1771288360549,2.0,2026-02-16 19:32:40.549
1771288360598,1.0,2026-02-16 19:32:40.598
1771288360647,1.0,2026-02-16 19:32:40.647
1771288360696,2.0,2026-02-16 19:32:40.696
1771288360749,2.0,2026-02-16 19:32:40.749
1771288360799,5.0,2026-02-16 19:32:40.799
1771288360848,3.0,2026-02-16 19:32:40.848
1771288360897,4.0,2026-02-16 19:32:40.897
1771288360953,2.0,2026-02-16 19:32:40.953
1771288360999,0.0,2026-02-16 19:32:40.999
1771288361049,1.0,2026-02-16 19:32:41.049
1771288361102,2.0,2026-02-16 19:32:41.102
1771288361151,4.0,2026-02-16 19:32:41.151
1771288361200,4.0,2026-02-16 19:32:41.200
1771288361250,5.0,2026-02-16 19:32:41.250
1771288361303,4.0,2026-02-16 19:32:41.303
1771288361352,2.0,2026-02-16 19:32:41.352
1771288361401,3.0,2026-02-16 19:32:41.401
1771288361450,1.0,2026-02-16 19:32:41.450
1771288361503,1.0,2026-02-16 19:32:41.503
1771288361552,2.0,2026-02-16 19:32:41.552
1771288361601,5.0,2026-02-16 19:32:41.601
1771288361651,6.0,2026-02-16 19:32:41.651
1771288361704,6.0,2026-02-16 19:32:41.704
1771288361753,2.0,2026-02-16 19:32:41.753
1771288361802,1.0,2026-02-16 19:32:41.802
1771288361851,0.0,2026-02-16 19:32:41.851
1771288361904,3.0,2026-02-16 19:32:41.904
1771288361954,5.0,2026-02-16 19:32:41.954
1771288362003,4.0,2026-02-16 19:32:42.003
1771288362052,4.0,2026-02-16 19:32:42.052
1771288362105,2.0,2026-02-16 19:32:42.105
1771288362154,2.0,2026-02-16 19:32:42.154
1771288362204,1.0,2026-02-16 19:32:42.204
1771288362253,2.0,2026-02-16 19:32:42.253
1771288362306,2.0,2026-02-16 19:32:42.306
1771288362355,4.0,2026-02-16 19:32:42.355
1771288362408,11.0,2026-02-16 19:32:42.408
1771288362457,4.0,2026-02-16 19:32:42.457
1771288362507,3.0,2026-02-16 19:32:42.507
1771288362556,1.0,2026-02-16 19:32:42.556
1771288362605,2.0,2026-02-16 19:32:42.605
1771288362658,3.0,2026-02-16 19:32:42.658
1771288362707,5.0,2026-02-16 19:32:42.707
1771288362756,5.0,2026-02-16 19:32:42.756
1771288362806,6.0,2026-02-16 19:32:42.806
1771288362859,2.0,2026-02-16 19:32:42.859
1771288362908,3.0,2026-02-16 19:32:42.908
1771288362957,2.0,2026-02-16 19:32:42.957
1771288363006,2.0,2026-02-16 19:32:43.006
1771288363060,4.0,2026-02-16 19:32:43.060
1771288363109,4.0,2026-02-16 19:32:43.109
1771288363159,5.0,2026-02-16 19:32:43.159
1771288363207,3.0,2026-02-16 19:32:43.207
1771288363260,3.0,2026-02-16 19:32:43.260
1771288363309,1.0,2026-02-16 19:32:43.309
1771288363359,0.0,2026-02-16 19:32:43.359
1771288363408,1.0,2026-02-16 19:32:43.408
1771288363461,6.0,2026-02-16 19:32:43.461
1771288363510,5.0,2026-02-16 19:32:43.510
1771288363559,7.0,2026-02-16 19:32:43.559
1771288363609,2.0,2026-02-16 19:32:43.609
1771288363662,1.0,2026-02-16 19:32:43.662
1771288363711,0.0,2026-02-16 19:32:43.711
1771288363760,2.0,2026-02-16 19:32:43.760
1771288363809,5.0,2026-02-16 19:32:43.809
1771288363862,5.0,2026-02-16 19:32:43.862
1771288363912,3.0,2026-02-16 19:32:43.912
1771288363961,0.0,2026-02-16 19:32:43.961
1771288364014,1.0,2026-02-16 19:32:44.014
1771288364063,1.0,2026-02-16 19:32:44.063
1771288364112,4.0,2026-02-16 19:32:44.112
1771288364161,4.0,2026-02-16 19:32:44.161
1771288364215,4.0,2026-02-16 19:32:44.215
1771288364264,2.0,2026-02-16 19:32:44.264
1771288364313,3.0,2026-02-16 19:32:44.313
1771288364362,3.0,2026-02-16 19:32:44.362
1771288364415,2.0,2026-02-16 19:32:44.415
1771288364464,3.0,2026-02-16 19:32:44.464
1771288364514,4.0,2026-02-16 19:32:44.514
1771288364563,4.0,2026-02-16 19:32:44.563
1771288364616,2.0,2026-02-16 19:32:44.616
1771288364665,0.0,2026-02-16 19:32:44.665
1771288364714,0.0,2026-02-16 19:32:44.714
1771288364764,3.0,2026-02-16 19:32:44.764
1771288364817,4.0,2026-02-16 19:32:44.817
1771288364866,6.0,2026-02-16 19:32:44.866
1771288364915,3.0,2026-02-16 19:32:44.915
1771288364964,3.0,2026-02-16 19:32:44.964
1771288365018,0.0,2026-02-16 19:32:45.018
1771288365067,1.0,2026-02-16 19:32:45.067
1771288365116,4.0,2026-02-16 19:32:45.116
1771288365165,4.0,2026-02-16 19:32:45.165
1771288365218,5.0,2026-02-16 19:32:45.218
1771288365267,3.0,2026-02-16 19:32:45.267
1771288365317,1.0,2026-02-16 19:32:45.317
1771288365372,2.0,2026-02-16 19:32:45.372
1771288365419,4.0,2026-02-16 19:32:45.419
1771288365468,3.0,2026-02-16 19:32:45.468
1771288365517,5.0,2026-02-16 19:32:45.517
1771288365570,3.0,2026-02-16 19:32:45.570
1771288365619,3.0,2026-02-16 19:32:45.619
1771288365669,0.0,2026-02-16 19:32:45.669
1771288365718,1.0,2026-02-16 19:32:45.718
1771288365771,2.0,2026-02-16 19:32:45.771
1771288365820,5.0,2026-02-16 19:32:45.820
1771288365869,4.0,2026-02-16 19:32:45.869
1771288365919,4.0,2026-02-16 19:32:45.919
1771288365972,1.0,2026-02-16 19:32:45.972
1771288366024,0.0,2026-02-16 19:32:46.024
1771288366070,2.0,2026-02-16 19:32:46.070
1771288366119,5.0,2026-02-16 19:32:46.119
1771288366172,6.0,2026-02-16 19:32:46.172
1771288366222,5.0,2026-02-16 19:32:46.222
1771288366271,3.0,2026-02-16 19:32:46.271
1771288366320,0.0,2026-02-16 19:32:46.320
1771288366373,3.0,2026-02-16 19:32:46.373
1771288366422,4.0,2026-02-16 19:32:46.422
1771288366472,6.0,2026-02-16 19:32:46.472
1771288366521,3.0,2026-02-16 19:32:46.521
1771288366574,3.0,2026-02-16 19:32:46.574
1771288366623,1.0,2026-02-16 19:32:46.623
1771288366672,3.0,2026-02-16 19:32:46.672
1771288366721,4.0,2026-02-16 19:32:46.721
1771288366774,4.0,2026-02-16 19:32:46.774
1771288366824,3.0,2026-02-16 19:32:46.824
1771288366873,4.0,2026-02-16 19:32:46.873
1771288366926,1.0,2026-02-16 19:32:46.926
1771288366975,3.0,2026-02-16 19:32:46.975
1771288367025,4.0,2026-02-16 19:32:47.025
1771288367074,4.0,2026-02-16 19:32:47.074
1771288367127,3.0,2026-02-16 19:32:47.127
1771288367176,1.0,2026-02-16 19:32:47.176
1771288367225,2.0,2026-02-16 19:32:47.225
1771288367274,1.0,2026-02-16 19:32:47.274
1771288367327,4.0,2026-02-16 19:32:47.327
1771288367377,4.0,2026-02-16 19:32:47.377
1771288367426,5.0,2026-02-16 19:32:47.426
1771288367475,1.0,2026-02-16 19:32:47.475
1771288367528,0.0,2026-02-16 19:32:47.528
1771288367577,0.0,2026-02-16 19:32:47.577
1771288367627,4.0,2026-02-16 19:32:47.627
1771288367676,6.0,2026-02-16 19:32:47.676
1771288367729,5.0,2026-02-16 19:32:47.729
1771288367778,1.0,2026-02-16 19:32:47.778
1771288367827,0.0,2026-02-16 19:32:47.827
1771288367876,0.0,2026-02-16 19:32:47.876
1771288367930,5.0,2026-02-16 19:32:47.930
1771288367979,4.0,2026-02-16 19:32:47.979
1771288368028,3.0,2026-02-16 19:32:48.028
1771288368077,0.0,2026-02-16 19:32:48.077
1771288368130,2.0,2026-02-16 19:32:48.130
1771288368179,3.0,2026-02-16 19:32:48.179
1771288368229,6.0,2026-02-16 19:32:48.229
1771288368278,2.0,2026-02-16 19:32:48.278
1771288368331,1.0,2026-02-16 19:32:48.331
1771288368380,0.0,2026-02-16 19:32:48.380
1771288368429,3.0,2026-02-16 19:32:48.429
1771288368482,5.0,2026-02-16 19:32:48.482
1771288368532,7.0,2026-02-16 19:32:48.532
1771288368581,4.0,2026-02-16 19:32:48.581
1771288368630,4.0,2026-02-16 19:32:48.630
1771288368683,2.0,2026-02-16 19:32:48.683
1771288368733,3.0,2026-02-16 19:32:48.733
1771288368782,3.0,2026-02-16 19:32:48.782
1771288368831,7.0,2026-02-16 19:32:48.831
1771288368884,4.0,2026-02-16 19:32:48.884
1771288368933,3.0,2026-02-16 19:32:48.933
1771288368984,2.0,2026-02-16 19:32:48.984
1771288369031,4.0,2026-02-16 19:32:49.031
1771288369084,4.0,2026-02-16 19:32:49.084
1771288369134,4.0,2026-02-16 19:32:49.134
1771288369183,2.0,2026-02-16 19:32:49.183
1771288369232,0.0,2026-02-16 19:32:49.232
1771288369285,3.0,2026-02-16 19:32:49.285
1771288369334,3.0,2026-02-16 19:32:49.334
1771288369384,4.0,2026-02-16 19:32:49.384
1771288369433,4.0,2026-02-16 19:32:49.433
1771288369486,2.0,2026-02-16 19:32:49.486
1771288369535,0.0,2026-02-16 19:32:49.535
1771288369584,3.0,2026-02-16 19:32:49.584
1771288369634,3.0,2026-02-16 19:32:49.634
1771288369687,5.0,2026-02-16 19:32:49.687
1771288369736,2.0,2026-02-16 19:32:49.736
1771288369785,3.0,2026-02-16 19:32:49.785
1771288369838,2.0,2026-02-16 19:32:49.838
1771288369887,7.0,2026-02-16 19:32:49.887
1771288369937,9.0,2026-02-16 19:32:49.937
1771288369986,3.0,2026-02-16 19:32:49.986
1771288370039,0.0,2026-02-16 19:32:50.039
1771288370088,1.0,2026-02-16 19:32:50.088
1771288370137,3.0,2026-02-16 19:32:50.137
1771288370187,6.0,2026-02-16 19:32:50.187
1771288370240,5.0,2026-02-16 19:32:50.240
1771288370289,3.0,2026-02-16 19:32:50.289
1771288370338,2.0,2026-02-16 19:32:50.338
1771288370387,5.0,2026-02-16 19:32:50.387
1771288370440,4.0,2026-02-16 19:32:50.440
1771288370489,4.0,2026-02-16 19:32:50.489
1771288370539,1.0,2026-02-16 19:32:50.539
1771288370588,1.0,2026-02-16 19:32:50.588
1771288370641,2.0,2026-02-16 19:32:50.641
1771288370690,5.0,2026-02-16 19:32:50.690
1771288370739,3.0,2026-02-16 19:32:50.739
1771288370789,5.0,2026-02-16 19:32:50.789
1771288370842,3.0,2026-02-16 19:32:50.842
1771288370891,0.0,2026-02-16 19:32:50.891
1771288370940,3.0,2026-02-16 19:32:50.940
1771288370989,3.0,2026-02-16 19:32:50.989
1771288371042,2.0,2026-02-16 19:32:51.042
1771288371091,2.0,2026-02-16 19:32:51.091
1771288371141,1.0,2026-02-16 19:32:51.141
1771288371190,3.0,2026-02-16 19:32:51.190
1771288371243,5.0,2026-02-16 19:32:51.243
1771288371292,4.0,2026-02-16 19:32:51.292
1771288371341,3.0,2026-02-16 19:32:51.341
1771288371395,1.0,2026-02-16 19:32:51.395
1771288371444,2.0,2026-02-16 19:32:51.444
1771288371493,2.0,2026-02-16 19:32:51.493
1771288371542,4.0,2026-02-16 19:32:51.542
1771288371596,2.0,2026-02-16 19:32:51.596
1771288371644,1.0,2026-02-16 19:32:51.644
1771288371695,1.0,2026-02-16 19:32:51.695
1771288371743,5.0,2026-02-16 19:32:51.743
1771288371796,5.0,2026-02-16 19:32:51.796
1771288371845,7.0,2026-02-16 19:32:51.845
1771288371895,1.0,2026-02-16 19:32:51.895
1771288371944,1.0,2026-02-16 19:32:51.944
1771288371997,2.0,2026-02-16 19:32:51.997
1771288372046,5.0,2026-02-16 19:32:52.046
1771288372095,2.0,2026-02-16 19:32:52.095
1771288372144,0.0,2026-02-16 19:32:52.144
1771288372197,2.0,2026-02-16 19:32:52.197
1771288372247,5.0,2026-02-16 19:32:52.247
1771288372296,6.0,2026-02-16 19:32:52.296
1771288372345,5.0,2026-02-16 19:32:52.345
1771288372398,2.0,2026-02-16 19:32:52.398
1771288372447,1.0,2026-02-16 19:32:52.447
1771288372497,3.0,2026-02-16 19:32:52.497
1771288372546,6.0,2026-02-16 19:32:52.546
1771288372599,2.0,2026-02-16 19:32:52.599
1771288372648,0.0,2026-02-16 19:32:52.648
1771288372697,1.0,2026-02-16 19:32:52.697
1771288372746,3.0,2026-02-16 19:32:52.746
1771288372806,5.0,2026-02-16 19:32:52.806
1771288372849,4.0,2026-02-16 19:32:52.849
1771288372898,0.0,2026-02-16 19:32:52.898
1771288372951,4.0,2026-02-16 19:32:52.951
1771288373000,6.0,2026-02-16 19:32:53.000
1771288373049,5.0,2026-02-16 19:32:53.049
1771288373099,2.0,2026-02-16 19:32:53.099
1771288373152,0.0,2026-02-16 19:32:53.152
1771288373201,2.0,2026-02-16 19:32:53.201
1771288373250,4.0,2026-02-16 19:32:53.250
1771288373299,5.0,2026-02-16 19:32:53.299
1771288373352,3.0,2026-02-16 19:32:53.352
1771288373402,1.0,2026-02-16 19:32:53.402
1771288373451,3.0,2026-02-16 19:32:53.451
1771288373500,6.0,2026-02-16 19:32:53.500
1771288373553,6.0,2026-02-16 19:32:53.553
1771288373602,2.0,2026-02-16 19:32:53.602
1771288373651,1.0,2026-02-16 19:32:53.651
1771288373701,3.0,2026-02-16 19:32:53.701
1771288373754,4.0,2026-02-16 19:32:53.754
1771288373803,5.0,2026-02-16 19:32:53.803
1771288373853,2.0,2026-02-16 19:32:53.853
1771288373901,1.0,2026-02-16 19:32:53.901
1771288373955,4.0,2026-02-16 19:32:53.955
1771288374004,6.0,2026-02-16 19:32:54.004
1771288374053,4.0,2026-02-16 19:32:54.053
1771288374102,3.0,2026-02-16 19:32:54.102
1771288374155,2.0,2026-02-16 19:32:54.155
1771288374204,5.0,2026-02-16 19:32:54.204
1771288374254,5.0,2026-02-16 19:32:54.254
1771288374307,3.0,2026-02-16 19:32:54.307
1771288374356,0.0,2026-02-16 19:32:54.356
1771288374405,2.0,2026-02-16 19:32:54.405
1771288374454,2.0,2026-02-16 19:32:54.454
1771288374507,4.0,2026-02-16 19:32:54.507
1771288374557,0.0,2026-02-16 19:32:54.557
1771288374606,2.0,2026-02-16 19:32:54.606
1771288374655,5.0,2026-02-16 19:32:54.655
1771288374708,7.0,2026-02-16 19:32:54.708
1771288374757,2.0,2026-02-16 19:32:54.757
1771288374806,4.0,2026-02-16 19:32:54.806
1771288374856,2.0,2026-02-16 19:32:54.856
1771288374909,5.0,2026-02-16 19:32:54.909
1771288374961,3.0,2026-02-16 19:32:54.961
1771288375007,2.0,2026-02-16 19:32:55.007
1771288375057,0.0,2026-02-16 19:32:55.057
1771288375110,2.0,2026-02-16 19:32:55.110
1771288375159,4.0,2026-02-16 19:32:55.159
1771288375208,2.0,2026-02-16 19:32:55.208
1771288375257,1.0,2026-02-16 19:32:55.257
1771288375310,2.0,2026-02-16 19:32:55.310
1771288375359,3.0,2026-02-16 19:32:55.359
1771288375409,4.0,2026-02-16 19:32:55.409
1771288375458,3.0,2026-02-16 19:32:55.458
1771288375511,2.0,2026-02-16 19:32:55.511
1771288375560,2.0,2026-02-16 19:32:55.560
1771288375610,4.0,2026-02-16 19:32:55.610
1771288375659,4.0,2026-02-16 19:32:55.659
1771288375712,0.0,2026-02-16 19:32:55.712
1771288375761,1.0,2026-02-16 19:32:55.761
1771288375810,2.0,2026-02-16 19:32:55.810
1771288375863,4.0,2026-02-16 19:32:55.863
1771288375912,1.0,2026-02-16 19:32:55.912
1771288375962,0.0,2026-02-16 19:32:55.962
1771288376011,2.0,2026-02-16 19:32:56.011
1771288376064,6.0,2026-02-16 19:32:56.064
1771288376113,2.0,2026-02-16 19:32:56.113
1771288376162,3.0,2026-02-16 19:32:56.162
1771288376212,1.0,2026-02-16 19:32:56.212
1771288376265,5.0,2026-02-16 19:32:56.265
1771288376314,7.0,2026-02-16 19:32:56.314
1771288376363,2.0,2026-02-16 19:32:56.363
1771288376412,0.0,2026-02-16 19:32:56.412
1771288376465,4.0,2026-02-16 19:32:56.465
1771288376514,3.0,2026-02-16 19:32:56.514
1771288376564,2.0,2026-02-16 19:32:56.564
1771288376613,0.0,2026-02-16 19:32:56.613
1771288376666,2.0,2026-02-16 19:32:56.666
1771288376715,4.0,2026-02-16 19:32:56.715
1771288376764,2.0,2026-02-16 19:32:56.764
1771288376814,0.0,2026-02-16 19:32:56.814
1771288376867,2.0,2026-02-16 19:32:56.867
1771288376916,4.0,2026-02-16 19:32:56.916
1771288376965,4.0,2026-02-16 19:32:56.965
1771288377014,2.0,2026-02-16 19:32:57.014
1771288377067,2.0,2026-02-16 19:32:57.067
1771288377117,5.0,2026-02-16 19:32:57.117
1771288377166,3.0,2026-02-16 19:32:57.166
1771288377215,5.0,2026-02-16 19:32:57.215
1771288377268,2.0,2026-02-16 19:32:57.268
1771288377317,4.0,2026-02-16 19:32:57.317
1771288377367,4.0,2026-02-16 19:32:57.367
1771288377420,3.0,2026-02-16 19:32:57.420
1771288377469,1.0,2026-02-16 19:32:57.469
1771288377518,3.0,2026-02-16 19:32:57.518
1771288377567,4.0,2026-02-16 19:32:57.567
1771288377620,3.0,2026-02-16 19:32:57.620
1771288377669,2.0,2026-02-16 19:32:57.669
1771288377719,1.0,2026-02-16 19:32:57.719
1771288377768,4.0,2026-02-16 19:32:57.768
1771288377821,4.0,2026-02-16 19:32:57.821
1771288377870,3.0,2026-02-16 19:32:57.870
1771288377919,0.0,2026-02-16 19:32:57.919
1771288377969,4.0,2026-02-16 19:32:57.969
1771288378022,5.0,2026-02-16 19:32:58.022
1771288378071,4.0,2026-02-16 19:32:58.071
1771288378120,2.0,2026-02-16 19:32:58.120
1771288378169,5.0,2026-02-16 19:32:58.169
1771288378222,7.0,2026-02-16 19:32:58.222
1771288378272,3.0,2026-02-16 19:32:58.272
1771288378321,0.0,2026-02-16 19:32:58.321
1771288378370,4.0,2026-02-16 19:32:58.370
1771288378423,4.0,2026-02-16 19:32:58.423
1771288378472,3.0,2026-02-16 19:32:58.472
1771288378521,0.0,2026-02-16 19:32:58.521
1771288378571,1.0,2026-02-16 19:32:58.571
1771288378624,3.0,2026-02-16 19:32:58.624
1771288378673,2.0,2026-02-16 19:32:58.673
1771288378722,0.0,2026-02-16 19:32:58.722
1771288378775,0.0,2026-02-16 19:32:58.775
1771288378824,4.0,2026-02-16 19:32:58.824
1771288378874,4.0,2026-02-16 19:32:58.874
1771288378923,1.0,2026-02-16 19:32:58.923
1771288378977,0.0,2026-02-16 19:32:58.977
1771288379025,4.0,2026-02-16 19:32:59.025
1771288379074,5.0,2026-02-16 19:32:59.074
1771288379124,2.0,2026-02-16 19:32:59.124
1771288379177,0.0,2026-02-16 19:32:59.177
1771288379226,4.0,2026-02-16 19:32:59.226
1771288379275,5.0,2026-02-16 19:32:59.275
1771288379324,4.0,2026-02-16 19:32:59.324
1771288379377,2.0,2026-02-16 19:32:59.377
1771288379427,4.0,2026-02-16 19:32:59.427
1771288379476,6.0,2026-02-16 19:32:59.476
1771288379525,2.0,2026-02-16 19:32:59.525
1771288379578,1.0,2026-02-16 19:32:59.578
1771288379627,4.0,2026-02-16 19:32:59.627
1771288379677,6.0,2026-02-16 19:32:59.677
1771288379726,2.0,2026-02-16 19:32:59.726
1771288379779,1.0,2026-02-16 19:32:59.779
1771288379828,1.0,2026-02-16 19:32:59.828
1771288379877,6.0,2026-02-16 19:32:59.877
1771288379926,2.0,2026-02-16 19:32:59.926
1771288379980,0.0,2026-02-16 19:32:59.980
1771288380029,3.0,2026-02-16 19:33:00.029
1771288380078,4.0,2026-02-16 19:33:00.078
1771288380127,2.0,2026-02-16 19:33:00.127
1771288380180,0.0,2026-02-16 19:33:00.180
1771288380229,2.0,2026-02-16 19:33:00.229
1771288380279,3.0,2026-02-16 19:33:00.279
1771288380332,2.0,2026-02-16 19:33:00.332
1771288380381,0.0,2026-02-16 19:33:00.381
1771288380430,2.0,2026-02-16 19:33:00.430
1771288380479,3.0,2026-02-16 19:33:00.479
1771288380532,3.0,2026-02-16 19:33:00.532
1771288380582,1.0,2026-02-16 19:33:00.582
1771288380631,4.0,2026-02-16 19:33:00.631
1771288380680,4.0,2026-02-16 19:33:00.680
1771288380733,2.0,2026-02-16 19:33:00.733
1771288380782,3.0,2026-02-16 19:33:00.782
1771288380832,5.0,2026-02-16 19:33:00.832
1771288380881,4.0,2026-02-16 19:33:00.881
1771288380934,3.0,2026-02-16 19:33:00.934
1771288380983,3.0,2026-02-16 19:33:00.983
1771288381032,3.0,2026-02-16 19:33:01.032
1771288381081,5.0,2026-02-16 19:33:01.081
1771288381138,3.0,2026-02-16 19:33:01.138
1771288381184,4.0,2026-02-16 19:33:01.184
1771288381233,4.0,2026-02-16 19:33:01.233
1771288381282,3.0,2026-02-16 19:33:01.282
1771288381335,2.0,2026-02-16 19:33:01.335
1771288381384,5.0,2026-02-16 19:33:01.384
1771288381434,4.0,2026-02-16 19:33:01.434
1771288381483,1.0,2026-02-16 19:33:01.483
1771288381536,2.0,2026-02-16 19:33:01.536
1771288381585,6.0,2026-02-16 19:33:01.585
1771288381635,6.0,2026-02-16 19:33:01.635
1771288381684,1.0,2026-02-16 19:33:01.684
1771288381737,3.0,2026-02-16 19:33:01.737
1771288381786,4.0,2026-02-16 19:33:01.786
1771288381835,6.0,2026-02-16 19:33:01.835
1771288381888,1.0,2026-02-16 19:33:01.888
1771288381937,2.0,2026-02-16 19:33:01.937
1771288381987,5.0,2026-02-16 19:33:01.987
1771288382036,2.0,2026-02-16 19:33:02.036
1771288382089,0.0,2026-02-16 19:33:02.089
1771288382138,2.0,2026-02-16 19:33:02.138
1771288382187,5.0,2026-02-16 19:33:02.187
1771288382236,1.0,2026-02-16 19:33:02.236
1771288382290,0.0,2026-02-16 19:33:02.290
1771288382339,3.0,2026-02-16 19:33:02.339
1771288382388,3.0,2026-02-16 19:33:02.388
1771288382437,0.0,2026-02-16 19:33:02.437
1771288382490,1.0,2026-02-16 19:33:02.490
1771288382539,6.0,2026-02-16 19:33:02.539
1771288382589,1.0,2026-02-16 19:33:02.589
1771288382638,0.0,2026-02-16 19:33:02.638
1771288382691,0.0,2026-02-16 19:33:02.691
1771288382740,5.0,2026-02-16 19:33:02.740
1771288382789,2.0,2026-02-16 19:33:02.789
1771288382839,0.0,2026-02-16 19:33:02.839
1771288382892,1.0,2026-02-16 19:33:02.892
1771288382941,6.0,2026-02-16 19:33:02.941
1771288382990,3.0,2026-02-16 19:33:02.990
1771288383039,0.0,2026-02-16 19:33:03.039
1771288383092,3.0,2026-02-16 19:33:03.092
1771288383142,2.0,2026-02-16 19:33:03.142
1771288383191,4.0,2026-02-16 19:33:03.191
1771288383244,0.0,2026-02-16 19:33:03.244
1771288383293,4.0,2026-02-16 19:33:03.293
1771288383342,1.0,2026-02-16 19:33:03.342
1771288383392,2.0,2026-02-16 19:33:03.392
1771288383445,2.0,2026-02-16 19:33:03.445
1771288383494,2.0,2026-02-16 19:33:03.494
1771288383543,1.0,2026-02-16 19:33:03.543
1771288383592,1.0,2026-02-16 19:33:03.592
1771288383645,3.0,2026-02-16 19:33:03.645
1771288383695,3.0,2026-02-16 19:33:03.695
1771288383744,1.0,2026-02-16 19:33:03.744
1771288383793,2.0,2026-02-16 19:33:03.793
1771288383846,3.0,2026-02-16 19:33:03.846
1771288383895,2.0,2026-02-16 19:33:03.895
1771288383945,0.0,2026-02-16 19:33:03.945
1771288383994,3.0,2026-02-16 19:33:03.994
1771288384047,4.0,2026-02-16 19:33:04.047
1771288384096,2.0,2026-02-16 19:33:04.096
1771288384145,1.0,2026-02-16 19:33:04.145
1771288384194,6.0,2026-02-16 19:33:04.194
1771288384247,1.0,2026-02-16 19:33:04.247
1771288384297,0.0,2026-02-16 19:33:04.297
1771288384346,2.0,2026-02-16 19:33:04.346
1771288384395,8.0,2026-02-16 19:33:04.395
1771288384448,2.0,2026-02-16 19:33:04.448
1771288384497,0.0,2026-02-16 19:33:04.497
1771288384547,5.0,2026-02-16 19:33:04.547
1771288384596,5.0,2026-02-16 19:33:04.596
1771288384649,1.0,2026-02-16 19:33:04.649
1771288384698,1.0,2026-02-16 19:33:04.698
1771288384747,7.0,2026-02-16 19:33:04.747
1771288384800,3.0,2026-02-16 19:33:04.800
1771288384850,0.0,2026-02-16 19:33:04.850
1771288384899,4.0,2026-02-16 19:33:04.899
1771288384948,3.0,2026-02-16 19:33:04.948
1771288385001,3.0,2026-02-16 19:33:05.001
1771288385050,2.0,2026-02-16 19:33:05.050
1771288385100,5.0,2026-02-16 19:33:05.100
1771288385149,2.0,2026-02-16 19:33:05.149
1771288385202,1.0,2026-02-16 19:33:05.202
1771288385251,4.0,2026-02-16 19:33:05.251
1771288385300,3.0,2026-02-16 19:33:05.300
1771288385349,2.0,2026-02-16 19:33:05.349
1771288385402,3.0,2026-02-16 19:33:05.402
1771288385452,5.0,2026-02-16 19:33:05.452
1771288385501,0.0,2026-02-16 19:33:05.501
1771288385550,1.0,2026-02-16 19:33:05.550
1771288385603,3.0,2026-02-16 19:33:05.603
1771288385653,2.0,2026-02-16 19:33:05.653
1771288385702,0.0,2026-02-16 19:33:05.702
1771288385751,2.0,2026-02-16 19:33:05.751
1771288385804,9.0,2026-02-16 19:33:05.804
1771288385853,1.0,2026-02-16 19:33:05.853
1771288385902,0.0,2026-02-16 19:33:05.902
1771288385952,5.0,2026-02-16 19:33:05.952
1771288386005,4.0,2026-02-16 19:33:06.005
1771288386054,0.0,2026-02-16 19:33:06.054
1771288386103,1.0,2026-02-16 19:33:06.103
1771288386156,5.0,2026-02-16 19:33:06.156
1771288386205,1.0,2026-02-16 19:33:06.205
1771288386255,1.0,2026-02-16 19:33:06.255
1771288386304,3.0,2026-02-16 19:33:06.304
1771288386357,3.0,2026-02-16 19:33:06.357
1771288386406,0.0,2026-02-16 19:33:06.406
1771288386455,1.0,2026-02-16 19:33:06.455
1771288386504,4.0,2026-02-16 19:33:06.504
1771288386557,2.0,2026-02-16 19:33:06.557
1771288386607,2.0,2026-02-16 19:33:06.607
1771288386656,3.0,2026-02-16 19:33:06.656
1771288386705,4.0,2026-02-16 19:33:06.705
1771288386763,2.0,2026-02-16 19:33:06.763
1771288386807,4.0,2026-02-16 19:33:06.807
1771288386857,4.0,2026-02-16 19:33:06.857
1771288386906,1.0,2026-02-16 19:33:06.906
1771288386959,3.0,2026-02-16 19:33:06.959
1771288387008,5.0,2026-02-16 19:33:07.008
1771288387057,2.0,2026-02-16 19:33:07.057
1771288387106,1.0,2026-02-16 19:33:07.106
1771288387160,5.0,2026-02-16 19:33:07.160
1771288387209,4.0,2026-02-16 19:33:07.209
1771288387258,0.0,2026-02-16 19:33:07.258
1771288387307,5.0,2026-02-16 19:33:07.307
1771288387360,4.0,2026-02-16 19:33:07.360
1771288387409,2.0,2026-02-16 19:33:07.409
1771288387459,1.0,2026-02-16 19:33:07.459
1771288387508,6.0,2026-02-16 19:33:07.508
1771288387561,2.0,2026-02-16 19:33:07.561
1771288387610,0.0,2026-02-16 19:33:07.610
1771288387660,4.0,2026-02-16 19:33:07.660
1771288387712,5.0,2026-02-16 19:33:07.712
1771288387762,2.0,2026-02-16 19:33:07.762
1771288387811,1.0,2026-02-16 19:33:07.811
1771288387860,5.0,2026-02-16 19:33:07.860
1771288387913,1.0,2026-02-16 19:33:07.913
1771288387962,1.0,2026-02-16 19:33:07.962
1771288388012,4.0,2026-02-16 19:33:08.012
1771288388061,0.0,2026-02-16 19:33:08.061
1771288388114,2.0,2026-02-16 19:33:08.114
1771288388163,4.0,2026-02-16 19:33:08.163
1771288388212,3.0,2026-02-16 19:33:08.212
1771288388262,0.0,2026-02-16 19:33:08.262
1771288388315,3.0,2026-02-16 19:33:08.315
1771288388364,4.0,2026-02-16 19:33:08.364
1771288388413,1.0,2026-02-16 19:33:08.413
1771288388462,2.0,2026-02-16 19:33:08.462
1771288388515,5.0,2026-02-16 19:33:08.515
1771288388565,2.0,2026-02-16 19:33:08.565
1771288388614,2.0,2026-02-16 19:33:08.614
1771288388663,6.0,2026-02-16 19:33:08.663
1771288388716,5.0,2026-02-16 19:33:08.716
1771288388765,1.0,2026-02-16 19:33:08.765
1771288388814,4.0,2026-02-16 19:33:08.814
1771288388864,5.0,2026-02-16 19:33:08.864
1771288388917,4.0,2026-02-16 19:33:08.917
1771288388966,3.0,2026-02-16 19:33:08.966
1771288389015,5.0,2026-02-16 19:33:09.015
1771288389064,2.0,2026-02-16 19:33:09.064
1771288389117,1.0,2026-02-16 19:33:09.117
1771288389167,5.0,2026-02-16 19:33:09.167
1771288389216,3.0,2026-02-16 19:33:09.216
1771288389269,3.0,2026-02-16 19:33:09.269
1771288389318,6.0,2026-02-16 19:33:09.318
1771288389367,2.0,2026-02-16 19:33:09.367
1771288389417,2.0,2026-02-16 19:33:09.417
1771288389470,4.0,2026-02-16 19:33:09.470
1771288389519,4.0,2026-02-16 19:33:09.519
1771288389568,0.0,2026-02-16 19:33:09.568
1771288389617,3.0,2026-02-16 19:33:09.617
1771288389670,4.0,2026-02-16 19:33:09.670
1771288389719,0.0,2026-02-16 19:33:09.719
1771288389774,2.0,2026-02-16 19:33:09.774
1771288389818,4.0,2026-02-16 19:33:09.818
1771288389871,2.0,2026-02-16 19:33:09.871
1771288389920,0.0,2026-02-16 19:33:09.920
1771288389970,4.0,2026-02-16 19:33:09.970
1771288390019,3.0,2026-02-16 19:33:10.019
1771288390072,1.0,2026-02-16 19:33:10.072
1771288390121,3.0,2026-02-16 19:33:10.121
1771288390170,4.0,2026-02-16 19:33:10.170
1771288390219,2.0,2026-02-16 19:33:10.219
1771288390272,3.0,2026-02-16 19:33:10.272
1771288390322,5.0,2026-02-16 19:33:10.322
1771288390371,2.0,2026-02-16 19:33:10.371
1771288390420,2.0,2026-02-16 19:33:10.420
1771288390473,4.0,2026-02-16 19:33:10.473
1771288390522,1.0,2026-02-16 19:33:10.522
1771288390572,2.0,2026-02-16 19:33:10.572
1771288390625,4.0,2026-02-16 19:33:10.625
1771288390674,1.0,2026-02-16 19:33:10.674
1771288390723,1.0,2026-02-16 19:33:10.723
1771288390772,4.0,2026-02-16 19:33:10.772
1771288390825,1.0,2026-02-16 19:33:10.825
1771288390875,0.0,2026-02-16 19:33:10.875
1771288390924,4.0,2026-02-16 19:33:10.924
1771288390973,3.0,2026-02-16 19:33:10.973
1771288391026,0.0,2026-02-16 19:33:11.026
1771288391075,5.0,2026-02-16 19:33:11.075
1771288391124,7.0,2026-02-16 19:33:11.124
1771288391174,2.0,2026-02-16 19:33:11.174
1771288391227,4.0,2026-02-16 19:33:11.227
1771288391276,5.0,2026-02-16 19:33:11.276
1771288391325,2.0,2026-02-16 19:33:11.325
1771288391374,4.0,2026-02-16 19:33:11.374
1771288391427,4.0,2026-02-16 19:33:11.427
1771288391477,2.0,2026-02-16 19:33:11.477
1771288391526,5.0,2026-02-16 19:33:11.526
1771288391575,4.0,2026-02-16 19:33:11.575
1771288391628,0.0,2026-02-16 19:33:11.628
1771288391678,4.0,2026-02-16 19:33:11.678
1771288391727,3.0,2026-02-16 19:33:11.727
1771288391776,0.0,2026-02-16 19:33:11.776
1771288391829,3.0,2026-02-16 19:33:11.829
1771288391878,4.0,2026-02-16 19:33:11.878
1771288391927,0.0,2026-02-16 19:33:11.927
1771288391977,3.0,2026-02-16 19:33:11.977
1771288392030,6.0,2026-02-16 19:33:12.030
1771288392079,1.0,2026-02-16 19:33:12.079
1771288392128,4.0,2026-02-16 19:33:12.128
1771288392181,5.0,2026-02-16 19:33:12.181
1771288392230,3.0,2026-02-16 19:33:12.230
1771288392280,4.0,2026-02-16 19:33:12.280
1771288392329,3.0,2026-02-16 19:33:12.329
1771288392382,2.0,2026-02-16 19:33:12.382
1771288392431,3.0,2026-02-16 19:33:12.431
1771288392480,2.0,2026-02-16 19:33:12.480
1771288392529,1.0,2026-02-16 19:33:12.529
1771288392582,2.0,2026-02-16 19:33:12.582
1771288392632,4.0,2026-02-16 19:33:12.632
1771288392683,0.0,2026-02-16 19:33:12.683
1771288392730,1.0,2026-02-16 19:33:12.730
1771288392783,6.0,2026-02-16 19:33:12.783
1771288392832,1.0,2026-02-16 19:33:12.832
1771288392882,3.0,2026-02-16 19:33:12.882
1771288392931,6.0,2026-02-16 19:33:12.931
1771288392984,2.0,2026-02-16 19:33:12.984
1771288393033,3.0,2026-02-16 19:33:13.033
1771288393082,5.0,2026-02-16 19:33:13.082
1771288393131,3.0,2026-02-16 19:33:13.131
1771288393185,3.0,2026-02-16 19:33:13.185
1771288393234,3.0,2026-02-16 19:33:13.234
1771288393283,2.0,2026-02-16 19:33:13.283
1771288393332,2.0,2026-02-16 19:33:13.332
1771288393385,2.0,2026-02-16 19:33:13.385
1771288393434,0.0,2026-02-16 19:33:13.434
1771288393484,3.0,2026-02-16 19:33:13.484
1771288393533,5.0,2026-02-16 19:33:13.533
1771288393586,0.0,2026-02-16 19:33:13.586
1771288393635,6.0,2026-02-16 19:33:13.635
1771288393684,5.0,2026-02-16 19:33:13.684
1771288393738,1.0,2026-02-16 19:33:13.738
1771288393787,2.0,2026-02-16 19:33:13.787
1771288393836,4.0,2026-02-16 19:33:13.836
1771288393885,0.0,2026-02-16 19:33:13.885
1771288393938,1.0,2026-02-16 19:33:13.938
1771288393987,3.0,2026-02-16 19:33:13.987
1771288394037,0.0,2026-02-16 19:33:14.037
1771288394086,3.0,2026-02-16 19:33:14.086
1771288394139,3.0,2026-02-16 19:33:14.139
1771288394188,0.0,2026-02-16 19:33:14.188
1771288394238,4.0,2026-02-16 19:33:14.238
1771288394287,2.0,2026-02-16 19:33:14.287
1771288394340,0.0,2026-02-16 19:33:14.340
1771288394389,6.0,2026-02-16 19:33:14.389
1771288394438,3.0,2026-02-16 19:33:14.438
1771288394487,1.0,2026-02-16 19:33:14.487
1771288394540,5.0,2026-02-16 19:33:14.540
1771288394590,2.0,2026-02-16 19:33:14.590
1771288394639,0.0,2026-02-16 19:33:14.639
1771288394688,4.0,2026-02-16 19:33:14.688
1771288394741,1.0,2026-02-16 19:33:14.741
1771288394790,2.0,2026-02-16 19:33:14.790
1771288394839,2.0,2026-02-16 19:33:14.839
1771288394889,2.0,2026-02-16 19:33:14.889
1771288394942,3.0,2026-02-16 19:33:14.942
1771288394991,6.0,2026-02-16 19:33:14.991
1771288395040,1.0,2026-02-16 19:33:15.040
1771288395093,4.0,2026-02-16 19:33:15.093
1771288395142,3.0,2026-02-16 19:33:15.142
1771288395192,0.0,2026-02-16 19:33:15.192
1771288395241,2.0,2026-02-16 19:33:15.241
1771288395294,5.0,2026-02-16 19:33:15.294
1771288395343,0.0,2026-02-16 19:33:15.343
1771288395393,4.0,2026-02-16 19:33:15.393
1771288395442,3.0,2026-02-16 19:33:15.442
1771288395495,3.0,2026-02-16 19:33:15.495
1771288395544,3.0,2026-02-16 19:33:15.544
1771288395593,3.0,2026-02-16 19:33:15.593
1771288395642,2.0,2026-02-16 19:33:15.642
1771288395695,5.0,2026-02-16 19:33:15.695
1771288395745,1.0,2026-02-16 19:33:15.745
1771288395794,3.0,2026-02-16 19:33:15.794
1771288395843,3.0,2026-02-16 19:33:15.843
1771288395896,1.0,2026-02-16 19:33:15.896
1771288395945,1.0,2026-02-16 19:33:15.945
1771288395994,4.0,2026-02-16 19:33:15.994
1771288396044,0.0,2026-02-16 19:33:16.044
1771288396097,3.0,2026-02-16 19:33:16.097
1771288396146,6.0,2026-02-16 19:33:16.146
1771288396195,2.0,2026-02-16 19:33:16.195
1771288396244,3.0,2026-02-16 19:33:16.244
1771288396297,4.0,2026-02-16 19:33:16.297
1771288396347,0.0,2026-02-16 19:33:16.347
1771288396396,3.0,2026-02-16 19:33:16.396
1771288396449,3.0,2026-02-16 19:33:16.449
1771288396498,0.0,2026-02-16 19:33:16.498
1771288396547,6.0,2026-02-16 19:33:16.547
1771288396597,1.0,2026-02-16 19:33:16.597
1771288396650,3.0,2026-02-16 19:33:16.650
1771288396699,6.0,2026-02-16 19:33:16.699
1771288396748,1.0,2026-02-16 19:33:16.748
1771288396797,4.0,2026-02-16 19:33:16.797
1771288396850,4.0,2026-02-16 19:33:16.850
1771288396900,1.0,2026-02-16 19:33:16.900
1771288396949,4.0,2026-02-16 19:33:16.949
1771288396998,2.0,2026-02-16 19:33:16.998
1771288397051,2.0,2026-02-16 19:33:17.051
1771288397100,4.0,2026-02-16 19:33:17.100
1771288397150,2.0,2026-02-16 19:33:17.150
1771288397199,4.0,2026-02-16 19:33:17.199
1771288397252,4.0,2026-02-16 19:33:17.252
1771288397301,1.0,2026-02-16 19:33:17.301
1771288397350,4.0,2026-02-16 19:33:17.350
1771288397400,2.0,2026-02-16 19:33:17.400
1771288397453,0.0,2026-02-16 19:33:17.453
1771288397502,2.0,2026-02-16 19:33:17.502
1771288397551,4.0,2026-02-16 19:33:17.551
1771288397600,1.0,2026-02-16 19:33:17.600
1771288397653,5.0,2026-02-16 19:33:17.653
1771288397702,3.0,2026-02-16 19:33:17.702
1771288397752,1.0,2026-02-16 19:33:17.752
1771288397801,2.0,2026-02-16 19:33:17.801
1771288397854,0.0,2026-02-16 19:33:17.854
1771288397903,4.0,2026-02-16 19:33:17.903
1771288397952,3.0,2026-02-16 19:33:17.952
1771288398005,0.0,2026-02-16 19:33:18.005
1771288398055,4.0,2026-02-16 19:33:18.055
1771288398104,4.0,2026-02-16 19:33:18.104
1771288398153,2.0,2026-02-16 19:33:18.153
1771288398206,5.0,2026-02-16 19:33:18.206
1771288398255,2.0,2026-02-16 19:33:18.255
1771288398305,0.0,2026-02-16 19:33:18.305
1771288398354,2.0,2026-02-16 19:33:18.354
1771288398407,0.0,2026-02-16 19:33:18.407
1771288398456,2.0,2026-02-16 19:33:18.456
1771288398505,2.0,2026-02-16 19:33:18.505
1771288398554,1.0,2026-02-16 19:33:18.554
1771288398607,6.0,2026-02-16 19:33:18.607
1771288398657,0.0,2026-02-16 19:33:18.657
1771288398706,2.0,2026-02-16 19:33:18.706
1771288398755,5.0,2026-02-16 19:33:18.755
1771288398808,0.0,2026-02-16 19:33:18.808
1771288398857,1.0,2026-02-16 19:33:18.857
1771288398907,4.0,2026-02-16 19:33:18.907
1771288398956,0.0,2026-02-16 19:33:18.956
1771288399009,3.0,2026-02-16 19:33:19.009
1771288399058,4.0,2026-02-16 19:33:19.058
1771288399107,3.0,2026-02-16 19:33:19.107
1771288399156,5.0,2026-02-16 19:33:19.156
1771288399210,1.0,2026-02-16 19:33:19.210
1771288399259,3.0,2026-02-16 19:33:19.259
1771288399308,1.0,2026-02-16 19:33:19.308
1771288399357,0.0,2026-02-16 19:33:19.357
1771288399410,6.0,2026-02-16 19:33:19.410
1771288399459,2.0,2026-02-16 19:33:19.459
1771288399509,1.0,2026-02-16 19:33:19.509
1771288399562,6.0,2026-02-16 19:33:19.562
1771288399611,1.0,2026-02-16 19:33:19.611
1771288399675,2.0,2026-02-16 19:33:19.675
1771288399709,3.0,2026-02-16 19:33:19.709
1771288399763,1.0,2026-02-16 19:33:19.763
1771288399812,5.0,2026-02-16 19:33:19.812
1771288399861,0.0,2026-02-16 19:33:19.861
1771288399910,4.0,2026-02-16 19:33:19.910
1771288399963,6.0,2026-02-16 19:33:19.963
1771288400013,0.0,2026-02-16 19:33:20.013
1771288400062,4.0,2026-02-16 19:33:20.062
1771288400111,3.0,2026-02-16 19:33:20.111
1771288400164,0.0,2026-02-16 19:33:20.164
1771288400213,5.0,2026-02-16 19:33:20.213
1771288400263,1.0,2026-02-16 19:33:20.263
1771288400312,4.0,2026-02-16 19:33:20.312
1771288400365,3.0,2026-02-16 19:33:20.365
1771288400414,3.0,2026-02-16 19:33:20.414
1771288400463,2.0,2026-02-16 19:33:20.463
1771288400512,1.0,2026-02-16 19:33:20.512
1771288400565,2.0,2026-02-16 19:33:20.565
1771288400614,4.0,2026-02-16 19:33:20.614
1771288400664,1.0,2026-02-16 19:33:20.664
1771288400713,6.0,2026-02-16 19:33:20.713
1771288400766,4.0,2026-02-16 19:33:20.766
1771288400815,1.0,2026-02-16 19:33:20.815
1771288400865,5.0,2026-02-16 19:33:20.865
1771288400914,3.0,2026-02-16 19:33:20.914
1771288400967,2.0,2026-02-16 19:33:20.967
1771288401016,2.0,2026-02-16 19:33:21.016
1771288401065,3.0,2026-02-16 19:33:21.065
1771288401118,6.0,2026-02-16 19:33:21.118
1771288401167,1.0,2026-02-16 19:33:21.167
1771288401217,3.0,2026-02-16 19:33:21.217
1771288401266,4.0,2026-02-16 19:33:21.266
1771288401319,0.0,2026-02-16 19:33:21.319
1771288401368,2.0,2026-02-16 19:33:21.368
1771288401418,0.0,2026-02-16 19:33:21.418
1771288401467,3.0,2026-02-16 19:33:21.467
1771288401520,4.0,2026-02-16 19:33:21.520
1771288401569,5.0,2026-02-16 19:33:21.569
1771288401618,5.0,2026-02-16 19:33:21.618
1771288401667,1.0,2026-02-16 19:33:21.667
1771288401720,3.0,2026-02-16 19:33:21.720
1771288401770,3.0,2026-02-16 19:33:21.770
1771288401819,2.0,2026-02-16 19:33:21.819
1771288401868,6.0,2026-02-16 19:33:21.868
1771288401921,4.0,2026-02-16 19:33:21.921
1771288401970,2.0,2026-02-16 19:33:21.970
1771288402019,2.0,2026-02-16 19:33:22.019
1771288402069,1.0,2026-02-16 19:33:22.069
1771288402122,2.0,2026-02-16 19:33:22.122
1771288402171,2.0,2026-02-16 19:33:22.171
1771288402220,1.0,2026-02-16 19:33:22.220
1771288402269,6.0,2026-02-16 19:33:22.269
1771288402322,0.0,2026-02-16 19:33:22.322
1771288402372,3.0,2026-02-16 19:33:22.372
1771288402421,1.0,2026-02-16 19:33:22.421
1771288402474,0.0,2026-02-16 19:33:22.474
1771288402523,3.0,2026-02-16 19:33:22.523
1771288402572,2.0,2026-02-16 19:33:22.572
1771288402622,1.0,2026-02-16 19:33:22.622
1771288402675,4.0,2026-02-16 19:33:22.675
1771288402724,1.0,2026-02-16 19:33:22.724
1771288402773,3.0,2026-02-16 19:33:22.773
1771288402822,2.0,2026-02-16 19:33:22.822
1771288402875,0.0,2026-02-16 19:33:22.875
1771288402925,5.0,2026-02-16 19:33:22.925
1771288402974,1.0,2026-02-16 19:33:22.974
1771288403023,3.0,2026-02-16 19:33:23.023
1771288403078,5.0,2026-02-16 19:33:23.078
1771288403125,1.0,2026-02-16 19:33:23.125
1771288403175,3.0,2026-02-16 19:33:23.175
1771288403224,1.0,2026-02-16 19:33:23.224
1771288403277,2.0,2026-02-16 19:33:23.277
1771288403326,3.0,2026-02-16 19:33:23.326
1771288403375,2.0,2026-02-16 19:33:23.375
1771288403424,5.0,2026-02-16 19:33:23.424
1771288403477,2.0,2026-02-16 19:33:23.477
1771288403527,2.0,2026-02-16 19:33:23.527
1771288403576,3.0,2026-02-16 19:33:23.576
1771288403625,1.0,2026-02-16 19:33:23.625
1771288403678,5.0,2026-02-16 19:33:23.678
1771288403727,3.0,2026-02-16 19:33:23.727
1771288403777,4.0,2026-02-16 19:33:23.777
1771288403826,2.0,2026-02-16 19:33:23.826
1771288403879,0.0,2026-02-16 19:33:23.879
1771288403928,5.0,2026-02-16 19:33:23.928
1771288403978,0.0,2026-02-16 19:33:23.978
1771288404030,5.0,2026-02-16 19:33:24.030
1771288404080,4.0,2026-02-16 19:33:24.080
1771288404129,1.0,2026-02-16 19:33:24.129
1771288404178,7.0,2026-02-16 19:33:24.178
1771288404231,5.0,2026-02-16 19:33:24.231
1771288404280,2.0,2026-02-16 19:33:24.280
1771288404330,3.0,2026-02-16 19:33:24.330
1771288404379,2.0,2026-02-16 19:33:24.379
1771288404432,4.0,2026-02-16 19:33:24.432
1771288404481,1.0,2026-02-16 19:33:24.481
1771288404530,4.0,2026-02-16 19:33:24.530
1771288404579,2.0,2026-02-16 19:33:24.579
1771288404633,2.0,2026-02-16 19:33:24.633
1771288404682,5.0,2026-02-16 19:33:24.682
1771288404731,2.0,2026-02-16 19:33:24.731
1771288404780,4.0,2026-02-16 19:33:24.780
1771288404833,3.0,2026-02-16 19:33:24.833
1771288404882,3.0,2026-02-16 19:33:24.882
1771288404932,3.0,2026-02-16 19:33:24.932
1771288404981,1.0,2026-02-16 19:33:24.981
1771288405034,5.0,2026-02-16 19:33:25.034
1771288405083,3.0,2026-02-16 19:33:25.083
1771288405132,4.0,2026-02-16 19:33:25.132
1771288405181,6.0,2026-02-16 19:33:25.181
1771288405235,0.0,2026-02-16 19:33:25.235
1771288405284,5.0,2026-02-16 19:33:25.284
1771288405333,2.0,2026-02-16 19:33:25.333
1771288405386,3.0,2026-02-16 19:33:25.386
1771288405435,4.0,2026-02-16 19:33:25.435
1771288405485,1.0,2026-02-16 19:33:25.485
1771288405534,2.0,2026-02-16 19:33:25.534
1771288405587,1.0,2026-02-16 19:33:25.587
1771288405636,3.0,2026-02-16 19:33:25.636
1771288405685,2.0,2026-02-16 19:33:25.685
1771288405734,2.0,2026-02-16 19:33:25.734
1771288405788,4.0,2026-02-16 19:33:25.788
1771288405837,0.0,2026-02-16 19:33:25.837
1771288405886,4.0,2026-02-16 19:33:25.886
1771288405935,2.0,2026-02-16 19:33:25.935
1771288405988,3.0,2026-02-16 19:33:25.988
1771288406037,4.0,2026-02-16 19:33:26.037
1771288406087,2.0,2026-02-16 19:33:26.087
1771288406136,5.0,2026-02-16 19:33:26.136
1771288406189,1.0,2026-02-16 19:33:26.189
1771288406238,3.0,2026-02-16 19:33:26.238
1771288406287,4.0,2026-02-16 19:33:26.287
1771288406337,3.0,2026-02-16 19:33:26.337
1771288406390,2.0,2026-02-16 19:33:26.390
1771288406439,1.0,2026-02-16 19:33:26.439
1771288406488,2.0,2026-02-16 19:33:26.488
1771288406537,0.0,2026-02-16 19:33:26.537
1771288406590,3.0,2026-02-16 19:33:26.590
1771288406639,3.0,2026-02-16 19:33:26.639
1771288406689,0.0,2026-02-16 19:33:26.689
1771288406738,6.0,2026-02-16 19:33:26.738
1771288406791,0.0,2026-02-16 19:33:26.791
1771288406840,2.0,2026-02-16 19:33:26.840
1771288406889,2.0,2026-02-16 19:33:26.889
1771288406943,2.0,2026-02-16 19:33:26.943
1771288406992,3.0,2026-02-16 19:33:26.992
1771288407041,2.0,2026-02-16 19:33:27.041
1771288407090,3.0,2026-02-16 19:33:27.090
1771288407143,1.0,2026-02-16 19:33:27.143
1771288407192,4.0,2026-02-16 19:33:27.192
1771288407242,3.0,2026-02-16 19:33:27.242
1771288407291,3.0,2026-02-16 19:33:27.291
1771288407345,3.0,2026-02-16 19:33:27.345
1771288407393,1.0,2026-02-16 19:33:27.393
1771288407442,4.0,2026-02-16 19:33:27.442
1771288407492,2.0,2026-02-16 19:33:27.492
1771288407545,5.0,2026-02-16 19:33:27.545
1771288407594,4.0,2026-02-16 19:33:27.594
1771288407643,0.0,2026-02-16 19:33:27.643
1771288407692,3.0,2026-02-16 19:33:27.692
1771288407745,2.0,2026-02-16 19:33:27.745
1771288407795,2.0,2026-02-16 19:33:27.795
1771288407844,4.0,2026-02-16 19:33:27.844
1771288407893,2.0,2026-02-16 19:33:27.893
1771288407946,2.0,2026-02-16 19:33:27.946
1771288407995,0.0,2026-02-16 19:33:27.995
1771288408045,6.0,2026-02-16 19:33:28.045
1771288408094,0.0,2026-02-16 19:33:28.094
1771288408147,5.0,2026-02-16 19:33:28.147
1771288408200,3.0,2026-02-16 19:33:28.200
1771288408245,4.0,2026-02-16 19:33:28.245
1771288408295,4.0,2026-02-16 19:33:28.295
1771288408347,3.0,2026-02-16 19:33:28.347
1771288408397,3.0,2026-02-16 19:33:28.397
1771288408446,2.0,2026-02-16 19:33:28.446
1771288408499,4.0,2026-02-16 19:33:28.499
1771288408548,1.0,2026-02-16 19:33:28.548
1771288408598,3.0,2026-02-16 19:33:28.598
1771288408647,5.0,2026-02-16 19:33:28.647
1771288408700,1.0,2026-02-16 19:33:28.700
1771288408749,5.0,2026-02-16 19:33:28.749
1771288408799,1.0,2026-02-16 19:33:28.799
1771288408850,2.0,2026-02-16 19:33:28.850
1771288408900,3.0,2026-02-16 19:33:28.900
1771288408950,4.0,2026-02-16 19:33:28.950
1771288408999,2.0,2026-02-16 19:33:28.999
1771288409048,2.0,2026-02-16 19:33:29.048
1771288409101,4.0,2026-02-16 19:33:29.101
1771288409150,1.0,2026-02-16 19:33:29.150
1771288409200,5.0,2026-02-16 19:33:29.200
1771288409249,3.0,2026-02-16 19:33:29.249
1771288409302,3.0,2026-02-16 19:33:29.302
1771288409351,3.0,2026-02-16 19:33:29.351
1771288409400,1.0,2026-02-16 19:33:29.400
1771288409449,5.0,2026-02-16 19:33:29.449
1771288409503,1.0,2026-02-16 19:33:29.503
1771288409552,6.0,2026-02-16 19:33:29.552
1771288409601,0.0,2026-02-16 19:33:29.601
1771288409650,4.0,2026-02-16 19:33:29.650
1771288409703,4.0,2026-02-16 19:33:29.703
1771288409752,5.0,2026-02-16 19:33:29.752
1771288409802,4.0,2026-02-16 19:33:29.802
1771288409855,2.0,2026-02-16 19:33:29.855
1771288409904,3.0,2026-02-16 19:33:29.904
1771288409953,0.0,2026-02-16 19:33:29.953
1771288410002,5.0,2026-02-16 19:33:30.002
1771288410055,3.0,2026-02-16 19:33:30.055
1771288410105,4.0,2026-02-16 19:33:30.105
1771288410154,2.0,2026-02-16 19:33:30.154
1771288410203,1.0,2026-02-16 19:33:30.203
1771288410256,4.0,2026-02-16 19:33:30.256
1771288410305,2.0,2026-02-16 19:33:30.305
1771288410355,4.0,2026-02-16 19:33:30.355
1771288410404,1.0,2026-02-16 19:33:30.404
1771288410457,2.0,2026-02-16 19:33:30.457
1771288410506,3.0,2026-02-16 19:33:30.506
1771288410555,3.0,2026-02-16 19:33:30.555
1771288410604,3.0,2026-02-16 19:33:30.604
1771288410658,1.0,2026-02-16 19:33:30.658
1771288410707,3.0,2026-02-16 19:33:30.707
1771288410756,0.0,2026-02-16 19:33:30.756
1771288410805,5.0,2026-02-16 19:33:30.805
1771288410858,1.0,2026-02-16 19:33:30.858
1771288410907,2.0,2026-02-16 19:33:30.907
1771288410957,1.0,2026-02-16 19:33:30.957
1771288411006,1.0,2026-02-16 19:33:31.006
1771288411059,4.0,2026-02-16 19:33:31.059
1771288411108,2.0,2026-02-16 19:33:31.108
1771288411157,3.0,2026-02-16 19:33:31.157
1771288411207,0.0,2026-02-16 19:33:31.207
1771288411260,4.0,2026-02-16 19:33:31.260
1771288411309,2.0,2026-02-16 19:33:31.309
1771288411358,3.0,2026-02-16 19:33:31.358
1771288411411,3.0,2026-02-16 19:33:31.411
1771288411460,1.0,2026-02-16 19:33:31.460
1771288411510,1.0,2026-02-16 19:33:31.510
1771288411559,2.0,2026-02-16 19:33:31.559
1771288411612,5.0,2026-02-16 19:33:31.612
1771288411661,0.0,2026-02-16 19:33:31.661
1771288411710,5.0,2026-02-16 19:33:31.710
1771288411760,2.0,2026-02-16 19:33:31.760
1771288411813,3.0,2026-02-16 19:33:31.813
1771288411862,5.0,2026-02-16 19:33:31.862
1771288411911,4.0,2026-02-16 19:33:31.911
1771288411960,1.0,2026-02-16 19:33:31.960
1771288412013,2.0,2026-02-16 19:33:32.013
1771288412062,5.0,2026-02-16 19:33:32.062
1771288412112,0.0,2026-02-16 19:33:32.112
1771288412161,4.0,2026-02-16 19:33:32.161
1771288412214,0.0,2026-02-16 19:33:32.214
1771288412263,3.0,2026-02-16 19:33:32.263
1771288412313,3.0,2026-02-16 19:33:32.313
1771288412362,4.0,2026-02-16 19:33:32.362
1771288412415,1.0,2026-02-16 19:33:32.415
1771288412464,2.0,2026-02-16 19:33:32.464
1771288412513,5.0,2026-02-16 19:33:32.513
1771288412562,3.0,2026-02-16 19:33:32.562
1771288412615,4.0,2026-02-16 19:33:32.615
1771288412665,1.0,2026-02-16 19:33:32.665
1771288412714,2.0,2026-02-16 19:33:32.714
1771288412763,2.0,2026-02-16 19:33:32.763
1771288412816,5.0,2026-02-16 19:33:32.816
1771288412865,2.0,2026-02-16 19:33:32.865
1771288412915,3.0,2026-02-16 19:33:32.915
1771288412968,2.0,2026-02-16 19:33:32.968
1771288413017,3.0,2026-02-16 19:33:33.017
1771288413066,4.0,2026-02-16 19:33:33.066
1771288413115,3.0,2026-02-16 19:33:33.115
1771288413168,3.0,2026-02-16 19:33:33.168
1771288413217,0.0,2026-02-16 19:33:33.217
1771288413267,5.0,2026-02-16 19:33:33.267
1771288413316,2.0,2026-02-16 19:33:33.316
1771288413369,6.0,2026-02-16 19:33:33.369
1771288413418,0.0,2026-02-16 19:33:33.418
1771288413467,6.0,2026-02-16 19:33:33.467
1771288413517,3.0,2026-02-16 19:33:33.517
1771288413570,4.0,2026-02-16 19:33:33.570
1771288413619,2.0,2026-02-16 19:33:33.619
1771288413668,3.0,2026-02-16 19:33:33.668
1771288413717,2.0,2026-02-16 19:33:33.717
1771288413770,4.0,2026-02-16 19:33:33.770
1771288413820,6.0,2026-02-16 19:33:33.820
1771288413869,0.0,2026-02-16 19:33:33.869
1771288413918,5.0,2026-02-16 19:33:33.918
1771288413971,1.0,2026-02-16 19:33:33.971
1771288414021,3.0,2026-02-16 19:33:34.021
1771288414070,2.0,2026-02-16 19:33:34.070
1771288414119,4.0,2026-02-16 19:33:34.119
1771288414172,0.0,2026-02-16 19:33:34.172
1771288414221,7.0,2026-02-16 19:33:34.221
1771288414270,3.0,2026-02-16 19:33:34.270
1771288414323,0.0,2026-02-16 19:33:34.323
1771288414373,3.0,2026-02-16 19:33:34.373
1771288414422,6.0,2026-02-16 19:33:34.422
1771288414471,3.0,2026-02-16 19:33:34.471
1771288414524,1.0,2026-02-16 19:33:34.524
1771288414573,3.0,2026-02-16 19:33:34.573
1771288414622,0.0,2026-02-16 19:33:34.622
1771288414672,6.0,2026-02-16 19:33:34.672
1771288414725,1.0,2026-02-16 19:33:34.725
1771288414774,1.0,2026-02-16 19:33:34.774
1771288414823,0.0,2026-02-16 19:33:34.823
1771288414872,6.0,2026-02-16 19:33:34.872
1771288414925,0.0,2026-02-16 19:33:34.925
1771288414975,2.0,2026-02-16 19:33:34.975
1771288415024,0.0,2026-02-16 19:33:35.024
1771288415073,5.0,2026-02-16 19:33:35.073
1771288415126,4.0,2026-02-16 19:33:35.126
1771288415175,4.0,2026-02-16 19:33:35.175
1771288415225,2.0,2026-02-16 19:33:35.225
1771288415274,2.0,2026-02-16 19:33:35.274
1771288415327,4.0,2026-02-16 19:33:35.327
1771288415376,2.0,2026-02-16 19:33:35.376
1771288415426,4.0,2026-02-16 19:33:35.426
1771288415474,1.0,2026-02-16 19:33:35.474
1771288415527,5.0,2026-02-16 19:33:35.527
1771288415577,1.0,2026-02-16 19:33:35.577
1771288415626,5.0,2026-02-16 19:33:35.626
1771288415675,2.0,2026-02-16 19:33:35.675
1771288415728,5.0,2026-02-16 19:33:35.728
1771288415778,2.0,2026-02-16 19:33:35.778
1771288415827,4.0,2026-02-16 19:33:35.827
1771288415880,1.0,2026-02-16 19:33:35.880
1771288415929,3.0,2026-02-16 19:33:35.929
1771288415978,4.0,2026-02-16 19:33:35.978
1771288416027,4.0,2026-02-16 19:33:36.027
1771288416081,1.0,2026-02-16 19:33:36.081
1771288416130,3.0,2026-02-16 19:33:36.130
1771288416179,5.0,2026-02-16 19:33:36.179
1771288416228,2.0,2026-02-16 19:33:36.228
1771288416281,5.0,2026-02-16 19:33:36.281
1771288416330,2.0,2026-02-16 19:33:36.330
1771288416379,3.0,2026-02-16 19:33:36.379
1771288416429,2.0,2026-02-16 19:33:36.429
1771288416482,5.0,2026-02-16 19:33:36.482
1771288416531,0.0,2026-02-16 19:33:36.531
1771288416580,5.0,2026-02-16 19:33:36.580
1771288416629,2.0,2026-02-16 19:33:36.629
1771288416683,4.0,2026-02-16 19:33:36.683
1771288416732,1.0,2026-02-16 19:33:36.732
1771288416781,4.0,2026-02-16 19:33:36.781
1771288416830,1.0,2026-02-16 19:33:36.830
1771288416883,4.0,2026-02-16 19:33:36.883
1771288416932,2.0,2026-02-16 19:33:36.932
1771288416982,4.0,2026-02-16 19:33:36.982
1771288417031,2.0,2026-02-16 19:33:37.031
1771288417084,5.0,2026-02-16 19:33:37.084
1771288417133,4.0,2026-02-16 19:33:37.133
1771288417182,3.0,2026-02-16 19:33:37.182
1771288417235,3.0,2026-02-16 19:33:37.235
1771288417285,4.0,2026-02-16 19:33:37.285
1771288417334,4.0,2026-02-16 19:33:37.334
1771288417383,0.0,2026-02-16 19:33:37.383
1771288417436,6.0,2026-02-16 19:33:37.436
1771288417486,3.0,2026-02-16 19:33:37.486
1771288417535,3.0,2026-02-16 19:33:37.535
1771288417585,3.0,2026-02-16 19:33:37.585
1771288417637,4.0,2026-02-16 19:33:37.637
1771288417686,0.0,2026-02-16 19:33:37.686
1771288417736,6.0,2026-02-16 19:33:37.736
1771288417785,0.0,2026-02-16 19:33:37.785
1771288417838,4.0,2026-02-16 19:33:37.838
1771288417887,3.0,2026-02-16 19:33:37.887
1771288417936,6.0,2026-02-16 19:33:37.936
1771288417985,0.0,2026-02-16 19:33:37.985
1771288418038,4.0,2026-02-16 19:33:38.038
1771288418087,1.0,2026-02-16 19:33:38.087
1771288418137,6.0,2026-02-16 19:33:38.137
1771288418186,1.0,2026-02-16 19:33:38.186
1771288418239,3.0,2026-02-16 19:33:38.239
1771288418288,2.0,2026-02-16 19:33:38.288
1771288418337,6.0,2026-02-16 19:33:38.337
1771288418386,0.0,2026-02-16 19:33:38.386
1771288418440,4.0,2026-02-16 19:33:38.440
1771288418489,2.0,2026-02-16 19:33:38.489
1771288418538,3.0,2026-02-16 19:33:38.538
1771288418587,2.0,2026-02-16 19:33:38.587
1771288418640,3.0,2026-02-16 19:33:38.640
1771288418689,1.0,2026-02-16 19:33:38.689
1771288418739,5.0,2026-02-16 19:33:38.739
1771288418794,1.0,2026-02-16 19:33:38.794
1771288418841,2.0,2026-02-16 19:33:38.841
1771288418890,2.0,2026-02-16 19:33:38.890
1771288418939,5.0,2026-02-16 19:33:38.939
1771288418993,3.0,2026-02-16 19:33:38.993
1771288419045,4.0,2026-02-16 19:33:39.045
1771288419093,4.0,2026-02-16 19:33:39.093
1771288419140,4.0,2026-02-16 19:33:39.140
1771288419193,1.0,2026-02-16 19:33:39.193
1771288419242,2.0,2026-02-16 19:33:39.242
1771288419292,3.0,2026-02-16 19:33:39.292
1771288419341,3.0,2026-02-16 19:33:39.341
1771288419394,2.0,2026-02-16 19:33:39.394
1771288419443,3.0,2026-02-16 19:33:39.443
1771288419492,4.0,2026-02-16 19:33:39.492
1771288419543,3.0,2026-02-16 19:33:39.543
1771288419595,4.0,2026-02-16 19:33:39.595
1771288419645,3.0,2026-02-16 19:33:39.645
1771288419694,3.0,2026-02-16 19:33:39.694
1771288419742,3.0,2026-02-16 19:33:39.742
1771288419796,4.0,2026-02-16 19:33:39.796
1771288419845,0.0,2026-02-16 19:33:39.845
1771288419894,5.0,2026-02-16 19:33:39.894
1771288419949,4.0,2026-02-16 19:33:39.949
1771288419996,3.0,2026-02-16 19:33:39.996
1771288420046,1.0,2026-02-16 19:33:40.046
1771288420095,4.0,2026-02-16 19:33:40.095
1771288420144,2.0,2026-02-16 19:33:40.144
1771288420199,2.0,2026-02-16 19:33:40.199
1771288420247,2.0,2026-02-16 19:33:40.247
1771288420295,6.0,2026-02-16 19:33:40.295
1771288420348,3.0,2026-02-16 19:33:40.348
1771288420397,2.0,2026-02-16 19:33:40.397
1771288420447,1.0,2026-02-16 19:33:40.447
1771288420496,4.0,2026-02-16 19:33:40.496
1771288420549,1.0,2026-02-16 19:33:40.549
1771288420598,5.0,2026-02-16 19:33:40.598
1771288420647,2.0,2026-02-16 19:33:40.647
1771288420697,4.0,2026-02-16 19:33:40.697
1771288420750,4.0,2026-02-16 19:33:40.750
1771288420799,3.0,2026-02-16 19:33:40.799
1771288420849,2.0,2026-02-16 19:33:40.849
1771288420897,5.0,2026-02-16 19:33:40.897
1771288420950,2.0,2026-02-16 19:33:40.950
1771288421000,4.0,2026-02-16 19:33:41.000
1771288421049,4.0,2026-02-16 19:33:41.049
1771288421098,3.0,2026-02-16 19:33:41.098
1771288421151,3.0,2026-02-16 19:33:41.151
1771288421200,2.0,2026-02-16 19:33:41.200
1771288421250,2.0,2026-02-16 19:33:41.250
1771288421299,1.0,2026-02-16 19:33:41.299
1771288421352,3.0,2026-02-16 19:33:41.352
1771288421401,2.0,2026-02-16 19:33:41.401
1771288421450,4.0,2026-02-16 19:33:41.450
1771288421500,3.0,2026-02-16 19:33:41.500
1771288421553,2.0,2026-02-16 19:33:41.553
1771288421602,3.0,2026-02-16 19:33:41.602
1771288421651,4.0,2026-02-16 19:33:41.651
1771288421704,3.0,2026-02-16 19:33:41.704
1771288421753,2.0,2026-02-16 19:33:41.753
1771288421802,2.0,2026-02-16 19:33:41.802
1771288421852,6.0,2026-02-16 19:33:41.852
1771288421905,2.0,2026-02-16 19:33:41.905
1771288421954,2.0,2026-02-16 19:33:41.954
1771288422006,4.0,2026-02-16 19:33:42.006
1771288422052,3.0,2026-02-16 19:33:42.052
1771288422105,0.0,2026-02-16 19:33:42.105
1771288422155,4.0,2026-02-16 19:33:42.155
1771288422204,2.0,2026-02-16 19:33:42.204
1771288422253,3.0,2026-02-16 19:33:42.253
1771288422306,1.0,2026-02-16 19:33:42.306
1771288422355,6.0,2026-02-16 19:33:42.355
1771288422405,2.0,2026-02-16 19:33:42.405
1771288422454,3.0,2026-02-16 19:33:42.454
1771288422507,1.0,2026-02-16 19:33:42.507
1771288422556,6.0,2026-02-16 19:33:42.556
1771288422605,0.0,2026-02-16 19:33:42.605
1771288422654,3.0,2026-02-16 19:33:42.654
1771288422708,3.0,2026-02-16 19:33:42.708
1771288422757,3.0,2026-02-16 19:33:42.757
1771288422806,0.0,2026-02-16 19:33:42.806
1771288422855,5.0,2026-02-16 19:33:42.855
1771288422908,1.0,2026-02-16 19:33:42.908
1771288422958,3.0,2026-02-16 19:33:42.958
1771288423007,1.0,2026-02-16 19:33:43.007
1771288423056,4.0,2026-02-16 19:33:43.056
1771288423109,4.0,2026-02-16 19:33:43.109
1771288423158,3.0,2026-02-16 19:33:43.158
1771288423208,2.0,2026-02-16 19:33:43.208
1771288423261,5.0,2026-02-16 19:33:43.261
1771288423310,2.0,2026-02-16 19:33:43.310
1771288423359,2.0,2026-02-16 19:33:43.359
1771288423408,5.0,2026-02-16 19:33:43.408
1771288423461,3.0,2026-02-16 19:33:43.461
1771288423510,5.0,2026-02-16 19:33:43.510
1771288423560,1.0,2026-02-16 19:33:43.560
1771288423609,5.0,2026-02-16 19:33:43.609
1771288423662,2.0,2026-02-16 19:33:43.662
1771288423711,3.0,2026-02-16 19:33:43.711
1771288423760,2.0,2026-02-16 19:33:43.760
1771288423809,6.0,2026-02-16 19:33:43.809
1771288423863,0.0,2026-02-16 19:33:43.863
1771288423912,5.0,2026-02-16 19:33:43.912
1771288423961,2.0,2026-02-16 19:33:43.961
1771288424010,4.0,2026-02-16 19:33:44.010
1771288424063,0.0,2026-02-16 19:33:44.063
1771288424112,5.0,2026-02-16 19:33:44.112
1771288424162,2.0,2026-02-16 19:33:44.162
1771288424211,5.0,2026-02-16 19:33:44.211
1771288424264,0.0,2026-02-16 19:33:44.264
1771288424313,5.0,2026-02-16 19:33:44.313
1771288424362,4.0,2026-02-16 19:33:44.362
1771288424413,1.0,2026-02-16 19:33:44.413
1771288424466,4.0,2026-02-16 19:33:44.466
1771288424514,3.0,2026-02-16 19:33:44.514
1771288424563,2.0,2026-02-16 19:33:44.563
1771288424616,2.0,2026-02-16 19:33:44.616
1771288424665,5.0,2026-02-16 19:33:44.665
1771288424716,1.0,2026-02-16 19:33:44.716
1771288424764,4.0,2026-02-16 19:33:44.764
1771288424817,2.0,2026-02-16 19:33:44.817
1771288424866,5.0,2026-02-16 19:33:44.866
1771288424916,0.0,2026-02-16 19:33:44.916
1771288424965,4.0,2026-02-16 19:33:44.965
1771288425027,3.0,2026-02-16 19:33:45.027
1771288425069,5.0,2026-02-16 19:33:45.069
1771288425116,0.0,2026-02-16 19:33:45.116
1771288425165,4.0,2026-02-16 19:33:45.165
1771288425218,3.0,2026-02-16 19:33:45.218
1771288425268,3.0,2026-02-16 19:33:45.268
1771288425317,4.0,2026-02-16 19:33:45.317
1771288425366,3.0,2026-02-16 19:33:45.366
1771288425419,4.0,2026-02-16 19:33:45.419
1771288425468,3.0,2026-02-16 19:33:45.468
1771288425517,5.0,2026-02-16 19:33:45.517
1771288425567,3.0,2026-02-16 19:33:45.567
1771288425620,5.0,2026-02-16 19:33:45.620
1771288425669,1.0,2026-02-16 19:33:45.669
1771288425718,7.0,2026-02-16 19:33:45.718
1771288425767,1.0,2026-02-16 19:33:45.767
1771288425821,5.0,2026-02-16 19:33:45.821
1771288425870,2.0,2026-02-16 19:33:45.870
1771288425919,3.0,2026-02-16 19:33:45.919
1771288425968,2.0,2026-02-16 19:33:45.968
1771288426021,4.0,2026-02-16 19:33:46.021
1771288426070,2.0,2026-02-16 19:33:46.070
1771288426119,3.0,2026-02-16 19:33:46.119
1771288426173,5.0,2026-02-16 19:33:46.173
1771288426222,2.0,2026-02-16 19:33:46.222
1771288426271,3.0,2026-02-16 19:33:46.271
1771288426320,1.0,2026-02-16 19:33:46.320
1771288426373,4.0,2026-02-16 19:33:46.373
1771288426423,0.0,2026-02-16 19:33:46.423
1771288426472,4.0,2026-02-16 19:33:46.472
1771288426521,3.0,2026-02-16 19:33:46.521
1771288426574,4.0,2026-02-16 19:33:46.574
1771288426623,1.0,2026-02-16 19:33:46.623
1771288426672,5.0,2026-02-16 19:33:46.672
1771288426722,2.0,2026-02-16 19:33:46.722
1771288426775,2.0,2026-02-16 19:33:46.775
1771288426824,3.0,2026-02-16 19:33:46.824
1771288426873,1.0,2026-02-16 19:33:46.873
1771288426922,4.0,2026-02-16 19:33:46.922
1771288426975,0.0,2026-02-16 19:33:46.975
1771288427025,7.0,2026-02-16 19:33:47.025
1771288427074,2.0,2026-02-16 19:33:47.074
1771288427123,4.0,2026-02-16 19:33:47.123
1771288427176,2.0,2026-02-16 19:33:47.176
1771288427225,5.0,2026-02-16 19:33:47.225
1771288427274,1.0,2026-02-16 19:33:47.274
1771288427324,4.0,2026-02-16 19:33:47.324
1771288427377,3.0,2026-02-16 19:33:47.377
1771288427426,3.0,2026-02-16 19:33:47.426
1771288427475,5.0,2026-02-16 19:33:47.475
1771288427528,2.0,2026-02-16 19:33:47.528
1771288427578,6.0,2026-02-16 19:33:47.578
1771288427628,2.0,2026-02-16 19:33:47.628
1771288427676,5.0,2026-02-16 19:33:47.676
1771288427729,1.0,2026-02-16 19:33:47.729
1771288427778,4.0,2026-02-16 19:33:47.778
1771288427827,3.0,2026-02-16 19:33:47.827
1771288427877,4.0,2026-02-16 19:33:47.877
1771288427930,0.0,2026-02-16 19:33:47.930
1771288427979,5.0,2026-02-16 19:33:47.979
1771288428028,5.0,2026-02-16 19:33:48.028
1771288428077,0.0,2026-02-16 19:33:48.077
1771288428130,5.0,2026-02-16 19:33:48.130
1771288428180,2.0,2026-02-16 19:33:48.180
1771288428229,4.0,2026-02-16 19:33:48.229
1771288428278,1.0,2026-02-16 19:33:48.278
1771288428331,5.0,2026-02-16 19:33:48.331
1771288428380,2.0,2026-02-16 19:33:48.380
1771288428432,3.0,2026-02-16 19:33:48.432
1771288428479,2.0,2026-02-16 19:33:48.479
1771288428532,4.0,2026-02-16 19:33:48.532
1771288428581,2.0,2026-02-16 19:33:48.581
1771288428630,3.0,2026-02-16 19:33:48.630
1771288428679,5.0,2026-02-16 19:33:48.679
1771288428733,0.0,2026-02-16 19:33:48.733
1771288428782,4.0,2026-02-16 19:33:48.782
1771288428831,2.0,2026-02-16 19:33:48.831
1771288428880,4.0,2026-02-16 19:33:48.880
1771288428933,4.0,2026-02-16 19:33:48.933
1771288428982,9.0,2026-02-16 19:33:48.982
1771288429032,2.0,2026-02-16 19:33:49.032
1771288429085,3.0,2026-02-16 19:33:49.085
1771288429134,4.0,2026-02-16 19:33:49.134
1771288429183,3.0,2026-02-16 19:33:49.183
1771288429232,3.0,2026-02-16 19:33:49.232
1771288429286,2.0,2026-02-16 19:33:49.286
1771288429335,8.0,2026-02-16 19:33:49.335
1771288429384,3.0,2026-02-16 19:33:49.384
1771288429433,5.0,2026-02-16 19:33:49.433
1771288429486,2.0,2026-02-16 19:33:49.486
1771288429535,2.0,2026-02-16 19:33:49.535
1771288429585,4.0,2026-02-16 19:33:49.585
1771288429634,1.0,2026-02-16 19:33:49.634
1771288429687,3.0,2026-02-16 19:33:49.687
1771288429737,2.0,2026-02-16 19:33:49.737
1771288429785,5.0,2026-02-16 19:33:49.785
1771288429834,0.0,2026-02-16 19:33:49.834
1771288429888,6.0,2026-02-16 19:33:49.888
1771288429937,2.0,2026-02-16 19:33:49.937
1771288429986,4.0,2026-02-16 19:33:49.986
1771288430035,2.0,2026-02-16 19:33:50.035
1771288430088,4.0,2026-02-16 19:33:50.088
1771288430137,3.0,2026-02-16 19:33:50.137
1771288430187,0.0,2026-02-16 19:33:50.187
1771288430236,5.0,2026-02-16 19:33:50.236
1771288430289,2.0,2026-02-16 19:33:50.289
1771288430338,5.0,2026-02-16 19:33:50.338
1771288430387,2.0,2026-02-16 19:33:50.387
1771288430437,5.0,2026-02-16 19:33:50.437
1771288430490,5.0,2026-02-16 19:33:50.490
1771288430539,5.0,2026-02-16 19:33:50.539
1771288430588,1.0,2026-02-16 19:33:50.588
1771288430641,1.0,2026-02-16 19:33:50.641
1771288430690,5.0,2026-02-16 19:33:50.690
1771288430740,0.0,2026-02-16 19:33:50.740
1771288430789,4.0,2026-02-16 19:33:50.789
1771288430842,1.0,2026-02-16 19:33:50.842
1771288430891,5.0,2026-02-16 19:33:50.891
1771288430940,2.0,2026-02-16 19:33:50.940
1771288430989,1.0,2026-02-16 19:33:50.989
1771288431043,5.0,2026-02-16 19:33:51.043
1771288431092,1.0,2026-02-16 19:33:51.092
1771288431141,5.0,2026-02-16 19:33:51.141
1771288431190,0.0,2026-02-16 19:33:51.190
1771288431243,5.0,2026-02-16 19:33:51.243
1771288431293,4.0,2026-02-16 19:33:51.293
1771288431342,2.0,2026-02-16 19:33:51.342
1771288431391,2.0,2026-02-16 19:33:51.391
1771288431444,2.0,2026-02-16 19:33:51.444
1771288431493,4.0,2026-02-16 19:33:51.493
1771288431542,0.0,2026-02-16 19:33:51.542
1771288431592,5.0,2026-02-16 19:33:51.592
1771288431645,0.0,2026-02-16 19:33:51.645
1771288431694,5.0,2026-02-16 19:33:51.694
1771288431743,2.0,2026-02-16 19:33:51.743
1771288431792,2.0,2026-02-16 19:33:51.792
1771288431847,4.0,2026-02-16 19:33:51.847
1771288431895,2.0,2026-02-16 19:33:51.895
1771288431944,5.0,2026-02-16 19:33:51.944
1771288431997,0.0,2026-02-16 19:33:51.997
1771288432046,5.0,2026-02-16 19:33:52.046
1771288432095,4.0,2026-02-16 19:33:52.095
1771288432145,2.0,2026-02-16 19:33:52.145
1771288432198,5.0,2026-02-16 19:33:52.198
1771288432247,2.0,2026-02-16 19:33:52.247
1771288432296,4.0,2026-02-16 19:33:52.296
1771288432346,2.0,2026-02-16 19:33:52.346
1771288432398,2.0,2026-02-16 19:33:52.398
1771288432448,2.0,2026-02-16 19:33:52.448
1771288432497,6.0,2026-02-16 19:33:52.497
1771288432546,2.0,2026-02-16 19:33:52.546
1771288432599,3.0,2026-02-16 19:33:52.599
1771288432648,6.0,2026-02-16 19:33:52.648
1771288432698,1.0,2026-02-16 19:33:52.698
1771288432747,4.0,2026-02-16 19:33:52.747
1771288432800,0.0,2026-02-16 19:33:52.800
1771288432849,5.0,2026-02-16 19:33:52.849
1771288432898,3.0,2026-02-16 19:33:52.898
1771288432947,5.0,2026-02-16 19:33:52.947
1771288433001,4.0,2026-02-16 19:33:53.001
1771288433050,0.0,2026-02-16 19:33:53.050
1771288433099,6.0,2026-02-16 19:33:53.099
1771288433148,0.0,2026-02-16 19:33:53.148
1771288433201,2.0,2026-02-16 19:33:53.201
1771288433250,4.0,2026-02-16 19:33:53.250
1771288433300,2.0,2026-02-16 19:33:53.300
1771288433349,4.0,2026-02-16 19:33:53.349
1771288433402,2.0,2026-02-16 19:33:53.402
1771288433451,4.0,2026-02-16 19:33:53.451
1771288433500,4.0,2026-02-16 19:33:53.500
1771288433553,4.0,2026-02-16 19:33:53.553
1771288433603,0.0,2026-02-16 19:33:53.603
1771288433652,5.0,2026-02-16 19:33:53.652
1771288433701,3.0,2026-02-16 19:33:53.701
1771288433754,1.0,2026-02-16 19:33:53.754
1771288433803,4.0,2026-02-16 19:33:53.803
1771288433852,3.0,2026-02-16 19:33:53.852
1771288433902,5.0,2026-02-16 19:33:53.902
1771288433955,1.0,2026-02-16 19:33:53.955
1771288434004,3.0,2026-02-16 19:33:54.004
1771288434053,9.0,2026-02-16 19:33:54.053
1771288434102,2.0,2026-02-16 19:33:54.102
1771288434155,3.0,2026-02-16 19:33:54.155
1771288434205,0.0,2026-02-16 19:33:54.205
1771288434254,6.0,2026-02-16 19:33:54.254
1771288434303,2.0,2026-02-16 19:33:54.303
1771288434356,1.0,2026-02-16 19:33:54.356
1771288434406,4.0,2026-02-16 19:33:54.406
1771288434455,0.0,2026-02-16 19:33:54.455
1771288434505,4.0,2026-02-16 19:33:54.505
1771288434557,2.0,2026-02-16 19:33:54.557
1771288434606,2.0,2026-02-16 19:33:54.606
1771288434655,2.0,2026-02-16 19:33:54.655
1771288434705,2.0,2026-02-16 19:33:54.705
1771288434758,2.0,2026-02-16 19:33:54.758
1771288434807,0.0,2026-02-16 19:33:54.807
1771288434856,4.0,2026-02-16 19:33:54.856
1771288434910,2.0,2026-02-16 19:33:54.910
1771288434958,5.0,2026-02-16 19:33:54.958
1771288435008,2.0,2026-02-16 19:33:55.008
1771288435057,2.0,2026-02-16 19:33:55.057
1771288435110,7.0,2026-02-16 19:33:55.110
1771288435159,1.0,2026-02-16 19:33:55.159
1771288435208,4.0,2026-02-16 19:33:55.208
1771288435257,2.0,2026-02-16 19:33:55.257
1771288435311,4.0,2026-02-16 19:33:55.311
1771288435360,3.0,2026-02-16 19:33:55.360
1771288435409,2.0,2026-02-16 19:33:55.409
1771288435458,4.0,2026-02-16 19:33:55.458
1771288435511,1.0,2026-02-16 19:33:55.511
1771288435560,5.0,2026-02-16 19:33:55.560
1771288435610,0.0,2026-02-16 19:33:55.610
1771288435659,2.0,2026-02-16 19:33:55.659
1771288435712,5.0,2026-02-16 19:33:55.712
1771288435763,1.0,2026-02-16 19:33:55.763
1771288435810,6.0,2026-02-16 19:33:55.810
1771288435859,3.0,2026-02-16 19:33:55.859
1771288435913,5.0,2026-02-16 19:33:55.913
1771288435962,5.0,2026-02-16 19:33:55.962
1771288436011,2.0,2026-02-16 19:33:56.011
1771288436060,4.0,2026-02-16 19:33:56.060
1771288436113,0.0,2026-02-16 19:33:56.113
1771288436162,6.0,2026-02-16 19:33:56.162
1771288436212,2.0,2026-02-16 19:33:56.212
1771288436261,1.0,2026-02-16 19:33:56.261
1771288436314,4.0,2026-02-16 19:33:56.314
1771288436363,2.0,2026-02-16 19:33:56.363
1771288436412,6.0,2026-02-16 19:33:56.412
1771288436466,1.0,2026-02-16 19:33:56.466
1771288436517,4.0,2026-02-16 19:33:56.517
1771288436564,4.0,2026-02-16 19:33:56.564
1771288436613,2.0,2026-02-16 19:33:56.613
1771288436666,4.0,2026-02-16 19:33:56.666
1771288436716,1.0,2026-02-16 19:33:56.716
1771288436765,5.0,2026-02-16 19:33:56.765
1771288436814,2.0,2026-02-16 19:33:56.814
1771288436867,4.0,2026-02-16 19:33:56.867
1771288436916,2.0,2026-02-16 19:33:56.916
1771288436965,3.0,2026-02-16 19:33:56.965
1771288437015,5.0,2026-02-16 19:33:57.015
1771288437068,0.0,2026-02-16 19:33:57.068
1771288437117,4.0,2026-02-16 19:33:57.117
1771288437166,0.0,2026-02-16 19:33:57.166
1771288437215,4.0,2026-02-16 19:33:57.215
1771288437268,4.0,2026-02-16 19:33:57.268
1771288437318,0.0,2026-02-16 19:33:57.318
1771288437367,4.0,2026-02-16 19:33:57.367
1771288437416,1.0,2026-02-16 19:33:57.416
1771288437469,5.0,2026-02-16 19:33:57.469
1771288437518,4.0,2026-02-16 19:33:57.518
1771288437567,1.0,2026-02-16 19:33:57.567
1771288437617,8.0,2026-02-16 19:33:57.617
1771288437670,2.0,2026-02-16 19:33:57.670
1771288437719,3.0,2026-02-16 19:33:57.719
1771288437768,3.0,2026-02-16 19:33:57.768
1771288437817,4.0,2026-02-16 19:33:57.817
1771288437871,3.0,2026-02-16 19:33:57.871
1771288437920,0.0,2026-02-16 19:33:57.920
1771288437969,5.0,2026-02-16 19:33:57.969
1771288438022,0.0,2026-02-16 19:33:58.022
1771288438071,4.0,2026-02-16 19:33:58.071
1771288438121,3.0,2026-02-16 19:33:58.121
1771288438170,0.0,2026-02-16 19:33:58.170
1771288438223,6.0,2026-02-16 19:33:58.223
1771288438272,1.0,2026-02-16 19:33:58.272
1771288438321,4.0,2026-02-16 19:33:58.321
1771288438370,8.0,2026-02-16 19:33:58.370
1771288438423,0.0,2026-02-16 19:33:58.423
1771288438473,5.0,2026-02-16 19:33:58.473
1771288438522,1.0,2026-02-16 19:33:58.522
1771288438571,1.0,2026-02-16 19:33:58.571
1771288438624,1.0,2026-02-16 19:33:58.624
1771288438673,1.0,2026-02-16 19:33:58.673
1771288438723,7.0,2026-02-16 19:33:58.723
1771288438772,1.0,2026-02-16 19:33:58.772
1771288438826,2.0,2026-02-16 19:33:58.826
1771288438874,3.0,2026-02-16 19:33:58.874
1771288438924,3.0,2026-02-16 19:33:58.924
1771288438972,5.0,2026-02-16 19:33:58.972
1771288439026,0.0,2026-02-16 19:33:59.026
1771288439075,3.0,2026-02-16 19:33:59.075
1771288439124,4.0,2026-02-16 19:33:59.124
1771288439173,3.0,2026-02-16 19:33:59.173
1771288439226,3.0,2026-02-16 19:33:59.226
1771288439275,0.0,2026-02-16 19:33:59.275
1771288439325,4.0,2026-02-16 19:33:59.325
1771288439378,2.0,2026-02-16 19:33:59.378
1771288439427,3.0,2026-02-16 19:33:59.427
1771288439476,3.0,2026-02-16 19:33:59.476
1771288439529,1.0,2026-02-16 19:33:59.529
1771288439578,6.0,2026-02-16 19:33:59.578
1771288439628,3.0,2026-02-16 19:33:59.628
1771288439677,1.0,2026-02-16 19:33:59.677
1771288439726,7.0,2026-02-16 19:33:59.726
1771288439779,0.0,2026-02-16 19:33:59.779
1771288439828,6.0,2026-02-16 19:33:59.828
1771288439878,3.0,2026-02-16 19:33:59.878
1771288439927,0.0,2026-02-16 19:33:59.927
1771288439980,7.0,2026-02-16 19:33:59.980
1771288440029,0.0,2026-02-16 19:34:00.029
1771288440078,6.0,2026-02-16 19:34:00.078
1771288440127,0.0,2026-02-16 19:34:00.127
1771288440181,0.0,2026-02-16 19:34:00.181
1771288440230,6.0,2026-02-16 19:34:00.230
1771288440279,0.0,2026-02-16 19:34:00.279
1771288440328,5.0,2026-02-16 19:34:00.328
1771288440381,2.0,2026-02-16 19:34:00.381
1771288440431,2.0,2026-02-16 19:34:00.431
1771288440480,6.0,2026-02-16 19:34:00.480
1771288440529,2.0,2026-02-16 19:34:00.529
1771288440582,5.0,2026-02-16 19:34:00.582
1771288440631,2.0,2026-02-16 19:34:00.631
1771288440681,2.0,2026-02-16 19:34:00.681
1771288440730,7.0,2026-02-16 19:34:00.730
1771288440783,4.0,2026-02-16 19:34:00.783
1771288440832,3.0,2026-02-16 19:34:00.832
1771288440881,5.0,2026-02-16 19:34:00.881
1771288440934,2.0,2026-02-16 19:34:00.934
1771288440983,5.0,2026-02-16 19:34:00.983
1771288441033,0.0,2026-02-16 19:34:01.033
1771288441082,1.0,2026-02-16 19:34:01.082
1771288441135,4.0,2026-02-16 19:34:01.135
1771288441188,0.0,2026-02-16 19:34:01.188
1771288441233,5.0,2026-02-16 19:34:01.233
1771288441283,1.0,2026-02-16 19:34:01.283
1771288441335,4.0,2026-02-16 19:34:01.335
1771288441385,6.0,2026-02-16 19:34:01.385
1771288441434,1.0,2026-02-16 19:34:01.434
1771288441483,3.0,2026-02-16 19:34:01.483
1771288441536,0.0,2026-02-16 19:34:01.536
1771288441585,3.0,2026-02-16 19:34:01.585
1771288441635,4.0,2026-02-16 19:34:01.635
1771288441684,0.0,2026-02-16 19:34:01.684
1771288441737,3.0,2026-02-16 19:34:01.737
1771288441786,1.0,2026-02-16 19:34:01.786
1771288441835,2.0,2026-02-16 19:34:01.835
1771288441885,2.0,2026-02-16 19:34:01.885
1771288441938,0.0,2026-02-16 19:34:01.938
1771288441987,2.0,2026-02-16 19:34:01.987
1771288442036,3.0,2026-02-16 19:34:02.036
1771288442085,3.0,2026-02-16 19:34:02.085
1771288442138,3.0,2026-02-16 19:34:02.138
1771288442188,2.0,2026-02-16 19:34:02.188
1771288442237,3.0,2026-02-16 19:34:02.237
1771288442290,4.0,2026-02-16 19:34:02.290
1771288442339,1.0,2026-02-16 19:34:02.339
1771288442388,3.0,2026-02-16 19:34:02.388
1771288442437,2.0,2026-02-16 19:34:02.437
1771288442491,3.0,2026-02-16 19:34:02.491
1771288442540,4.0,2026-02-16 19:34:02.540
1771288442589,2.0,2026-02-16 19:34:02.589
1771288442638,6.0,2026-02-16 19:34:02.638
1771288442691,5.0,2026-02-16 19:34:02.691
1771288442740,2.0,2026-02-16 19:34:02.740
1771288442790,4.0,2026-02-16 19:34:02.790
1771288442839,3.0,2026-02-16 19:34:02.839
1771288442892,3.0,2026-02-16 19:34:02.892
1771288442941,4.0,2026-02-16 19:34:02.941
1771288442990,1.0,2026-02-16 19:34:02.990
1771288443040,4.0,2026-02-16 19:34:03.040
1771288443093,1.0,2026-02-16 19:34:03.093
1771288443142,2.0,2026-02-16 19:34:03.142
1771288443191,5.0,2026-02-16 19:34:03.191
1771288443240,1.0,2026-02-16 19:34:03.240
1771288443293,3.0,2026-02-16 19:34:03.293
1771288443343,2.0,2026-02-16 19:34:03.343
1771288443392,2.0,2026-02-16 19:34:03.392
1771288443441,6.0,2026-02-16 19:34:03.441
1771288443494,0.0,2026-02-16 19:34:03.494
1771288443543,4.0,2026-02-16 19:34:03.543
1771288443593,2.0,2026-02-16 19:34:03.593
1771288443642,1.0,2026-02-16 19:34:03.642
1771288443695,7.0,2026-02-16 19:34:03.695
1771288443744,0.0,2026-02-16 19:34:03.744
1771288443793,2.0,2026-02-16 19:34:03.793
1771288443847,3.0,2026-02-16 19:34:03.847
1771288443896,1.0,2026-02-16 19:34:03.896
1771288443945,6.0,2026-02-16 19:34:03.945
1771288443995,3.0,2026-02-16 19:34:03.995
1771288444047,1.0,2026-02-16 19:34:04.047
1771288444097,3.0,2026-02-16 19:34:04.097
1771288444146,0.0,2026-02-16 19:34:04.146
1771288444195,2.0,2026-02-16 19:34:04.195
1771288444248,3.0,2026-02-16 19:34:04.248
1771288444297,1.0,2026-02-16 19:34:04.297
1771288444348,7.0,2026-02-16 19:34:04.348
1771288444395,3.0,2026-02-16 19:34:04.395
1771288444449,2.0,2026-02-16 19:34:04.449
1771288444498,3.0,2026-02-16 19:34:04.498
1771288444547,3.0,2026-02-16 19:34:04.547
1771288444596,5.0,2026-02-16 19:34:04.596
1771288444649,4.0,2026-02-16 19:34:04.649
1771288444698,2.0,2026-02-16 19:34:04.698
1771288444748,4.0,2026-02-16 19:34:04.748
1771288444797,2.0,2026-02-16 19:34:04.797
1771288444850,3.0,2026-02-16 19:34:04.850
1771288444899,5.0,2026-02-16 19:34:04.899
1771288444948,2.0,2026-02-16 19:34:04.948
1771288444997,3.0,2026-02-16 19:34:04.997
1771288445051,3.0,2026-02-16 19:34:05.051
1771288445100,2.0,2026-02-16 19:34:05.100
1771288445149,5.0,2026-02-16 19:34:05.149
1771288445202,0.0,2026-02-16 19:34:05.202
1771288445251,2.0,2026-02-16 19:34:05.251
1771288445301,5.0,2026-02-16 19:34:05.301
1771288445350,2.0,2026-02-16 19:34:05.350
1771288445403,3.0,2026-02-16 19:34:05.403
1771288445452,2.0,2026-02-16 19:34:05.452
1771288445501,0.0,2026-02-16 19:34:05.501
1771288445550,5.0,2026-02-16 19:34:05.550
1771288445604,4.0,2026-02-16 19:34:05.604
1771288445653,1.0,2026-02-16 19:34:05.653
1771288445702,5.0,2026-02-16 19:34:05.702
1771288445751,1.0,2026-02-16 19:34:05.751
1771288445804,5.0,2026-02-16 19:34:05.804
1771288445853,5.0,2026-02-16 19:34:05.853
1771288445903,0.0,2026-02-16 19:34:05.903
1771288445952,4.0,2026-02-16 19:34:05.952
1771288446005,2.0,2026-02-16 19:34:06.005
1771288446054,3.0,2026-02-16 19:34:06.054
1771288446103,5.0,2026-02-16 19:34:06.103
1771288446153,0.0,2026-02-16 19:34:06.153
1771288446206,2.0,2026-02-16 19:34:06.206
1771288446255,3.0,2026-02-16 19:34:06.255
1771288446304,1.0,2026-02-16 19:34:06.304
1771288446353,4.0,2026-02-16 19:34:06.353
1771288446406,3.0,2026-02-16 19:34:06.406
1771288446455,2.0,2026-02-16 19:34:06.455
1771288446505,5.0,2026-02-16 19:34:06.505
1771288446554,3.0,2026-02-16 19:34:06.554
1771288446607,2.0,2026-02-16 19:34:06.607
1771288446656,2.0,2026-02-16 19:34:06.656
1771288446705,2.0,2026-02-16 19:34:06.705
1771288446758,4.0,2026-02-16 19:34:06.758
1771288446808,5.0,2026-02-16 19:34:06.808
1771288446860,0.0,2026-02-16 19:34:06.860
1771288446906,5.0,2026-02-16 19:34:06.906
1771288446959,1.0,2026-02-16 19:34:06.959
1771288447008,2.0,2026-02-16 19:34:07.008
1771288447058,6.0,2026-02-16 19:34:07.058
1771288447107,1.0,2026-02-16 19:34:07.107
1771288447160,3.0,2026-02-16 19:34:07.160
1771288447209,2.0,2026-02-16 19:34:07.209
1771288447258,0.0,2026-02-16 19:34:07.258
1771288447307,5.0,2026-02-16 19:34:07.307
1771288447361,1.0,2026-02-16 19:34:07.361
1771288447410,2.0,2026-02-16 19:34:07.410
1771288447459,3.0,2026-02-16 19:34:07.459
1771288447508,2.0,2026-02-16 19:34:07.508
1771288447561,2.0,2026-02-16 19:34:07.561
1771288447611,4.0,2026-02-16 19:34:07.611
1771288447660,1.0,2026-02-16 19:34:07.660
1771288447709,2.0,2026-02-16 19:34:07.709
1771288447762,5.0,2026-02-16 19:34:07.762
1771288447811,0.0,2026-02-16 19:34:07.811
1771288447860,4.0,2026-02-16 19:34:07.860
1771288447910,2.0,2026-02-16 19:34:07.910
1771288447963,1.0,2026-02-16 19:34:07.963
1771288448012,7.0,2026-02-16 19:34:08.012
1771288448061,1.0,2026-02-16 19:34:08.061
1771288448110,3.0,2026-02-16 19:34:08.110
1771288448163,5.0,2026-02-16 19:34:08.163
1771288448213,1.0,2026-02-16 19:34:08.213
1771288448262,6.0,2026-02-16 19:34:08.262
1771288448315,2.0,2026-02-16 19:34:08.315
1771288448364,0.0,2026-02-16 19:34:08.364
1771288448413,2.0,2026-02-16 19:34:08.413
1771288448464,3.0,2026-02-16 19:34:08.464
1771288448516,3.0,2026-02-16 19:34:08.516
1771288448565,4.0,2026-02-16 19:34:08.565
1771288448614,3.0,2026-02-16 19:34:08.614
1771288448663,1.0,2026-02-16 19:34:08.663
1771288448716,5.0,2026-02-16 19:34:08.716
1771288448766,1.0,2026-02-16 19:34:08.766
1771288448815,3.0,2026-02-16 19:34:08.815
1771288448864,4.0,2026-02-16 19:34:08.864
1771288448917,1.0,2026-02-16 19:34:08.917
1771288448966,5.0,2026-02-16 19:34:08.966
1771288449016,3.0,2026-02-16 19:34:09.016
1771288449065,1.0,2026-02-16 19:34:09.065
1771288449118,3.0,2026-02-16 19:34:09.118
1771288449167,2.0,2026-02-16 19:34:09.167
1771288449216,2.0,2026-02-16 19:34:09.216
1771288449265,5.0,2026-02-16 19:34:09.265
1771288449318,1.0,2026-02-16 19:34:09.318
1771288449368,0.0,2026-02-16 19:34:09.368
1771288449418,8.0,2026-02-16 19:34:09.418
1771288449466,0.0,2026-02-16 19:34:09.466
1771288449519,4.0,2026-02-16 19:34:09.519
1771288449568,4.0,2026-02-16 19:34:09.568
1771288449617,0.0,2026-02-16 19:34:09.617
1771288449671,5.0,2026-02-16 19:34:09.671
1771288449721,2.0,2026-02-16 19:34:09.721
1771288449769,2.0,2026-02-16 19:34:09.769
1771288449818,5.0,2026-02-16 19:34:09.818
1771288449871,1.0,2026-02-16 19:34:09.871
1771288449921,1.0,2026-02-16 19:34:09.921
1771288449970,4.0,2026-02-16 19:34:09.970
1771288450019,2.0,2026-02-16 19:34:10.019
1771288450072,1.0,2026-02-16 19:34:10.072
1771288450121,3.0,2026-02-16 19:34:10.121
1771288450170,0.0,2026-02-16 19:34:10.170
1771288450220,3.0,2026-02-16 19:34:10.220
1771288450273,5.0,2026-02-16 19:34:10.273
1771288450322,1.0,2026-02-16 19:34:10.322
1771288450371,4.0,2026-02-16 19:34:10.371
1771288450420,2.0,2026-02-16 19:34:10.420
1771288450473,2.0,2026-02-16 19:34:10.473
1771288450523,6.0,2026-02-16 19:34:10.523
1771288450572,4.0,2026-02-16 19:34:10.572
1771288450621,1.0,2026-02-16 19:34:10.621
1771288450674,6.0,2026-02-16 19:34:10.674
1771288450723,3.0,2026-02-16 19:34:10.723
1771288450773,2.0,2026-02-16 19:34:10.773
1771288450822,6.0,2026-02-16 19:34:10.822
1771288450875,2.0,2026-02-16 19:34:10.875
1771288450925,2.0,2026-02-16 19:34:10.925
1771288450973,5.0,2026-02-16 19:34:10.973
1771288451022,2.0,2026-02-16 19:34:11.022
1771288451075,2.0,2026-02-16 19:34:11.075
1771288451125,4.0,2026-02-16 19:34:11.125
1771288451174,0.0,2026-02-16 19:34:11.174
1771288451227,4.0,2026-02-16 19:34:11.227
1771288451276,5.0,2026-02-16 19:34:11.276
1771288451325,3.0,2026-02-16 19:34:11.325
1771288451375,3.0,2026-02-16 19:34:11.375
1771288451428,3.0,2026-02-16 19:34:11.428
1771288451478,0.0,2026-02-16 19:34:11.478
1771288451526,2.0,2026-02-16 19:34:11.526
1771288451575,5.0,2026-02-16 19:34:11.575
1771288451629,0.0,2026-02-16 19:34:11.629
1771288451678,2.0,2026-02-16 19:34:11.678
1771288451727,3.0,2026-02-16 19:34:11.727
1771288451776,1.0,2026-02-16 19:34:11.776
1771288451829,5.0,2026-02-16 19:34:11.829
1771288451878,2.0,2026-02-16 19:34:11.878
1771288451928,3.0,2026-02-16 19:34:11.928
1771288451977,4.0,2026-02-16 19:34:11.977
1771288452030,4.0,2026-02-16 19:34:12.030
1771288452079,1.0,2026-02-16 19:34:12.079
1771288452130,4.0,2026-02-16 19:34:12.130
1771288452177,3.0,2026-02-16 19:34:12.177
1771288452231,0.0,2026-02-16 19:34:12.231
1771288452280,7.0,2026-02-16 19:34:12.280
1771288452329,1.0,2026-02-16 19:34:12.329
1771288452378,4.0,2026-02-16 19:34:12.378
1771288452431,6.0,2026-02-16 19:34:12.431
1771288452480,3.0,2026-02-16 19:34:12.480
1771288452530,2.0,2026-02-16 19:34:12.530
1771288452583,4.0,2026-02-16 19:34:12.583
1771288452632,5.0,2026-02-16 19:34:12.632
1771288452681,3.0,2026-02-16 19:34:12.681
1771288452730,4.0,2026-02-16 19:34:12.730
1771288452783,0.0,2026-02-16 19:34:12.783
1771288452833,4.0,2026-02-16 19:34:12.833
1771288452882,5.0,2026-02-16 19:34:12.882
1771288452931,2.0,2026-02-16 19:34:12.931
1771288452984,4.0,2026-02-16 19:34:12.984
1771288453033,2.0,2026-02-16 19:34:13.033
1771288453083,2.0,2026-02-16 19:34:13.083
1771288453132,5.0,2026-02-16 19:34:13.132
1771288453185,6.0,2026-02-16 19:34:13.185
1771288453234,1.0,2026-02-16 19:34:13.234
1771288453283,2.0,2026-02-16 19:34:13.283
1771288453332,3.0,2026-02-16 19:34:13.332
1771288453385,3.0,2026-02-16 19:34:13.385
1771288453435,6.0,2026-02-16 19:34:13.435
1771288453484,1.0,2026-02-16 19:34:13.484
1771288453534,2.0,2026-02-16 19:34:13.534
1771288453586,4.0,2026-02-16 19:34:13.586
1771288453635,4.0,2026-02-16 19:34:13.635
1771288453685,3.0,2026-02-16 19:34:13.685
1771288453734,4.0,2026-02-16 19:34:13.734
1771288453787,1.0,2026-02-16 19:34:13.787
1771288453836,0.0,2026-02-16 19:34:13.836
1771288453885,6.0,2026-02-16 19:34:13.885
1771288453935,2.0,2026-02-16 19:34:13.935
1771288453988,3.0,2026-02-16 19:34:13.988
1771288454037,3.0,2026-02-16 19:34:14.037
1771288454086,0.0,2026-02-16 19:34:14.086
1771288454139,3.0,2026-02-16 19:34:14.139
1771288454188,3.0,2026-02-16 19:34:14.188
1771288454238,0.0,2026-02-16 19:34:14.238
1771288454287,2.0,2026-02-16 19:34:14.287
1771288454340,3.0,2026-02-16 19:34:14.340
1771288454389,0.0,2026-02-16 19:34:14.389
1771288454438,4.0,2026-02-16 19:34:14.438
1771288454488,3.0,2026-02-16 19:34:14.488
1771288454541,0.0,2026-02-16 19:34:14.541
1771288454590,2.0,2026-02-16 19:34:14.590
1771288454639,1.0,2026-02-16 19:34:14.639
1771288454688,0.0,2026-02-16 19:34:14.688
1771288454741,4.0,2026-02-16 19:34:14.741
1771288454791,2.0,2026-02-16 19:34:14.791
1771288454840,0.0,2026-02-16 19:34:14.840
1771288454889,5.0,2026-02-16 19:34:14.889
1771288454942,3.0,2026-02-16 19:34:14.942
1771288454991,1.0,2026-02-16 19:34:14.991
1771288455040,5.0,2026-02-16 19:34:15.040
1771288455090,3.0,2026-02-16 19:34:15.090
1771288455143,0.0,2026-02-16 19:34:15.143
1771288455192,5.0,2026-02-16 19:34:15.192
1771288455241,3.0,2026-02-16 19:34:15.241
1771288455290,2.0,2026-02-16 19:34:15.290
1771288455343,5.0,2026-02-16 19:34:15.343
1771288455393,0.0,2026-02-16 19:34:15.393
1771288455442,2.0,2026-02-16 19:34:15.442
1771288455495,0.0,2026-02-16 19:34:15.495
1771288455544,5.0,2026-02-16 19:34:15.544
1771288455594,0.0,2026-02-16 19:34:15.594
1771288455642,5.0,2026-02-16 19:34:15.642
1771288455696,2.0,2026-02-16 19:34:15.696
1771288455745,0.0,2026-02-16 19:34:15.745
1771288455794,6.0,2026-02-16 19:34:15.794
1771288455843,1.0,2026-02-16 19:34:15.843
1771288455896,3.0,2026-02-16 19:34:15.896
1771288455945,4.0,2026-02-16 19:34:15.945
1771288455995,3.0,2026-02-16 19:34:15.995
1771288456044,2.0,2026-02-16 19:34:16.044
1771288456097,6.0,2026-02-16 19:34:16.097
1771288456146,4.0,2026-02-16 19:34:16.146
1771288456196,0.0,2026-02-16 19:34:16.196
1771288456245,4.0,2026-02-16 19:34:16.245
1771288456298,1.0,2026-02-16 19:34:16.298
1771288456347,4.0,2026-02-16 19:34:16.347
1771288456396,5.0,2026-02-16 19:34:16.396
1771288456446,2.0,2026-02-16 19:34:16.446
1771288456498,1.0,2026-02-16 19:34:16.498
1771288456548,4.0,2026-02-16 19:34:16.548
1771288456597,3.0,2026-02-16 19:34:16.597
1771288456646,2.0,2026-02-16 19:34:16.646
1771288456699,6.0,2026-02-16 19:34:16.699
1771288456749,0.0,2026-02-16 19:34:16.749
1771288456798,2.0,2026-02-16 19:34:16.798
1771288456850,3.0,2026-02-16 19:34:16.850
1771288456900,3.0,2026-02-16 19:34:16.900
1771288456949,2.0,2026-02-16 19:34:16.949
1771288456998,5.0,2026-02-16 19:34:16.998
1771288457051,1.0,2026-02-16 19:34:17.051
1771288457101,1.0,2026-02-16 19:34:17.101
1771288457150,3.0,2026-02-16 19:34:17.150
1771288457199,3.0,2026-02-16 19:34:17.199
1771288457257,3.0,2026-02-16 19:34:17.257
1771288457303,4.0,2026-02-16 19:34:17.303
1771288457351,0.0,2026-02-16 19:34:17.351
1771288457400,2.0,2026-02-16 19:34:17.400
1771288457453,3.0,2026-02-16 19:34:17.453
1771288457502,1.0,2026-02-16 19:34:17.502
1771288457551,2.0,2026-02-16 19:34:17.551
1771288457601,4.0,2026-02-16 19:34:17.601
1771288457654,2.0,2026-02-16 19:34:17.654
1771288457703,0.0,2026-02-16 19:34:17.703
1771288457752,5.0,2026-02-16 19:34:17.752
1771288457801,1.0,2026-02-16 19:34:17.801
1771288457854,1.0,2026-02-16 19:34:17.854
1771288457903,3.0,2026-02-16 19:34:17.903
1771288457953,2.0,2026-02-16 19:34:17.953
1771288458003,2.0,2026-02-16 19:34:18.003
1771288458055,4.0,2026-02-16 19:34:18.055
1771288458104,3.0,2026-02-16 19:34:18.104
1771288458153,0.0,2026-02-16 19:34:18.153
1771288458202,2.0,2026-02-16 19:34:18.202
1771288458256,0.0,2026-02-16 19:34:18.256
1771288458305,2.0,2026-02-16 19:34:18.305
1771288458354,4.0,2026-02-16 19:34:18.354
1771288458403,2.0,2026-02-16 19:34:18.403
1771288458456,1.0,2026-02-16 19:34:18.456
1771288458505,4.0,2026-02-16 19:34:18.505
1771288458555,4.0,2026-02-16 19:34:18.555
1771288458608,1.0,2026-02-16 19:34:18.608
1771288458657,5.0,2026-02-16 19:34:18.657
1771288458706,2.0,2026-02-16 19:34:18.706
1771288458755,2.0,2026-02-16 19:34:18.755
1771288458808,3.0,2026-02-16 19:34:18.808
1771288458858,3.0,2026-02-16 19:34:18.858
1771288458907,1.0,2026-02-16 19:34:18.907
1771288458956,4.0,2026-02-16 19:34:18.956
1771288459009,3.0,2026-02-16 19:34:19.009
1771288459058,0.0,2026-02-16 19:34:19.058
1771288459108,4.0,2026-02-16 19:34:19.108
1771288459157,4.0,2026-02-16 19:34:19.157
1771288459210,0.0,2026-02-16 19:34:19.210
1771288459259,4.0,2026-02-16 19:34:19.259
1771288459308,2.0,2026-02-16 19:34:19.308
1771288459357,0.0,2026-02-16 19:34:19.357
1771288459411,4.0,2026-02-16 19:34:19.411
1771288459460,5.0,2026-02-16 19:34:19.460
1771288459509,1.0,2026-02-16 19:34:19.509
1771288459558,2.0,2026-02-16 19:34:19.558
1771288459611,5.0,2026-02-16 19:34:19.611
1771288459660,0.0,2026-02-16 19:34:19.660
1771288459710,4.0,2026-02-16 19:34:19.710
1771288459759,4.0,2026-02-16 19:34:19.759
1771288459812,4.0,2026-02-16 19:34:19.812
1771288459861,1.0,2026-02-16 19:34:19.861
1771288459910,6.0,2026-02-16 19:34:19.910
1771288459964,2.0,2026-02-16 19:34:19.964
1771288460013,1.0,2026-02-16 19:34:20.013
1771288460062,6.0,2026-02-16 19:34:20.062
1771288460111,2.0,2026-02-16 19:34:20.111
1771288460164,2.0,2026-02-16 19:34:20.164
1771288460213,2.0,2026-02-16 19:34:20.213
1771288460263,5.0,2026-02-16 19:34:20.263
1771288460312,0.0,2026-02-16 19:34:20.312
1771288460365,6.0,2026-02-16 19:34:20.365
1771288460414,2.0,2026-02-16 19:34:20.414
1771288460463,2.0,2026-02-16 19:34:20.463
1771288460512,3.0,2026-02-16 19:34:20.512
1771288460566,5.0,2026-02-16 19:34:20.566
1771288460615,2.0,2026-02-16 19:34:20.615
1771288460664,4.0,2026-02-16 19:34:20.664
1771288460713,4.0,2026-02-16 19:34:20.713
1771288460766,0.0,2026-02-16 19:34:20.766
1771288460816,0.0,2026-02-16 19:34:20.816
1771288460865,3.0,2026-02-16 19:34:20.865
1771288460914,1.0,2026-02-16 19:34:20.914
1771288460967,0.0,2026-02-16 19:34:20.967
1771288461016,3.0,2026-02-16 19:34:21.016
1771288461065,3.0,2026-02-16 19:34:21.065
1771288461115,1.0,2026-02-16 19:34:21.115
1771288461168,4.0,2026-02-16 19:34:21.168
1771288461217,5.0,2026-02-16 19:34:21.217
1771288461266,0.0,2026-02-16 19:34:21.266
1771288461315,2.0,2026-02-16 19:34:21.315
1771288461368,1.0,2026-02-16 19:34:21.368
1771288461418,2.0,2026-02-16 19:34:21.418
1771288461467,1.0,2026-02-16 19:34:21.467
1771288461520,7.0,2026-02-16 19:34:21.520
1771288461569,0.0,2026-02-16 19:34:21.569
1771288461618,3.0,2026-02-16 19:34:21.618
1771288461668,5.0,2026-02-16 19:34:21.668
1771288461721,3.0,2026-02-16 19:34:21.721
1771288461770,3.0,2026-02-16 19:34:21.770
1771288461819,4.0,2026-02-16 19:34:21.819
1771288461868,1.0,2026-02-16 19:34:21.868
1771288461921,0.0,2026-02-16 19:34:21.921
1771288461970,5.0,2026-02-16 19:34:21.970
1771288462020,3.0,2026-02-16 19:34:22.020
1771288462069,1.0,2026-02-16 19:34:22.069
1771288462122,3.0,2026-02-16 19:34:22.122
1771288462171,5.0,2026-02-16 19:34:22.171
1771288462220,1.0,2026-02-16 19:34:22.220
1771288462270,3.0,2026-02-16 19:34:22.270
1771288462323,4.0,2026-02-16 19:34:22.323
1771288462372,0.0,2026-02-16 19:34:22.372
1771288462421,3.0,2026-02-16 19:34:22.421
1771288462471,4.0,2026-02-16 19:34:22.471
1771288462523,0.0,2026-02-16 19:34:22.523
1771288462573,2.0,2026-02-16 19:34:22.573
1771288462622,3.0,2026-02-16 19:34:22.622
1771288462671,5.0,2026-02-16 19:34:22.671
1771288462724,1.0,2026-02-16 19:34:22.724
1771288462773,4.0,2026-02-16 19:34:22.773
1771288462823,1.0,2026-02-16 19:34:22.823
1771288462876,3.0,2026-02-16 19:34:22.876
1771288462925,2.0,2026-02-16 19:34:22.925
1771288462974,7.0,2026-02-16 19:34:22.974
1771288463023,0.0,2026-02-16 19:34:23.023
1771288463076,2.0,2026-02-16 19:34:23.076
1771288463126,3.0,2026-02-16 19:34:23.126
1771288463175,3.0,2026-02-16 19:34:23.175
1771288463224,2.0,2026-02-16 19:34:23.224
1771288463279,3.0,2026-02-16 19:34:23.279
1771288463326,4.0,2026-02-16 19:34:23.326
1771288463376,1.0,2026-02-16 19:34:23.376
1771288463425,0.0,2026-02-16 19:34:23.425
1771288463478,4.0,2026-02-16 19:34:23.478
1771288463527,2.0,2026-02-16 19:34:23.527
1771288463576,7.0,2026-02-16 19:34:23.576
1771288463625,5.0,2026-02-16 19:34:23.625
1771288463678,1.0,2026-02-16 19:34:23.678
1771288463728,0.0,2026-02-16 19:34:23.728
1771288463777,6.0,2026-02-16 19:34:23.777
1771288463826,3.0,2026-02-16 19:34:23.826
1771288463879,3.0,2026-02-16 19:34:23.879
1771288463928,9.0,2026-02-16 19:34:23.928
1771288463978,3.0,2026-02-16 19:34:23.978
1771288464027,1.0,2026-02-16 19:34:24.027
1771288464080,4.0,2026-02-16 19:34:24.080
1771288464129,6.0,2026-02-16 19:34:24.129
1771288464178,1.0,2026-02-16 19:34:24.178
1771288464228,4.0,2026-02-16 19:34:24.228
1771288464281,2.0,2026-02-16 19:34:24.281
1771288464330,2.0,2026-02-16 19:34:24.330
1771288464379,1.0,2026-02-16 19:34:24.379
1771288464432,7.0,2026-02-16 19:34:24.432
1771288464481,6.0,2026-02-16 19:34:24.481
1771288464531,1.0,2026-02-16 19:34:24.531
1771288464580,4.0,2026-02-16 19:34:24.580
1771288464633,2.0,2026-02-16 19:34:24.633
1771288464682,0.0,2026-02-16 19:34:24.682
1771288464731,3.0,2026-02-16 19:34:24.731
1771288464780,5.0,2026-02-16 19:34:24.780
1771288464833,0.0,2026-02-16 19:34:24.833
1771288464883,2.0,2026-02-16 19:34:24.883
1771288464932,3.0,2026-02-16 19:34:24.932
1771288464981,1.0,2026-02-16 19:34:24.981
1771288465034,1.0,2026-02-16 19:34:25.034
1771288465083,4.0,2026-02-16 19:34:25.083
1771288465133,5.0,2026-02-16 19:34:25.133
1771288465182,1.0,2026-02-16 19:34:25.182
1771288465235,3.0,2026-02-16 19:34:25.235
1771288465284,2.0,2026-02-16 19:34:25.284
1771288465333,3.0,2026-02-16 19:34:25.333
1771288465382,1.0,2026-02-16 19:34:25.382
1771288465436,7.0,2026-02-16 19:34:25.436
1771288465485,2.0,2026-02-16 19:34:25.485
1771288465534,2.0,2026-02-16 19:34:25.534
1771288465583,4.0,2026-02-16 19:34:25.583
1771288465636,4.0,2026-02-16 19:34:25.636
1771288465685,1.0,2026-02-16 19:34:25.685
1771288465735,4.0,2026-02-16 19:34:25.735
1771288465788,5.0,2026-02-16 19:34:25.788
1771288465837,1.0,2026-02-16 19:34:25.837
1771288465886,1.0,2026-02-16 19:34:25.886
1771288465936,4.0,2026-02-16 19:34:25.936
1771288465988,2.0,2026-02-16 19:34:25.988
1771288466038,3.0,2026-02-16 19:34:26.038
1771288466087,4.0,2026-02-16 19:34:26.087
1771288466136,5.0,2026-02-16 19:34:26.136
1771288466190,0.0,2026-02-16 19:34:26.190
1771288466238,3.0,2026-02-16 19:34:26.238
1771288466288,3.0,2026-02-16 19:34:26.288
1771288466337,3.0,2026-02-16 19:34:26.337
1771288466390,1.0,2026-02-16 19:34:26.390
1771288466439,6.0,2026-02-16 19:34:26.439
1771288466488,2.0,2026-02-16 19:34:26.488
1771288466537,1.0,2026-02-16 19:34:26.537
1771288466591,3.0,2026-02-16 19:34:26.591
1771288466640,5.0,2026-02-16 19:34:26.640
1771288466689,1.0,2026-02-16 19:34:26.689
1771288466738,4.0,2026-02-16 19:34:26.738
1771288466791,4.0,2026-02-16 19:34:26.791
1771288466841,1.0,2026-02-16 19:34:26.841
1771288466890,2.0,2026-02-16 19:34:26.890
1771288466939,5.0,2026-02-16 19:34:26.939
1771288466992,4.0,2026-02-16 19:34:26.992
1771288467041,2.0,2026-02-16 19:34:27.041
1771288467091,3.0,2026-02-16 19:34:27.091
1771288467140,7.0,2026-02-16 19:34:27.140
1771288467193,0.0,2026-02-16 19:34:27.193
1771288467242,4.0,2026-02-16 19:34:27.242
1771288467291,5.0,2026-02-16 19:34:27.291
1771288467344,3.0,2026-02-16 19:34:27.344
1771288467393,1.0,2026-02-16 19:34:27.393
1771288467443,5.0,2026-02-16 19:34:27.443
1771288467492,4.0,2026-02-16 19:34:27.492
1771288467545,2.0,2026-02-16 19:34:27.545
1771288467594,3.0,2026-02-16 19:34:27.594
1771288467643,5.0,2026-02-16 19:34:27.643
1771288467693,2.0,2026-02-16 19:34:27.693
1771288467746,2.0,2026-02-16 19:34:27.746
1771288467795,5.0,2026-02-16 19:34:27.795
1771288467844,2.0,2026-02-16 19:34:27.844
1771288467893,4.0,2026-02-16 19:34:27.893
1771288467946,5.0,2026-02-16 19:34:27.946
1771288467996,5.0,2026-02-16 19:34:27.996
1771288468045,1.0,2026-02-16 19:34:28.045
1771288468094,0.0,2026-02-16 19:34:28.094
1771288468147,4.0,2026-02-16 19:34:28.147
1771288468196,1.0,2026-02-16 19:34:28.196
1771288468246,3.0,2026-02-16 19:34:28.246
1771288468295,2.0,2026-02-16 19:34:28.295
1771288468348,5.0,2026-02-16 19:34:28.348
1771288468397,0.0,2026-02-16 19:34:28.397
1771288468446,2.0,2026-02-16 19:34:28.446
1771288468495,3.0,2026-02-16 19:34:28.495
1771288468548,3.0,2026-02-16 19:34:28.548
1771288468598,0.0,2026-02-16 19:34:28.598
1771288468647,5.0,2026-02-16 19:34:28.647
1771288468696,4.0,2026-02-16 19:34:28.696
1771288468749,1.0,2026-02-16 19:34:28.749
1771288468798,0.0,2026-02-16 19:34:28.798
1771288468848,6.0,2026-02-16 19:34:28.848
1771288468901,2.0,2026-02-16 19:34:28.901
1771288468950,1.0,2026-02-16 19:34:28.950
1771288468999,3.0,2026-02-16 19:34:28.999
1771288469048,4.0,2026-02-16 19:34:29.048
1771288469101,1.0,2026-02-16 19:34:29.101
1771288469151,2.0,2026-02-16 19:34:29.151
1771288469200,3.0,2026-02-16 19:34:29.200
1771288469249,4.0,2026-02-16 19:34:29.249
1771288469302,1.0,2026-02-16 19:34:29.302
1771288469351,6.0,2026-02-16 19:34:29.351
1771288469401,2.0,2026-02-16 19:34:29.401
1771288469450,1.0,2026-02-16 19:34:29.450
1771288469503,2.0,2026-02-16 19:34:29.503
1771288469552,6.0,2026-02-16 19:34:29.552
1771288469601,4.0,2026-02-16 19:34:29.601
1771288469650,3.0,2026-02-16 19:34:29.650
1771288469703,3.0,2026-02-16 19:34:29.703
1771288469753,4.0,2026-02-16 19:34:29.753
1771288469802,0.0,2026-02-16 19:34:29.802
1771288469851,4.0,2026-02-16 19:34:29.851
1771288469904,4.0,2026-02-16 19:34:29.904
1771288469953,1.0,2026-02-16 19:34:29.953
1771288470003,2.0,2026-02-16 19:34:30.003
1771288470053,4.0,2026-02-16 19:34:30.053
1771288470105,1.0,2026-02-16 19:34:30.105
1771288470154,2.0,2026-02-16 19:34:30.154
1771288470203,5.0,2026-02-16 19:34:30.203
1771288470256,5.0,2026-02-16 19:34:30.256
1771288470306,1.0,2026-02-16 19:34:30.306
1771288470355,2.0,2026-02-16 19:34:30.355
1771288470404,4.0,2026-02-16 19:34:30.404
1771288470457,4.0,2026-02-16 19:34:30.457
1771288470506,0.0,2026-02-16 19:34:30.506
1771288470556,5.0,2026-02-16 19:34:30.556
1771288470605,5.0,2026-02-16 19:34:30.605
1771288470658,1.0,2026-02-16 19:34:30.658
1771288470707,2.0,2026-02-16 19:34:30.707
1771288470756,4.0,2026-02-16 19:34:30.756
1771288470805,2.0,2026-02-16 19:34:30.805
1771288470859,2.0,2026-02-16 19:34:30.859
1771288470908,4.0,2026-02-16 19:34:30.908
1771288470957,5.0,2026-02-16 19:34:30.957
1771288471006,2.0,2026-02-16 19:34:31.006
1771288471059,2.0,2026-02-16 19:34:31.059
1771288471108,6.0,2026-02-16 19:34:31.108
1771288471158,1.0,2026-02-16 19:34:31.158
1771288471207,3.0,2026-02-16 19:34:31.207
1771288471260,2.0,2026-02-16 19:34:31.260
1771288471309,6.0,2026-02-16 19:34:31.309
1771288471359,0.0,2026-02-16 19:34:31.359
1771288471408,3.0,2026-02-16 19:34:31.408
1771288471461,4.0,2026-02-16 19:34:31.461
1771288471510,4.0,2026-02-16 19:34:31.510
1771288471559,2.0,2026-02-16 19:34:31.559
1771288471608,6.0,2026-02-16 19:34:31.608
1771288471663,4.0,2026-02-16 19:34:31.663
1771288471711,1.0,2026-02-16 19:34:31.711
1771288471760,1.0,2026-02-16 19:34:31.760
1771288471813,4.0,2026-02-16 19:34:31.813
1771288471862,3.0,2026-02-16 19:34:31.862
1771288471911,0.0,2026-02-16 19:34:31.911
1771288471960,4.0,2026-02-16 19:34:31.960
1771288472014,4.0,2026-02-16 19:34:32.014
1771288472063,0.0,2026-02-16 19:34:32.063
1771288472112,3.0,2026-02-16 19:34:32.112
1771288472161,4.0,2026-02-16 19:34:32.161
1771288472214,3.0,2026-02-16 19:34:32.214
1771288472263,2.0,2026-02-16 19:34:32.263
1771288472313,6.0,2026-02-16 19:34:32.313
1771288472362,2.0,2026-02-16 19:34:32.362
1771288472415,2.0,2026-02-16 19:34:32.415
1771288472464,0.0,2026-02-16 19:34:32.464
1771288472513,5.0,2026-02-16 19:34:32.513
1771288472563,3.0,2026-02-16 19:34:32.563
1771288472616,1.0,2026-02-16 19:34:32.616
1771288472665,2.0,2026-02-16 19:34:32.665
1771288472714,4.0,2026-02-16 19:34:32.714
1771288472763,0.0,2026-02-16 19:34:32.763
1771288472816,0.0,2026-02-16 19:34:32.816
1771288472866,5.0,2026-02-16 19:34:32.866
1771288472915,3.0,2026-02-16 19:34:32.915
1771288472964,3.0,2026-02-16 19:34:32.964
1771288473017,1.0,2026-02-16 19:34:33.017
1771288473066,5.0,2026-02-16 19:34:33.066
1771288473116,0.0,2026-02-16 19:34:33.116
1771288473169,3.0,2026-02-16 19:34:33.169
1771288473218,2.0,2026-02-16 19:34:33.218
1771288473267,7.0,2026-02-16 19:34:33.267
1771288473316,1.0,2026-02-16 19:34:33.316
1771288473369,3.0,2026-02-16 19:34:33.369
1771288473418,4.0,2026-02-16 19:34:33.418
1771288473468,2.0,2026-02-16 19:34:33.468
1771288473517,1.0,2026-02-16 19:34:33.517
1771288473570,4.0,2026-02-16 19:34:33.570
1771288473619,5.0,2026-02-16 19:34:33.619
1771288473668,1.0,2026-02-16 19:34:33.668
1771288473718,2.0,2026-02-16 19:34:33.718
1771288473771,2.0,2026-02-16 19:34:33.771
1771288473820,4.0,2026-02-16 19:34:33.820
1771288473869,0.0,2026-02-16 19:34:33.869
1771288473918,3.0,2026-02-16 19:34:33.918
1771288473971,4.0,2026-02-16 19:34:33.971
1771288474021,3.0,2026-02-16 19:34:34.021
1771288474070,0.0,2026-02-16 19:34:34.070
1771288474119,2.0,2026-02-16 19:34:34.119
1771288474172,3.0,2026-02-16 19:34:34.172
1771288474222,2.0,2026-02-16 19:34:34.222
1771288474271,1.0,2026-02-16 19:34:34.271
1771288474320,6.0,2026-02-16 19:34:34.320
1771288474373,3.0,2026-02-16 19:34:34.373
1771288474422,2.0,2026-02-16 19:34:34.422
1771288474472,2.0,2026-02-16 19:34:34.472
1771288474520,4.0,2026-02-16 19:34:34.520
1771288474573,3.0,2026-02-16 19:34:34.573
1771288474623,1.0,2026-02-16 19:34:34.623
1771288474672,3.0,2026-02-16 19:34:34.672
1771288474725,4.0,2026-02-16 19:34:34.725
1771288474774,3.0,2026-02-16 19:34:34.774
1771288474823,0.0,2026-02-16 19:34:34.823
1771288474873,2.0,2026-02-16 19:34:34.873
1771288474926,5.0,2026-02-16 19:34:34.926
1771288474975,0.0,2026-02-16 19:34:34.975
1771288475024,2.0,2026-02-16 19:34:35.024
1771288475073,6.0,2026-02-16 19:34:35.073
1771288475126,2.0,2026-02-16 19:34:35.126
1771288475176,2.0,2026-02-16 19:34:35.176
1771288475225,2.0,2026-02-16 19:34:35.225
1771288475274,5.0,2026-02-16 19:34:35.274
1771288475327,3.0,2026-02-16 19:34:35.327
1771288475377,2.0,2026-02-16 19:34:35.377
1771288475426,4.0,2026-02-16 19:34:35.426
1771288475475,5.0,2026-02-16 19:34:35.475
1771288475528,3.0,2026-02-16 19:34:35.528
1771288475577,1.0,2026-02-16 19:34:35.577
1771288475626,7.0,2026-02-16 19:34:35.626
1771288475675,5.0,2026-02-16 19:34:35.675
1771288475729,1.0,2026-02-16 19:34:35.729
1771288475778,2.0,2026-02-16 19:34:35.778
1771288475827,3.0,2026-02-16 19:34:35.827
1771288475876,5.0,2026-02-16 19:34:35.876
1771288475929,1.0,2026-02-16 19:34:35.929
1771288475978,1.0,2026-02-16 19:34:35.978
1771288476028,7.0,2026-02-16 19:34:36.028
1771288476081,3.0,2026-02-16 19:34:36.081
1771288476130,1.0,2026-02-16 19:34:36.130
1771288476181,4.0,2026-02-16 19:34:36.181
1771288476229,6.0,2026-02-16 19:34:36.229
1771288476281,2.0,2026-02-16 19:34:36.281
1771288476331,0.0,2026-02-16 19:34:36.331
1771288476380,2.0,2026-02-16 19:34:36.380
1771288476429,5.0,2026-02-16 19:34:36.429
1771288476482,2.0,2026-02-16 19:34:36.482
1771288476532,1.0,2026-02-16 19:34:36.532
1771288476582,4.0,2026-02-16 19:34:36.582
1771288476630,3.0,2026-02-16 19:34:36.630
1771288476683,2.0,2026-02-16 19:34:36.683
1771288476732,3.0,2026-02-16 19:34:36.732
1771288476781,3.0,2026-02-16 19:34:36.781
1771288476830,5.0,2026-02-16 19:34:36.830
1771288476884,1.0,2026-02-16 19:34:36.884
1771288476933,3.0,2026-02-16 19:34:36.933
1771288476982,4.0,2026-02-16 19:34:36.982
1771288477031,4.0,2026-02-16 19:34:37.031
1771288477084,0.0,2026-02-16 19:34:37.084
1771288477134,1.0,2026-02-16 19:34:37.134
1771288477183,5.0,2026-02-16 19:34:37.183
1771288477232,6.0,2026-02-16 19:34:37.232
1771288477285,3.0,2026-02-16 19:34:37.285
1771288477343,2.0,2026-02-16 19:34:37.343
1771288477384,5.0,2026-02-16 19:34:37.384
1771288477432,2.0,2026-02-16 19:34:37.432
1771288477486,2.0,2026-02-16 19:34:37.486
1771288477535,0.0,2026-02-16 19:34:37.535
1771288477593,6.0,2026-02-16 19:34:37.593
1771288477637,1.0,2026-02-16 19:34:37.637
1771288477686,3.0,2026-02-16 19:34:37.686
1771288477736,2.0,2026-02-16 19:34:37.736
1771288477785,5.0,2026-02-16 19:34:37.785
1771288477838,0.0,2026-02-16 19:34:37.838
1771288477887,1.0,2026-02-16 19:34:37.887
1771288477936,3.0,2026-02-16 19:34:37.936
1771288477986,4.0,2026-02-16 19:34:37.986
1771288478039,5.0,2026-02-16 19:34:38.039
1771288478088,0.0,2026-02-16 19:34:38.088
1771288478137,9.0,2026-02-16 19:34:38.137
1771288478186,2.0,2026-02-16 19:34:38.186
1771288478239,4.0,2026-02-16 19:34:38.239
1771288478288,0.0,2026-02-16 19:34:38.288
1771288478338,5.0,2026-02-16 19:34:38.338
1771288478387,5.0,2026-02-16 19:34:38.387
1771288478440,5.0,2026-02-16 19:34:38.440
1771288478489,2.0,2026-02-16 19:34:38.489
1771288478538,3.0,2026-02-16 19:34:38.538
1771288478588,5.0,2026-02-16 19:34:38.588
1771288478641,0.0,2026-02-16 19:34:38.641
1771288478690,3.0,2026-02-16 19:34:38.690
1771288478739,2.0,2026-02-16 19:34:38.739
1771288478788,7.0,2026-02-16 19:34:38.788
1771288478842,2.0,2026-02-16 19:34:38.842
1771288478891,2.0,2026-02-16 19:34:38.891
1771288478940,4.0,2026-02-16 19:34:38.940
1771288478993,4.0,2026-02-16 19:34:38.993
1771288479042,0.0,2026-02-16 19:34:39.042
1771288479091,1.0,2026-02-16 19:34:39.091
1771288479140,3.0,2026-02-16 19:34:39.140
1771288479194,3.0,2026-02-16 19:34:39.194
1771288479243,2.0,2026-02-16 19:34:39.243
1771288479296,2.0,2026-02-16 19:34:39.296
1771288479346,4.0,2026-02-16 19:34:39.346
1771288479396,3.0,2026-02-16 19:34:39.396
1771288479443,1.0,2026-02-16 19:34:39.443
1771288479493,3.0,2026-02-16 19:34:39.493
1771288479542,4.0,2026-02-16 19:34:39.542
1771288479595,5.0,2026-02-16 19:34:39.595
1771288479644,2.0,2026-02-16 19:34:39.644
1771288479693,4.0,2026-02-16 19:34:39.693
1771288479743,4.0,2026-02-16 19:34:39.743
1771288479796,4.0,2026-02-16 19:34:39.796
1771288479845,0.0,2026-02-16 19:34:39.845
1771288479894,2.0,2026-02-16 19:34:39.894
1771288479943,6.0,2026-02-16 19:34:39.943
1771288479996,5.0,2026-02-16 19:34:39.996
1771288480046,3.0,2026-02-16 19:34:40.046
1771288480095,0.0,2026-02-16 19:34:40.095
1771288480144,6.0,2026-02-16 19:34:40.144
1771288480197,2.0,2026-02-16 19:34:40.197
1771288480246,0.0,2026-02-16 19:34:40.246
1771288480296,0.0,2026-02-16 19:34:40.296
1771288480345,5.0,2026-02-16 19:34:40.345
1771288480398,3.0,2026-02-16 19:34:40.398
1771288480447,3.0,2026-02-16 19:34:40.447
1771288480496,2.0,2026-02-16 19:34:40.496
1771288480549,4.0,2026-02-16 19:34:40.549
1771288480598,4.0,2026-02-16 19:34:40.598
1771288480648,0.0,2026-02-16 19:34:40.648
1771288480697,3.0,2026-02-16 19:34:40.697
1771288480751,4.0,2026-02-16 19:34:40.751
1771288480799,6.0,2026-02-16 19:34:40.799
1771288480848,0.0,2026-02-16 19:34:40.848
1771288480898,3.0,2026-02-16 19:34:40.898
1771288480951,4.0,2026-02-16 19:34:40.951
1771288481000,4.0,2026-02-16 19:34:41.000
1771288481049,1.0,2026-02-16 19:34:41.049
1771288481098,2.0,2026-02-16 19:34:41.098
1771288481151,5.0,2026-02-16 19:34:41.151
1771288481201,3.0,2026-02-16 19:34:41.201
1771288481250,1.0,2026-02-16 19:34:41.250
1771288481299,3.0,2026-02-16 19:34:41.299
1771288481352,3.0,2026-02-16 19:34:41.352
1771288481402,6.0,2026-02-16 19:34:41.402
1771288481451,1.0,2026-02-16 19:34:41.451
1771288481500,5.0,2026-02-16 19:34:41.500
1771288481553,4.0,2026-02-16 19:34:41.553
1771288481602,6.0,2026-02-16 19:34:41.602
1771288481651,1.0,2026-02-16 19:34:41.651
1771288481701,2.0,2026-02-16 19:34:41.701
1771288481754,2.0,2026-02-16 19:34:41.754
1771288481803,5.0,2026-02-16 19:34:41.803
1771288481852,3.0,2026-02-16 19:34:41.852
1771288481901,0.0,2026-02-16 19:34:41.901
1771288481954,5.0,2026-02-16 19:34:41.954
1771288482004,2.0,2026-02-16 19:34:42.004
1771288482053,5.0,2026-02-16 19:34:42.053
1771288482106,0.0,2026-02-16 19:34:42.106
1771288482155,5.0,2026-02-16 19:34:42.155
1771288482204,5.0,2026-02-16 19:34:42.204
1771288482253,2.0,2026-02-16 19:34:42.253
1771288482306,1.0,2026-02-16 19:34:42.306
1771288482356,2.0,2026-02-16 19:34:42.356
1771288482405,6.0,2026-02-16 19:34:42.405
1771288482454,4.0,2026-02-16 19:34:42.454
1771288482507,0.0,2026-02-16 19:34:42.507
1771288482556,3.0,2026-02-16 19:34:42.556
1771288482606,4.0,2026-02-16 19:34:42.606
1771288482655,3.0,2026-02-16 19:34:42.655
1771288482708,1.0,2026-02-16 19:34:42.708
1771288482757,2.0,2026-02-16 19:34:42.757
1771288482806,6.0,2026-02-16 19:34:42.806
1771288482856,6.0,2026-02-16 19:34:42.856
1771288482908,3.0,2026-02-16 19:34:42.908
1771288482958,2.0,2026-02-16 19:34:42.958
1771288483007,3.0,2026-02-16 19:34:43.007
1771288483056,4.0,2026-02-16 19:34:43.056
1771288483110,4.0,2026-02-16 19:34:43.110
1771288483158,0.0,2026-02-16 19:34:43.158
1771288483208,4.0,2026-02-16 19:34:43.208
1771288483257,6.0,2026-02-16 19:34:43.257
1771288483311,6.0,2026-02-16 19:34:43.311
1771288483359,2.0,2026-02-16 19:34:43.359
1771288483409,4.0,2026-02-16 19:34:43.409
1771288483462,4.0,2026-02-16 19:34:43.462
1771288483512,4.0,2026-02-16 19:34:43.512
1771288483563,2.0,2026-02-16 19:34:43.563
1771288483609,3.0,2026-02-16 19:34:43.609
1771288483663,6.0,2026-02-16 19:34:43.663
1771288483712,5.0,2026-02-16 19:34:43.712
1771288483761,2.0,2026-02-16 19:34:43.761
1771288483810,3.0,2026-02-16 19:34:43.810
1771288483863,4.0,2026-02-16 19:34:43.863
1771288483912,4.0,2026-02-16 19:34:43.912
1771288483962,1.0,2026-02-16 19:34:43.962
1771288484011,1.0,2026-02-16 19:34:44.011
1771288484064,5.0,2026-02-16 19:34:44.064
1771288484113,6.0,2026-02-16 19:34:44.113
1771288484162,3.0,2026-02-16 19:34:44.162
1771288484211,1.0,2026-02-16 19:34:44.211
1771288484264,4.0,2026-02-16 19:34:44.264
1771288484314,3.0,2026-02-16 19:34:44.314
1771288484363,2.0,2026-02-16 19:34:44.363
1771288484412,0.0,2026-02-16 19:34:44.412
1771288484465,4.0,2026-02-16 19:34:44.465
1771288484514,5.0,2026-02-16 19:34:44.514
1771288484564,3.0,2026-02-16 19:34:44.564
1771288484613,2.0,2026-02-16 19:34:44.613
1771288484666,3.0,2026-02-16 19:34:44.666
1771288484715,3.0,2026-02-16 19:34:44.715
1771288484764,3.0,2026-02-16 19:34:44.764
1771288484813,1.0,2026-02-16 19:34:44.813
1771288484866,3.0,2026-02-16 19:34:44.866
1771288484916,2.0,2026-02-16 19:34:44.916
1771288484965,7.0,2026-02-16 19:34:44.965
1771288485018,0.0,2026-02-16 19:34:45.018
1771288485067,5.0,2026-02-16 19:34:45.067
1771288485117,3.0,2026-02-16 19:34:45.117
1771288485166,5.0,2026-02-16 19:34:45.166
1771288485219,3.0,2026-02-16 19:34:45.219
1771288485268,0.0,2026-02-16 19:34:45.268
1771288485317,3.0,2026-02-16 19:34:45.317
1771288485368,4.0,2026-02-16 19:34:45.368
1771288485419,6.0,2026-02-16 19:34:45.419
1771288485468,3.0,2026-02-16 19:34:45.468
1771288485518,2.0,2026-02-16 19:34:45.518
1771288485567,5.0,2026-02-16 19:34:45.567
1771288485620,5.0,2026-02-16 19:34:45.620
1771288485669,2.0,2026-02-16 19:34:45.669
1771288485719,2.0,2026-02-16 19:34:45.719
1771288485768,2.0,2026-02-16 19:34:45.768
1771288485821,6.0,2026-02-16 19:34:45.821
1771288485870,1.0,2026-02-16 19:34:45.870
1771288485919,2.0,2026-02-16 19:34:45.919
1771288485972,2.0,2026-02-16 19:34:45.972
1771288486024,6.0,2026-02-16 19:34:46.024
1771288486071,2.0,2026-02-16 19:34:46.071
1771288486120,1.0,2026-02-16 19:34:46.120
1771288486169,1.0,2026-02-16 19:34:46.169
1771288486222,4.0,2026-02-16 19:34:46.222
1771288486271,6.0,2026-02-16 19:34:46.271
1771288486321,3.0,2026-02-16 19:34:46.321
1771288486374,4.0,2026-02-16 19:34:46.374
1771288486423,3.0,2026-02-16 19:34:46.423
1771288486472,5.0,2026-02-16 19:34:46.472
1771288486521,3.0,2026-02-16 19:34:46.521
1771288486574,1.0,2026-02-16 19:34:46.574
1771288486624,2.0,2026-02-16 19:34:46.624
1771288486673,4.0,2026-02-16 19:34:46.673
1771288486722,5.0,2026-02-16 19:34:46.722
1771288486775,2.0,2026-02-16 19:34:46.775
1771288486824,2.0,2026-02-16 19:34:46.824
1771288486874,5.0,2026-02-16 19:34:46.874
1771288486923,3.0,2026-02-16 19:34:46.923
1771288486977,2.0,2026-02-16 19:34:46.977
1771288487025,1.0,2026-02-16 19:34:47.025
1771288487074,7.0,2026-02-16 19:34:47.074
1771288487123,5.0,2026-02-16 19:34:47.123
1771288487177,5.0,2026-02-16 19:34:47.177
1771288487226,3.0,2026-02-16 19:34:47.226
1771288487275,4.0,2026-02-16 19:34:47.275
1771288487324,6.0,2026-02-16 19:34:47.324
1771288487379,3.0,2026-02-16 19:34:47.379
1771288487426,0.0,2026-02-16 19:34:47.426
1771288487476,4.0,2026-02-16 19:34:47.476
1771288487525,4.0,2026-02-16 19:34:47.525
1771288487578,7.0,2026-02-16 19:34:47.578
1771288487627,2.0,2026-02-16 19:34:47.627
1771288487676,6.0,2026-02-16 19:34:47.676
1771288487725,4.0,2026-02-16 19:34:47.725
1771288487779,6.0,2026-02-16 19:34:47.779
1771288487828,2.0,2026-02-16 19:34:47.828
1771288487878,1.0,2026-02-16 19:34:47.878
1771288487930,4.0,2026-02-16 19:34:47.930
1771288487979,4.0,2026-02-16 19:34:47.979
1771288488029,5.0,2026-02-16 19:34:48.029
1771288488078,1.0,2026-02-16 19:34:48.078
1771288488131,4.0,2026-02-16 19:34:48.131
1771288488180,5.0,2026-02-16 19:34:48.180
1771288488229,5.0,2026-02-16 19:34:48.229
1771288488279,2.0,2026-02-16 19:34:48.279
1771288488331,0.0,2026-02-16 19:34:48.331
1771288488381,3.0,2026-02-16 19:34:48.381
1771288488430,7.0,2026-02-16 19:34:48.430
1771288488479,3.0,2026-02-16 19:34:48.479
1771288488532,4.0,2026-02-16 19:34:48.532
1771288488581,2.0,2026-02-16 19:34:48.581
1771288488631,6.0,2026-02-16 19:34:48.631
1771288488680,4.0,2026-02-16 19:34:48.680
1771288488733,0.0,2026-02-16 19:34:48.733
1771288488782,0.0,2026-02-16 19:34:48.782
1771288488832,2.0,2026-02-16 19:34:48.832
1771288488881,8.0,2026-02-16 19:34:48.881
1771288488934,3.0,2026-02-16 19:34:48.934
1771288488988,2.0,2026-02-16 19:34:48.988
1771288489032,3.0,2026-02-16 19:34:49.032
1771288489081,4.0,2026-02-16 19:34:49.081
1771288489134,5.0,2026-02-16 19:34:49.134
1771288489183,0.0,2026-02-16 19:34:49.183
1771288489234,0.0,2026-02-16 19:34:49.234
1771288489286,2.0,2026-02-16 19:34:49.286
1771288489335,5.0,2026-02-16 19:34:49.335
1771288489384,4.0,2026-02-16 19:34:49.384
1771288489434,2.0,2026-02-16 19:34:49.434
1771288489487,3.0,2026-02-16 19:34:49.487
1771288489536,7.0,2026-02-16 19:34:49.536
1771288489585,5.0,2026-02-16 19:34:49.585
1771288489634,3.0,2026-02-16 19:34:49.634
1771288489687,0.0,2026-02-16 19:34:49.687
1771288489736,4.0,2026-02-16 19:34:49.736
1771288489786,4.0,2026-02-16 19:34:49.786
1771288489835,4.0,2026-02-16 19:34:49.835
1771288489888,2.0,2026-02-16 19:34:49.888
1771288489937,3.0,2026-02-16 19:34:49.937
1771288489987,5.0,2026-02-16 19:34:49.987
1771288490035,4.0,2026-02-16 19:34:50.035
1771288490089,4.0,2026-02-16 19:34:50.089
1771288490138,0.0,2026-02-16 19:34:50.138
1771288490187,3.0,2026-02-16 19:34:50.187
1771288490236,4.0,2026-02-16 19:34:50.236
1771288490289,6.0,2026-02-16 19:34:50.289
1771288490338,2.0,2026-02-16 19:34:50.338
1771288490391,2.0,2026-02-16 19:34:50.391
1771288490437,4.0,2026-02-16 19:34:50.437
1771288490490,7.0,2026-02-16 19:34:50.490
1771288490539,1.0,2026-02-16 19:34:50.539
1771288490588,2.0,2026-02-16 19:34:50.588
1771288490638,0.0,2026-02-16 19:34:50.638
1771288490691,4.0,2026-02-16 19:34:50.691
1771288490740,4.0,2026-02-16 19:34:50.740
1771288490789,2.0,2026-02-16 19:34:50.789
1771288490842,2.0,2026-02-16 19:34:50.842
1771288490891,5.0,2026-02-16 19:34:50.891
1771288490941,5.0,2026-02-16 19:34:50.941
1771288490997,5.0,2026-02-16 19:34:50.997
1771288491043,1.0,2026-02-16 19:34:51.043
1771288491092,3.0,2026-02-16 19:34:51.092
1771288491141,3.0,2026-02-16 19:34:51.141
1771288491191,6.0,2026-02-16 19:34:51.191
1771288491248,3.0,2026-02-16 19:34:51.248
1771288491293,2.0,2026-02-16 19:34:51.293
1771288491342,4.0,2026-02-16 19:34:51.342
1771288491391,5.0,2026-02-16 19:34:51.391
1771288491445,5.0,2026-02-16 19:34:51.445
1771288491494,3.0,2026-02-16 19:34:51.494
1771288491544,2.0,2026-02-16 19:34:51.544
1771288491592,4.0,2026-02-16 19:34:51.592
1771288491645,3.0,2026-02-16 19:34:51.645
1771288491695,4.0,2026-02-16 19:34:51.695
1771288491744,0.0,2026-02-16 19:34:51.744
1771288491793,4.0,2026-02-16 19:34:51.793
1771288491846,6.0,2026-02-16 19:34:51.846
1771288491895,5.0,2026-02-16 19:34:51.895
1771288491945,3.0,2026-02-16 19:34:51.945
1771288491996,0.0,2026-02-16 19:34:51.996
1771288492047,3.0,2026-02-16 19:34:52.047
1771288492096,5.0,2026-02-16 19:34:52.096
1771288492146,4.0,2026-02-16 19:34:52.146
1771288492198,2.0,2026-02-16 19:34:52.198
1771288492247,0.0,2026-02-16 19:34:52.247
1771288492297,4.0,2026-02-16 19:34:52.297
1771288492346,6.0,2026-02-16 19:34:52.346
1771288492399,3.0,2026-02-16 19:34:52.399
1771288492448,4.0,2026-02-16 19:34:52.448
1771288492497,2.0,2026-02-16 19:34:52.497
1771288492546,5.0,2026-02-16 19:34:52.546
1771288492599,3.0,2026-02-16 19:34:52.599
1771288492649,1.0,2026-02-16 19:34:52.649
1771288492698,1.0,2026-02-16 19:34:52.698
1771288492747,1.0,2026-02-16 19:34:52.747
1771288492800,4.0,2026-02-16 19:34:52.800
1771288492849,6.0,2026-02-16 19:34:52.849
1771288492899,0.0,2026-02-16 19:34:52.899
1771288492948,2.0,2026-02-16 19:34:52.948
1771288493001,1.0,2026-02-16 19:34:53.001
1771288493050,5.0,2026-02-16 19:34:53.050
1771288493099,3.0,2026-02-16 19:34:53.099
1771288493148,1.0,2026-02-16 19:34:53.148
1771288493201,1.0,2026-02-16 19:34:53.201
1771288493251,3.0,2026-02-16 19:34:53.251
1771288493300,5.0,2026-02-16 19:34:53.300
1771288493349,6.0,2026-02-16 19:34:53.349
1771288493402,1.0,2026-02-16 19:34:53.402
1771288493451,3.0,2026-02-16 19:34:53.451
1771288493501,3.0,2026-02-16 19:34:53.501
1771288493551,5.0,2026-02-16 19:34:53.551
1771288493603,3.0,2026-02-16 19:34:53.603
1771288493652,1.0,2026-02-16 19:34:53.652
1771288493701,0.0,2026-02-16 19:34:53.701
1771288493754,4.0,2026-02-16 19:34:53.754
1771288493804,5.0,2026-02-16 19:34:53.804
1771288493853,8.0,2026-02-16 19:34:53.853
1771288493902,2.0,2026-02-16 19:34:53.902
1771288493955,4.0,2026-02-16 19:34:53.955
1771288494004,5.0,2026-02-16 19:34:54.004
1771288494054,5.0,2026-02-16 19:34:54.054
1771288494109,1.0,2026-02-16 19:34:54.109
1771288494156,1.0,2026-02-16 19:34:54.156
1771288494205,0.0,2026-02-16 19:34:54.205
1771288494254,4.0,2026-02-16 19:34:54.254
1771288494303,1.0,2026-02-16 19:34:54.303
1771288494357,4.0,2026-02-16 19:34:54.357
1771288494406,4.0,2026-02-16 19:34:54.406
1771288494455,5.0,2026-02-16 19:34:54.455
1771288494504,3.0,2026-02-16 19:34:54.504
1771288494557,6.0,2026-02-16 19:34:54.557
1771288494606,3.0,2026-02-16 19:34:54.606
1771288494656,1.0,2026-02-16 19:34:54.656
1771288494705,1.0,2026-02-16 19:34:54.705
1771288494758,5.0,2026-02-16 19:34:54.758
1771288494807,3.0,2026-02-16 19:34:54.807
1771288494856,5.0,2026-02-16 19:34:54.856
1771288494905,2.0,2026-02-16 19:34:54.905
1771288494959,3.0,2026-02-16 19:34:54.959
1771288495008,3.0,2026-02-16 19:34:55.008
1771288495057,4.0,2026-02-16 19:34:55.057
1771288495106,3.0,2026-02-16 19:34:55.106
1771288495159,1.0,2026-02-16 19:34:55.159
1771288495209,4.0,2026-02-16 19:34:55.209
1771288495258,5.0,2026-02-16 19:34:55.258
1771288495311,4.0,2026-02-16 19:34:55.311
1771288495360,4.0,2026-02-16 19:34:55.360
1771288495410,1.0,2026-02-16 19:34:55.410
1771288495459,3.0,2026-02-16 19:34:55.459
1771288495512,7.0,2026-02-16 19:34:55.512
1771288495561,5.0,2026-02-16 19:34:55.561
1771288495612,4.0,2026-02-16 19:34:55.612
1771288495659,4.0,2026-02-16 19:34:55.659
1771288495713,2.0,2026-02-16 19:34:55.713
1771288495762,6.0,2026-02-16 19:34:55.762
1771288495811,5.0,2026-02-16 19:34:55.811
1771288495861,3.0,2026-02-16 19:34:55.861
1771288495913,2.0,2026-02-16 19:34:55.913
1771288495963,1.0,2026-02-16 19:34:55.963
1771288496013,5.0,2026-02-16 19:34:56.013
1771288496062,7.0,2026-02-16 19:34:56.062
1771288496114,4.0,2026-02-16 19:34:56.114
1771288496163,3.0,2026-02-16 19:34:56.163
1771288496212,1.0,2026-02-16 19:34:56.212
1771288496262,3.0,2026-02-16 19:34:56.262
1771288496314,4.0,2026-02-16 19:34:56.314
1771288496364,3.0,2026-02-16 19:34:56.364
1771288496413,0.0,2026-02-16 19:34:56.413
1771288496462,1.0,2026-02-16 19:34:56.462
1771288496515,4.0,2026-02-16 19:34:56.515
1771288496564,8.0,2026-02-16 19:34:56.564
1771288496614,4.0,2026-02-16 19:34:56.614
1771288496667,3.0,2026-02-16 19:34:56.667
1771288496716,1.0,2026-02-16 19:34:56.716
1771288496765,3.0,2026-02-16 19:34:56.765
1771288496814,3.0,2026-02-16 19:34:56.814
1771288496867,2.0,2026-02-16 19:34:56.867
1771288496916,1.0,2026-02-16 19:34:56.916
1771288496966,1.0,2026-02-16 19:34:56.966
1771288497015,2.0,2026-02-16 19:34:57.015
1771288497068,6.0,2026-02-16 19:34:57.068
1771288497117,4.0,2026-02-16 19:34:57.117
1771288497166,3.0,2026-02-16 19:34:57.166
1771288497216,5.0,2026-02-16 19:34:57.216
1771288497269,3.0,2026-02-16 19:34:57.269
1771288497318,5.0,2026-02-16 19:34:57.318
1771288497367,4.0,2026-02-16 19:34:57.367
1771288497416,1.0,2026-02-16 19:34:57.416
1771288497469,1.0,2026-02-16 19:34:57.469
1771288497519,0.0,2026-02-16 19:34:57.519
1771288497568,7.0,2026-02-16 19:34:57.568
1771288497617,5.0,2026-02-16 19:34:57.617
1771288497670,1.0,2026-02-16 19:34:57.670
1771288497719,2.0,2026-02-16 19:34:57.719
1771288497769,3.0,2026-02-16 19:34:57.769
1771288497818,4.0,2026-02-16 19:34:57.818
1771288497871,7.0,2026-02-16 19:34:57.871
1771288497920,1.0,2026-02-16 19:34:57.920
1771288497969,0.0,2026-02-16 19:34:57.969
1771288498018,1.0,2026-02-16 19:34:58.018
1771288498071,3.0,2026-02-16 19:34:58.071
1771288498121,3.0,2026-02-16 19:34:58.121
1771288498170,4.0,2026-02-16 19:34:58.170
1771288498223,4.0,2026-02-16 19:34:58.223
1771288498272,4.0,2026-02-16 19:34:58.272
1771288498321,3.0,2026-02-16 19:34:58.321
1771288498371,7.0,2026-02-16 19:34:58.371
1771288498424,3.0,2026-02-16 19:34:58.424
1771288498473,0.0,2026-02-16 19:34:58.473
1771288498522,2.0,2026-02-16 19:34:58.522
1771288498571,3.0,2026-02-16 19:34:58.571
1771288498624,5.0,2026-02-16 19:34:58.624
1771288498674,4.0,2026-02-16 19:34:58.674
1771288498723,1.0,2026-02-16 19:34:58.723
1771288498772,4.0,2026-02-16 19:34:58.772
1771288498825,3.0,2026-02-16 19:34:58.825
1771288498874,6.0,2026-02-16 19:34:58.874
1771288498923,6.0,2026-02-16 19:34:58.923
1771288498973,2.0,2026-02-16 19:34:58.973
1771288499026,1.0,2026-02-16 19:34:59.026
1771288499075,2.0,2026-02-16 19:34:59.075
1771288499124,4.0,2026-02-16 19:34:59.124
1771288499173,5.0,2026-02-16 19:34:59.173
1771288499227,3.0,2026-02-16 19:34:59.227
1771288499276,1.0,2026-02-16 19:34:59.276
1771288499325,3.0,2026-02-16 19:34:59.325
1771288499374,5.0,2026-02-16 19:34:59.374
1771288499427,6.0,2026-02-16 19:34:59.427
1771288499476,7.0,2026-02-16 19:34:59.476
1771288499526,1.0,2026-02-16 19:34:59.526
1771288499579,1.0,2026-02-16 19:34:59.579
1771288499628,2.0,2026-02-16 19:34:59.628
1771288499677,5.0,2026-02-16 19:34:59.677
1771288499726,5.0,2026-02-16 19:34:59.726
1771288499779,2.0,2026-02-16 19:34:59.779
1771288499829,1.0,2026-02-16 19:34:59.829
1771288499878,4.0,2026-02-16 19:34:59.878
1771288499927,4.0,2026-02-16 19:34:59.927
1771288499980,5.0,2026-02-16 19:34:59.980
1771288500029,3.0,2026-02-16 19:35:00.029
1771288500079,2.0,2026-02-16 19:35:00.079
1771288500128,2.0,2026-02-16 19:35:00.128
1771288500181,3.0,2026-02-16 19:35:00.181
1771288500230,5.0,2026-02-16 19:35:00.230
1771288500279,7.0,2026-02-16 19:35:00.279
1771288500328,0.0,2026-02-16 19:35:00.328
1771288500382,3.0,2026-02-16 19:35:00.382
1771288500431,2.0,2026-02-16 19:35:00.431
1771288500480,6.0,2026-02-16 19:35:00.480
1771288500529,4.0,2026-02-16 19:35:00.529
1771288500582,3.0,2026-02-16 19:35:00.582
1771288500631,2.0,2026-02-16 19:35:00.631
1771288500681,4.0,2026-02-16 19:35:00.681
1771288500730,4.0,2026-02-16 19:35:00.730
1771288500783,5.0,2026-02-16 19:35:00.783
1771288500832,2.0,2026-02-16 19:35:00.832
1771288500881,0.0,2026-02-16 19:35:00.881
1771288500930,0.0,2026-02-16 19:35:00.930
1771288500983,3.0,2026-02-16 19:35:00.983
1771288501033,3.0,2026-02-16 19:35:01.033
1771288501082,6.0,2026-02-16 19:35:01.082
1771288501135,1.0,2026-02-16 19:35:01.135
1771288501184,3.0,2026-02-16 19:35:01.184
1771288501234,3.0,2026-02-16 19:35:01.234
1771288501283,4.0,2026-02-16 19:35:01.283
1771288501336,5.0,2026-02-16 19:35:01.336
1771288501385,4.0,2026-02-16 19:35:01.385
1771288501434,0.0,2026-02-16 19:35:01.434
1771288501484,2.0,2026-02-16 19:35:01.484
1771288501537,2.0,2026-02-16 19:35:01.537
1771288501586,5.0,2026-02-16 19:35:01.586
1771288501635,4.0,2026-02-16 19:35:01.635
1771288501684,3.0,2026-02-16 19:35:01.684
1771288501737,1.0,2026-02-16 19:35:01.737
1771288501787,4.0,2026-02-16 19:35:01.787
1771288501836,3.0,2026-02-16 19:35:01.836
1771288501885,5.0,2026-02-16 19:35:01.885
1771288501938,2.0,2026-02-16 19:35:01.938
1771288501987,1.0,2026-02-16 19:35:01.987
1771288502037,1.0,2026-02-16 19:35:02.037
1771288502086,3.0,2026-02-16 19:35:02.086
1771288502139,3.0,2026-02-16 19:35:02.139
1771288502188,5.0,2026-02-16 19:35:02.188
1771288502237,1.0,2026-02-16 19:35:02.237
1771288502286,2.0,2026-02-16 19:35:02.286
1771288502339,2.0,2026-02-16 19:35:02.339
1771288502389,4.0,2026-02-16 19:35:02.389
1771288502438,6.0,2026-02-16 19:35:02.438
1771288502491,4.0,2026-02-16 19:35:02.491
1771288502540,1.0,2026-02-16 19:35:02.540
1771288502589,4.0,2026-02-16 19:35:02.589
1771288502639,1.0,2026-02-16 19:35:02.639
1771288502692,5.0,2026-02-16 19:35:02.692
1771288502741,5.0,2026-02-16 19:35:02.741
1771288502790,1.0,2026-02-16 19:35:02.790
1771288502839,1.0,2026-02-16 19:35:02.839
1771288502892,1.0,2026-02-16 19:35:02.892
1771288502947,3.0,2026-02-16 19:35:02.947
1771288502991,7.0,2026-02-16 19:35:02.991
1771288503040,4.0,2026-02-16 19:35:03.040
1771288503093,2.0,2026-02-16 19:35:03.093
1771288503142,3.0,2026-02-16 19:35:03.142
1771288503191,1.0,2026-02-16 19:35:03.191
1771288503241,4.0,2026-02-16 19:35:03.241
1771288503294,4.0,2026-02-16 19:35:03.294
1771288503343,3.0,2026-02-16 19:35:03.343
1771288503392,1.0,2026-02-16 19:35:03.392
1771288503441,0.0,2026-02-16 19:35:03.441
1771288503495,2.0,2026-02-16 19:35:03.495
1771288503544,6.0,2026-02-16 19:35:03.544
1771288503593,4.0,2026-02-16 19:35:03.593
1771288503642,2.0,2026-02-16 19:35:03.642
1771288503695,2.0,2026-02-16 19:35:03.695
1771288503744,3.0,2026-02-16 19:35:03.744
1771288503793,5.0,2026-02-16 19:35:03.793
1771288503843,8.0,2026-02-16 19:35:03.843
1771288503896,2.0,2026-02-16 19:35:03.896
1771288503945,3.0,2026-02-16 19:35:03.945
1771288503994,0.0,2026-02-16 19:35:03.994
1771288504047,4.0,2026-02-16 19:35:04.047
1771288504096,5.0,2026-02-16 19:35:04.096
1771288504146,3.0,2026-02-16 19:35:04.146
1771288504195,2.0,2026-02-16 19:35:04.195
1771288504248,3.0,2026-02-16 19:35:04.248
1771288504297,2.0,2026-02-16 19:35:04.297
1771288504346,6.0,2026-02-16 19:35:04.346
1771288504396,5.0,2026-02-16 19:35:04.396
1771288504449,4.0,2026-02-16 19:35:04.449
1771288504498,3.0,2026-02-16 19:35:04.498
1771288504547,3.0,2026-02-16 19:35:04.547
1771288504596,0.0,2026-02-16 19:35:04.596
1771288504649,7.0,2026-02-16 19:35:04.649
1771288504698,1.0,2026-02-16 19:35:04.698
1771288504748,2.0,2026-02-16 19:35:04.748
1771288504797,2.0,2026-02-16 19:35:04.797
1771288504850,1.0,2026-02-16 19:35:04.850
1771288504899,3.0,2026-02-16 19:35:04.899
1771288504949,6.0,2026-02-16 19:35:04.949
1771288504998,6.0,2026-02-16 19:35:04.998
1771288505051,4.0,2026-02-16 19:35:05.051
1771288505100,5.0,2026-02-16 19:35:05.100
1771288505149,2.0,2026-02-16 19:35:05.149
1771288505198,4.0,2026-02-16 19:35:05.198
1771288505251,4.0,2026-02-16 19:35:05.251
1771288505301,2.0,2026-02-16 19:35:05.301
1771288505350,4.0,2026-02-16 19:35:05.350
1771288505403,0.0,2026-02-16 19:35:05.403
1771288505452,1.0,2026-02-16 19:35:05.452
1771288505501,5.0,2026-02-16 19:35:05.501
1771288505551,4.0,2026-02-16 19:35:05.551
1771288505604,1.0,2026-02-16 19:35:05.604
1771288505653,4.0,2026-02-16 19:35:05.653
1771288505702,0.0,2026-02-16 19:35:05.702
1771288505751,3.0,2026-02-16 19:35:05.751
1771288505804,5.0,2026-02-16 19:35:05.804
1771288505854,4.0,2026-02-16 19:35:05.854
1771288505903,2.0,2026-02-16 19:35:05.903
1771288505952,1.0,2026-02-16 19:35:05.952
1771288506005,0.0,2026-02-16 19:35:06.005
1771288506054,1.0,2026-02-16 19:35:06.054
1771288506104,4.0,2026-02-16 19:35:06.104
1771288506153,6.0,2026-02-16 19:35:06.153
1771288506206,3.0,2026-02-16 19:35:06.206
1771288506255,1.0,2026-02-16 19:35:06.255
1771288506304,2.0,2026-02-16 19:35:06.304
1771288506354,3.0,2026-02-16 19:35:06.354
1771288506407,5.0,2026-02-16 19:35:06.407
1771288506456,5.0,2026-02-16 19:35:06.456
1771288506505,6.0,2026-02-16 19:35:06.505
1771288506555,2.0,2026-02-16 19:35:06.555
1771288506607,1.0,2026-02-16 19:35:06.607
1771288506656,2.0,2026-02-16 19:35:06.656
1771288506706,3.0,2026-02-16 19:35:06.706
1771288506755,3.0,2026-02-16 19:35:06.755
1771288506808,7.0,2026-02-16 19:35:06.808
1771288506857,0.0,2026-02-16 19:35:06.857
1771288506906,2.0,2026-02-16 19:35:06.906
1771288506960,4.0,2026-02-16 19:35:06.960
1771288507009,4.0,2026-02-16 19:35:07.009
1771288507058,5.0,2026-02-16 19:35:07.058
1771288507107,5.0,2026-02-16 19:35:07.107
1771288507160,1.0,2026-02-16 19:35:07.160
1771288507209,3.0,2026-02-16 19:35:07.209
1771288507259,2.0,2026-02-16 19:35:07.259
1771288507308,5.0,2026-02-16 19:35:07.308
1771288507361,4.0,2026-02-16 19:35:07.361
1771288507410,2.0,2026-02-16 19:35:07.410
1771288507466,2.0,2026-02-16 19:35:07.466
1771288507509,1.0,2026-02-16 19:35:07.509
1771288507562,3.0,2026-02-16 19:35:07.562
1771288507611,5.0,2026-02-16 19:35:07.611
1771288507660,5.0,2026-02-16 19:35:07.660
1771288507709,3.0,2026-02-16 19:35:07.709
1771288507762,0.0,2026-02-16 19:35:07.762
1771288507812,2.0,2026-02-16 19:35:07.812
1771288507861,2.0,2026-02-16 19:35:07.861
1771288507910,6.0,2026-02-16 19:35:07.910
1771288507964,4.0,2026-02-16 19:35:07.964
1771288508012,2.0,2026-02-16 19:35:08.012
1771288508061,1.0,2026-02-16 19:35:08.061
1771288508110,2.0,2026-02-16 19:35:08.110
1771288508164,3.0,2026-02-16 19:35:08.164
1771288508213,5.0,2026-02-16 19:35:08.213
1771288508262,5.0,2026-02-16 19:35:08.262
1771288508315,3.0,2026-02-16 19:35:08.315
1771288508364,4.0,2026-02-16 19:35:08.364
1771288508414,0.0,2026-02-16 19:35:08.414
1771288508463,4.0,2026-02-16 19:35:08.463
1771288508516,6.0,2026-02-16 19:35:08.516
1771288508565,5.0,2026-02-16 19:35:08.565
1771288508614,3.0,2026-02-16 19:35:08.614
1771288508663,4.0,2026-02-16 19:35:08.663
1771288508716,1.0,2026-02-16 19:35:08.716
1771288508766,3.0,2026-02-16 19:35:08.766
1771288508815,5.0,2026-02-16 19:35:08.815
1771288508864,4.0,2026-02-16 19:35:08.864
1771288508917,3.0,2026-02-16 19:35:08.917
1771288508966,4.0,2026-02-16 19:35:08.966
1771288509016,0.0,2026-02-16 19:35:09.016
1771288509065,4.0,2026-02-16 19:35:09.065
1771288509118,5.0,2026-02-16 19:35:09.118
1771288509167,5.0,2026-02-16 19:35:09.167
1771288509216,4.0,2026-02-16 19:35:09.216
1771288509265,3.0,2026-02-16 19:35:09.265
1771288509319,0.0,2026-02-16 19:35:09.319
1771288509368,3.0,2026-02-16 19:35:09.368
1771288509417,3.0,2026-02-16 19:35:09.417
1771288509466,5.0,2026-02-16 19:35:09.466
1771288509519,4.0,2026-02-16 19:35:09.519
1771288509568,3.0,2026-02-16 19:35:09.568
1771288509618,0.0,2026-02-16 19:35:09.618
1771288509667,2.0,2026-02-16 19:35:09.667
1771288509720,2.0,2026-02-16 19:35:09.720
1771288509769,4.0,2026-02-16 19:35:09.769
1771288509818,4.0,2026-02-16 19:35:09.818
1771288509872,4.0,2026-02-16 19:35:09.872
1771288509921,1.0,2026-02-16 19:35:09.921
1771288509970,2.0,2026-02-16 19:35:09.970
1771288510019,3.0,2026-02-16 19:35:10.019
1771288510072,3.0,2026-02-16 19:35:10.072
1771288510121,8.0,2026-02-16 19:35:10.121
1771288510171,3.0,2026-02-16 19:35:10.171
1771288510220,2.0,2026-02-16 19:35:10.220
1771288510273,1.0,2026-02-16 19:35:10.273
1771288510322,0.0,2026-02-16 19:35:10.322
1771288510372,2.0,2026-02-16 19:35:10.372
1771288510421,8.0,2026-02-16 19:35:10.421
1771288510474,2.0,2026-02-16 19:35:10.474
1771288510523,3.0,2026-02-16 19:35:10.523
1771288510572,1.0,2026-02-16 19:35:10.572
1771288510621,2.0,2026-02-16 19:35:10.621
1771288510674,2.0,2026-02-16 19:35:10.674
1771288510724,6.0,2026-02-16 19:35:10.724
1771288510773,3.0,2026-02-16 19:35:10.773
1771288510822,4.0,2026-02-16 19:35:10.822
1771288510875,2.0,2026-02-16 19:35:10.875
1771288510924,2.0,2026-02-16 19:35:10.924
1771288510974,2.0,2026-02-16 19:35:10.974
1771288511023,6.0,2026-02-16 19:35:11.023
1771288511076,4.0,2026-02-16 19:35:11.076
1771288511125,4.0,2026-02-16 19:35:11.125
1771288511174,3.0,2026-02-16 19:35:11.174
1771288511228,0.0,2026-02-16 19:35:11.228
1771288511276,1.0,2026-02-16 19:35:11.276
1771288511327,3.0,2026-02-16 19:35:11.327
1771288511375,5.0,2026-02-16 19:35:11.375
1771288511428,4.0,2026-02-16 19:35:11.428
1771288511477,6.0,2026-02-16 19:35:11.477
1771288511527,2.0,2026-02-16 19:35:11.527
1771288511576,6.0,2026-02-16 19:35:11.576
1771288511629,2.0,2026-02-16 19:35:11.629
1771288511678,5.0,2026-02-16 19:35:11.678
1771288511727,4.0,2026-02-16 19:35:11.727
1771288511777,5.0,2026-02-16 19:35:11.777
1771288511830,0.0,2026-02-16 19:35:11.830
1771288511879,2.0,2026-02-16 19:35:11.879
1771288511928,2.0,2026-02-16 19:35:11.928
1771288511977,3.0,2026-02-16 19:35:11.977
1771288512030,4.0,2026-02-16 19:35:12.030
1771288512079,5.0,2026-02-16 19:35:12.079
1771288512129,2.0,2026-02-16 19:35:12.129
1771288512178,2.0,2026-02-16 19:35:12.178
1771288512231,2.0,2026-02-16 19:35:12.231
1771288512280,3.0,2026-02-16 19:35:12.280
1771288512329,4.0,2026-02-16 19:35:12.329
1771288512379,7.0,2026-02-16 19:35:12.379
1771288512432,4.0,2026-02-16 19:35:12.432
1771288512481,5.0,2026-02-16 19:35:12.481
1771288512530,2.0,2026-02-16 19:35:12.530
1771288512579,2.0,2026-02-16 19:35:12.579
1771288512633,5.0,2026-02-16 19:35:12.633
1771288512681,4.0,2026-02-16 19:35:12.681
1771288512731,5.0,2026-02-16 19:35:12.731
1771288512784,3.0,2026-02-16 19:35:12.784
1771288512833,1.0,2026-02-16 19:35:12.833
1771288512882,0.0,2026-02-16 19:35:12.882
1771288512931,3.0,2026-02-16 19:35:12.931
1771288512984,4.0,2026-02-16 19:35:12.984
1771288513034,4.0,2026-02-16 19:35:13.034
1771288513083,4.0,2026-02-16 19:35:13.083
1771288513132,3.0,2026-02-16 19:35:13.132
1771288513185,0.0,2026-02-16 19:35:13.185
1771288513234,3.0,2026-02-16 19:35:13.234
1771288513283,3.0,2026-02-16 19:35:13.283
1771288513333,6.0,2026-02-16 19:35:13.333
1771288513386,4.0,2026-02-16 19:35:13.386
1771288513435,3.0,2026-02-16 19:35:13.435
1771288513484,0.0,2026-02-16 19:35:13.484
1771288513533,1.0,2026-02-16 19:35:13.533
1771288513586,1.0,2026-02-16 19:35:13.586
1771288513636,2.0,2026-02-16 19:35:13.636
1771288513685,2.0,2026-02-16 19:35:13.685
1771288513734,5.0,2026-02-16 19:35:13.734
1771288513787,0.0,2026-02-16 19:35:13.787
1771288513836,3.0,2026-02-16 19:35:13.836
1771288513886,1.0,2026-02-16 19:35:13.886
1771288513935,3.0,2026-02-16 19:35:13.935
1771288513988,4.0,2026-02-16 19:35:13.988
1771288514037,5.0,2026-02-16 19:35:14.037
1771288514086,3.0,2026-02-16 19:35:14.086
1771288514136,1.0,2026-02-16 19:35:14.136
1771288514189,2.0,2026-02-16 19:35:14.189
1771288514238,1.0,2026-02-16 19:35:14.238
1771288514287,4.0,2026-02-16 19:35:14.287
1771288514340,4.0,2026-02-16 19:35:14.340
1771288514389,3.0,2026-02-16 19:35:14.389
1771288514439,1.0,2026-02-16 19:35:14.439
1771288514488,2.0,2026-02-16 19:35:14.488
1771288514541,0.0,2026-02-16 19:35:14.541
1771288514590,2.0,2026-02-16 19:35:14.590
1771288514639,4.0,2026-02-16 19:35:14.639
1771288514689,7.0,2026-02-16 19:35:14.689
1771288514742,3.0,2026-02-16 19:35:14.742
1771288514791,4.0,2026-02-16 19:35:14.791
1771288514840,2.0,2026-02-16 19:35:14.840
1771288514889,4.0,2026-02-16 19:35:14.889
1771288514942,4.0,2026-02-16 19:35:14.942
1771288514992,5.0,2026-02-16 19:35:14.992
1771288515041,4.0,2026-02-16 19:35:15.041
1771288515090,8.0,2026-02-16 19:35:15.090
1771288515144,2.0,2026-02-16 19:35:15.144
1771288515192,0.0,2026-02-16 19:35:15.192
1771288515242,1.0,2026-02-16 19:35:15.242
1771288515291,2.0,2026-02-16 19:35:15.291
1771288515344,4.0,2026-02-16 19:35:15.344
1771288515393,3.0,2026-02-16 19:35:15.393
1771288515442,3.0,2026-02-16 19:35:15.442
1771288515491,0.0,2026-02-16 19:35:15.491
1771288515545,2.0,2026-02-16 19:35:15.545
1771288515594,2.0,2026-02-16 19:35:15.594
1771288515644,4.0,2026-02-16 19:35:15.644
1771288515696,5.0,2026-02-16 19:35:15.696
1771288515745,7.0,2026-02-16 19:35:15.745
1771288515795,3.0,2026-02-16 19:35:15.795
1771288515845,3.0,2026-02-16 19:35:15.845
1771288515897,2.0,2026-02-16 19:35:15.897
1771288515946,0.0,2026-02-16 19:35:15.946
1771288515996,4.0,2026-02-16 19:35:15.996
1771288516044,5.0,2026-02-16 19:35:16.044
1771288516097,3.0,2026-02-16 19:35:16.097
1771288516147,4.0,2026-02-16 19:35:16.147
1771288516196,5.0,2026-02-16 19:35:16.196
1771288516245,1.0,2026-02-16 19:35:16.245
1771288516298,1.0,2026-02-16 19:35:16.298
1771288516347,3.0,2026-02-16 19:35:16.347
1771288516397,6.0,2026-02-16 19:35:16.397
1771288516446,5.0,2026-02-16 19:35:16.446
1771288516499,4.0,2026-02-16 19:35:16.499
1771288516548,0.0,2026-02-16 19:35:16.548
1771288516597,2.0,2026-02-16 19:35:16.597
1771288516646,3.0,2026-02-16 19:35:16.646
1771288516699,4.0,2026-02-16 19:35:16.699
1771288516749,5.0,2026-02-16 19:35:16.749
1771288516798,6.0,2026-02-16 19:35:16.798
1771288516847,2.0,2026-02-16 19:35:16.847
1771288516900,3.0,2026-02-16 19:35:16.900
1771288516949,1.0,2026-02-16 19:35:16.949
1771288516999,2.0,2026-02-16 19:35:16.999
1771288517048,0.0,2026-02-16 19:35:17.048
1771288517101,4.0,2026-02-16 19:35:17.101
1771288517150,4.0,2026-02-16 19:35:17.150
1771288517199,4.0,2026-02-16 19:35:17.199
1771288517252,2.0,2026-02-16 19:35:17.252
1771288517301,0.0,2026-02-16 19:35:17.301
1771288517351,0.0,2026-02-16 19:35:17.351
1771288517400,3.0,2026-02-16 19:35:17.400
1771288517453,5.0,2026-02-16 19:35:17.453
1771288517502,5.0,2026-02-16 19:35:17.502
1771288517551,4.0,2026-02-16 19:35:17.551
1771288517601,2.0,2026-02-16 19:35:17.601
1771288517654,1.0,2026-02-16 19:35:17.654
1771288517703,1.0,2026-02-16 19:35:17.703
1771288517752,4.0,2026-02-16 19:35:17.752
1771288517801,3.0,2026-02-16 19:35:17.801
1771288517854,4.0,2026-02-16 19:35:17.854
1771288517904,4.0,2026-02-16 19:35:17.904
1771288517953,1.0,2026-02-16 19:35:17.953
1771288518002,1.0,2026-02-16 19:35:18.002
1771288518055,1.0,2026-02-16 19:35:18.055
1771288518104,1.0,2026-02-16 19:35:18.104
1771288518153,3.0,2026-02-16 19:35:18.153
1771288518203,4.0,2026-02-16 19:35:18.203
1771288518256,3.0,2026-02-16 19:35:18.256
1771288518305,1.0,2026-02-16 19:35:18.305
1771288518354,3.0,2026-02-16 19:35:18.354
1771288518403,2.0,2026-02-16 19:35:18.403
1771288518456,1.0,2026-02-16 19:35:18.456
1771288518506,5.0,2026-02-16 19:35:18.506
1771288518555,5.0,2026-02-16 19:35:18.555
1771288518608,3.0,2026-02-16 19:35:18.608
1771288518657,3.0,2026-02-16 19:35:18.657
1771288518706,3.0,2026-02-16 19:35:18.706
1771288518756,0.0,2026-02-16 19:35:18.756
1771288518809,1.0,2026-02-16 19:35:18.809
1771288518858,3.0,2026-02-16 19:35:18.858
1771288518907,4.0,2026-02-16 19:35:18.907
1771288518956,3.0,2026-02-16 19:35:18.956
1771288519009,9.0,2026-02-16 19:35:19.009
1771288519059,2.0,2026-02-16 19:35:19.059
1771288519108,0.0,2026-02-16 19:35:19.108
1771288519157,0.0,2026-02-16 19:35:19.157
1771288519210,1.0,2026-02-16 19:35:19.210
1771288519259,1.0,2026-02-16 19:35:19.259
1771288519309,4.0,2026-02-16 19:35:19.309
1771288519358,6.0,2026-02-16 19:35:19.358
1771288519411,2.0,2026-02-16 19:35:19.411
1771288519460,2.0,2026-02-16 19:35:19.460
1771288519509,2.0,2026-02-16 19:35:19.509
1771288519559,3.0,2026-02-16 19:35:19.559
1771288519612,1.0,2026-02-16 19:35:19.612
1771288519661,6.0,2026-02-16 19:35:19.661
1771288519711,5.0,2026-02-16 19:35:19.711
1771288519759,4.0,2026-02-16 19:35:19.759
1771288519812,3.0,2026-02-16 19:35:19.812
1771288519862,3.0,2026-02-16 19:35:19.862
1771288519912,0.0,2026-02-16 19:35:19.912
1771288519961,2.0,2026-02-16 19:35:19.961
1771288520013,3.0,2026-02-16 19:35:20.013
1771288520063,4.0,2026-02-16 19:35:20.063
1771288520112,4.0,2026-02-16 19:35:20.112
1771288520165,3.0,2026-02-16 19:35:20.165
1771288520214,2.0,2026-02-16 19:35:20.214
1771288520263,0.0,2026-02-16 19:35:20.263
1771288520312,3.0,2026-02-16 19:35:20.312
1771288520365,1.0,2026-02-16 19:35:20.365
1771288520414,4.0,2026-02-16 19:35:20.414
1771288520464,6.0,2026-02-16 19:35:20.464
1771288520513,7.0,2026-02-16 19:35:20.513
1771288520566,1.0,2026-02-16 19:35:20.566
1771288520615,5.0,2026-02-16 19:35:20.615
1771288520664,0.0,2026-02-16 19:35:20.664
1771288520714,6.0,2026-02-16 19:35:20.714
1771288520767,5.0,2026-02-16 19:35:20.767
1771288520816,6.0,2026-02-16 19:35:20.816
1771288520865,4.0,2026-02-16 19:35:20.865
1771288520914,4.0,2026-02-16 19:35:20.914
1771288520967,4.0,2026-02-16 19:35:20.967
1771288521016,1.0,2026-02-16 19:35:21.016
1771288521066,2.0,2026-02-16 19:35:21.066
1771288521115,4.0,2026-02-16 19:35:21.115
1771288521168,3.0,2026-02-16 19:35:21.168
1771288521217,2.0,2026-02-16 19:35:21.217
1771288521266,6.0,2026-02-16 19:35:21.266
1771288521316,4.0,2026-02-16 19:35:21.316
1771288521369,2.0,2026-02-16 19:35:21.369
1771288521418,1.0,2026-02-16 19:35:21.418
1771288521467,2.0,2026-02-16 19:35:21.467
1771288521520,5.0,2026-02-16 19:35:21.520
1771288521569,5.0,2026-02-16 19:35:21.569
1771288521619,5.0,2026-02-16 19:35:21.619
1771288521668,4.0,2026-02-16 19:35:21.668
1771288521721,2.0,2026-02-16 19:35:21.721
1771288521770,3.0,2026-02-16 19:35:21.770
1771288521819,1.0,2026-02-16 19:35:21.819
1771288521868,3.0,2026-02-16 19:35:21.868
1771288521922,4.0,2026-02-16 19:35:21.922
1771288521971,5.0,2026-02-16 19:35:21.971
1771288522020,3.0,2026-02-16 19:35:22.020
1771288522069,2.0,2026-02-16 19:35:22.069
1771288522122,3.0,2026-02-16 19:35:22.122
1771288522171,0.0,2026-02-16 19:35:22.171
1771288522221,2.0,2026-02-16 19:35:22.221
1771288522270,2.0,2026-02-16 19:35:22.270
1771288522323,4.0,2026-02-16 19:35:22.323
1771288522372,3.0,2026-02-16 19:35:22.372
1771288522421,2.0,2026-02-16 19:35:22.421
1771288522471,1.0,2026-02-16 19:35:22.471
1771288522524,1.0,2026-02-16 19:35:22.524
1771288522573,0.0,2026-02-16 19:35:22.573
1771288522622,3.0,2026-02-16 19:35:22.622
1771288522671,3.0,2026-02-16 19:35:22.671
1771288522724,5.0,2026-02-16 19:35:22.724
1771288522774,5.0,2026-02-16 19:35:22.774
1771288522823,3.0,2026-02-16 19:35:22.823
1771288522873,2.0,2026-02-16 19:35:22.873
1771288522925,0.0,2026-02-16 19:35:22.925
1771288522974,1.0,2026-02-16 19:35:22.974
1771288523024,2.0,2026-02-16 19:35:23.024
1771288523077,5.0,2026-02-16 19:35:23.077
1771288523126,3.0,2026-02-16 19:35:23.126
1771288523175,5.0,2026-02-16 19:35:23.175
1771288523224,4.0,2026-02-16 19:35:23.224
1771288523277,2.0,2026-02-16 19:35:23.277
1771288523327,0.0,2026-02-16 19:35:23.327
1771288523376,1.0,2026-02-16 19:35:23.376
1771288523425,2.0,2026-02-16 19:35:23.425
1771288523478,3.0,2026-02-16 19:35:23.478
1771288523527,4.0,2026-02-16 19:35:23.527
1771288523576,4.0,2026-02-16 19:35:23.576
1771288523626,4.0,2026-02-16 19:35:23.626
1771288523679,1.0,2026-02-16 19:35:23.679
1771288523728,2.0,2026-02-16 19:35:23.728
1771288523778,0.0,2026-02-16 19:35:23.778
1771288523827,1.0,2026-02-16 19:35:23.827
1771288523880,3.0,2026-02-16 19:35:23.880
1771288523929,6.0,2026-02-16 19:35:23.929
1771288523978,6.0,2026-02-16 19:35:23.978
1771288524028,4.0,2026-02-16 19:35:24.028
1771288524080,3.0,2026-02-16 19:35:24.080
1771288524129,2.0,2026-02-16 19:35:24.129
1771288524179,0.0,2026-02-16 19:35:24.179
1771288524229,2.0,2026-02-16 19:35:24.229
1771288524281,4.0,2026-02-16 19:35:24.281
1771288524330,4.0,2026-02-16 19:35:24.330
1771288524379,6.0,2026-02-16 19:35:24.379
1771288524432,5.0,2026-02-16 19:35:24.432
1771288524482,3.0,2026-02-16 19:35:24.482
1771288524531,0.0,2026-02-16 19:35:24.531
1771288524580,2.0,2026-02-16 19:35:24.580
1771288524633,2.0,2026-02-16 19:35:24.633
1771288524682,2.0,2026-02-16 19:35:24.682
1771288524732,4.0,2026-02-16 19:35:24.732
1771288524781,5.0,2026-02-16 19:35:24.781
1771288524834,3.0,2026-02-16 19:35:24.834
1771288524883,1.0,2026-02-16 19:35:24.883
1771288524932,3.0,2026-02-16 19:35:24.932
1771288524982,2.0,2026-02-16 19:35:24.982
1771288525034,4.0,2026-02-16 19:35:25.034
1771288525084,5.0,2026-02-16 19:35:25.084
1771288525133,4.0,2026-02-16 19:35:25.133
1771288525182,5.0,2026-02-16 19:35:25.182
1771288525235,6.0,2026-02-16 19:35:25.235
1771288525284,2.0,2026-02-16 19:35:25.284
1771288525334,4.0,2026-02-16 19:35:25.334
1771288525383,2.0,2026-02-16 19:35:25.383
1771288525436,3.0,2026-02-16 19:35:25.436
1771288525485,2.0,2026-02-16 19:35:25.485
1771288525534,4.0,2026-02-16 19:35:25.534
1771288525584,5.0,2026-02-16 19:35:25.584
1771288525637,5.0,2026-02-16 19:35:25.637
1771288525686,1.0,2026-02-16 19:35:25.686
1771288525735,2.0,2026-02-16 19:35:25.735
1771288525784,1.0,2026-02-16 19:35:25.784
1771288525837,0.0,2026-02-16 19:35:25.837
1771288525886,1.0,2026-02-16 19:35:25.886
1771288525936,5.0,2026-02-16 19:35:25.936
1771288525989,5.0,2026-02-16 19:35:25.989
1771288526038,3.0,2026-02-16 19:35:26.038
1771288526087,4.0,2026-02-16 19:35:26.087
1771288526136,1.0,2026-02-16 19:35:26.136
1771288526190,1.0,2026-02-16 19:35:26.190
1771288526239,0.0,2026-02-16 19:35:26.239
1771288526288,3.0,2026-02-16 19:35:26.288
1771288526337,2.0,2026-02-16 19:35:26.337
1771288526390,4.0,2026-02-16 19:35:26.390
1771288526439,6.0,2026-02-16 19:35:26.439
1771288526489,5.0,2026-02-16 19:35:26.489
1771288526538,3.0,2026-02-16 19:35:26.538
1771288526591,3.0,2026-02-16 19:35:26.591
1771288526640,2.0,2026-02-16 19:35:26.640
1771288526689,0.0,2026-02-16 19:35:26.689
1771288526738,3.0,2026-02-16 19:35:26.738
1771288526792,3.0,2026-02-16 19:35:26.792
1771288526841,5.0,2026-02-16 19:35:26.841
1771288526890,2.0,2026-02-16 19:35:26.890
1771288526939,5.0,2026-02-16 19:35:26.939
1771288526992,3.0,2026-02-16 19:35:26.992
1771288527041,0.0,2026-02-16 19:35:27.041
1771288527091,1.0,2026-02-16 19:35:27.091
1771288527140,0.0,2026-02-16 19:35:27.140
1771288527193,1.0,2026-02-16 19:35:27.193
1771288527242,1.0,2026-02-16 19:35:27.242
1771288527291,5.0,2026-02-16 19:35:27.291
1771288527345,7.0,2026-02-16 19:35:27.345
1771288527394,4.0,2026-02-16 19:35:27.394
1771288527443,1.0,2026-02-16 19:35:27.443
1771288527492,1.0,2026-02-16 19:35:27.492
1771288527545,0.0,2026-02-16 19:35:27.545
1771288527594,2.0,2026-02-16 19:35:27.594
1771288527644,2.0,2026-02-16 19:35:27.644
1771288527693,5.0,2026-02-16 19:35:27.693
1771288527746,4.0,2026-02-16 19:35:27.746
1771288527795,5.0,2026-02-16 19:35:27.795
1771288527844,4.0,2026-02-16 19:35:27.844
1771288527894,2.0,2026-02-16 19:35:27.894
1771288527947,1.0,2026-02-16 19:35:27.947
1771288527996,2.0,2026-02-16 19:35:27.996
1771288528045,4.0,2026-02-16 19:35:28.045
1771288528094,2.0,2026-02-16 19:35:28.094
1771288528147,5.0,2026-02-16 19:35:28.147
1771288528196,6.0,2026-02-16 19:35:28.196
1771288528246,5.0,2026-02-16 19:35:28.246
1771288528295,2.0,2026-02-16 19:35:28.295
1771288528348,3.0,2026-02-16 19:35:28.348
1771288528397,2.0,2026-02-16 19:35:28.397
1771288528447,1.0,2026-02-16 19:35:28.447
1771288528496,2.0,2026-02-16 19:35:28.496
1771288528549,3.0,2026-02-16 19:35:28.549
1771288528598,4.0,2026-02-16 19:35:28.598
1771288528647,4.0,2026-02-16 19:35:28.647
1771288528697,5.0,2026-02-16 19:35:28.697
1771288528750,2.0,2026-02-16 19:35:28.750
1771288528799,1.0,2026-02-16 19:35:28.799
1771288528848,0.0,2026-02-16 19:35:28.848
1771288528901,2.0,2026-02-16 19:35:28.901
1771288528950,1.0,2026-02-16 19:35:28.950
1771288529000,4.0,2026-02-16 19:35:29.000
1771288529049,5.0,2026-02-16 19:35:29.049
1771288529102,5.0,2026-02-16 19:35:29.102
1771288529151,4.0,2026-02-16 19:35:29.151
1771288529200,4.0,2026-02-16 19:35:29.200
1771288529249,3.0,2026-02-16 19:35:29.249
1771288529303,1.0,2026-02-16 19:35:29.303
1771288529352,1.0,2026-02-16 19:35:29.352
1771288529401,2.0,2026-02-16 19:35:29.401
1771288529450,4.0,2026-02-16 19:35:29.450
1771288529503,4.0,2026-02-16 19:35:29.503
1771288529552,6.0,2026-02-16 19:35:29.552
1771288529602,5.0,2026-02-16 19:35:29.602
1771288529651,4.0,2026-02-16 19:35:29.651
1771288529704,1.0,2026-02-16 19:35:29.704
1771288529753,1.0,2026-02-16 19:35:29.753
1771288529802,1.0,2026-02-16 19:35:29.802
1771288529851,0.0,2026-02-16 19:35:29.851
1771288529904,0.0,2026-02-16 19:35:29.904
1771288529954,4.0,2026-02-16 19:35:29.954
1771288530003,4.0,2026-02-16 19:35:30.003
1771288530052,2.0,2026-02-16 19:35:30.052
1771288530105,2.0,2026-02-16 19:35:30.105
1771288530154,0.0,2026-02-16 19:35:30.154
1771288530204,0.0,2026-02-16 19:35:30.204
1771288530257,0.0,2026-02-16 19:35:30.257
1771288530306,1.0,2026-02-16 19:35:30.306
1771288530355,2.0,2026-02-16 19:35:30.355
1771288530404,2.0,2026-02-16 19:35:30.404
1771288530457,5.0,2026-02-16 19:35:30.457
1771288530507,3.0,2026-02-16 19:35:30.507
1771288530556,3.0,2026-02-16 19:35:30.556
1771288530605,2.0,2026-02-16 19:35:30.605
1771288530658,3.0,2026-02-16 19:35:30.658
1771288530707,0.0,2026-02-16 19:35:30.707
1771288530757,2.0,2026-02-16 19:35:30.757
1771288530806,4.0,2026-02-16 19:35:30.806
1771288530859,5.0,2026-02-16 19:35:30.859
1771288530908,4.0,2026-02-16 19:35:30.908
1771288530957,5.0,2026-02-16 19:35:30.957
1771288531006,5.0,2026-02-16 19:35:31.006
1771288531060,3.0,2026-02-16 19:35:31.060
1771288531109,2.0,2026-02-16 19:35:31.109
1771288531158,0.0,2026-02-16 19:35:31.158
1771288531207,2.0,2026-02-16 19:35:31.207
1771288531260,1.0,2026-02-16 19:35:31.260
1771288531309,3.0,2026-02-16 19:35:31.309
1771288531359,4.0,2026-02-16 19:35:31.359
1771288531408,5.0,2026-02-16 19:35:31.408
1771288531461,3.0,2026-02-16 19:35:31.461
1771288531510,3.0,2026-02-16 19:35:31.510
1771288531559,1.0,2026-02-16 19:35:31.559
1771288531608,1.0,2026-02-16 19:35:31.608
1771288531662,0.0,2026-02-16 19:35:31.662
1771288531711,1.0,2026-02-16 19:35:31.711
1771288531760,2.0,2026-02-16 19:35:31.760
1771288531813,2.0,2026-02-16 19:35:31.813
1771288531862,3.0,2026-02-16 19:35:31.862
1771288531912,4.0,2026-02-16 19:35:31.912
1771288531961,5.0,2026-02-16 19:35:31.961
1771288532014,0.0,2026-02-16 19:35:32.014
1771288532063,2.0,2026-02-16 19:35:32.063
1771288532112,1.0,2026-02-16 19:35:32.112
1771288532161,1.0,2026-02-16 19:35:32.161
1771288532214,1.0,2026-02-16 19:35:32.214
1771288532264,4.0,2026-02-16 19:35:32.264
1771288532313,4.0,2026-02-16 19:35:32.313
1771288532362,4.0,2026-02-16 19:35:32.362
1771288532415,5.0,2026-02-16 19:35:32.415
1771288532464,3.0,2026-02-16 19:35:32.464
1771288532514,5.0,2026-02-16 19:35:32.514
1771288532563,1.0,2026-02-16 19:35:32.563
1771288532616,3.0,2026-02-16 19:35:32.616
1771288532665,3.0,2026-02-16 19:35:32.665
1771288532714,2.0,2026-02-16 19:35:32.714
1771288532763,1.0,2026-02-16 19:35:32.763
1771288532817,6.0,2026-02-16 19:35:32.817
1771288532866,6.0,2026-02-16 19:35:32.866
1771288532915,5.0,2026-02-16 19:35:32.915
1771288532964,5.0,2026-02-16 19:35:32.964
1771288533017,3.0,2026-02-16 19:35:33.017
1771288533067,3.0,2026-02-16 19:35:33.067
1771288533116,0.0,2026-02-16 19:35:33.116
1771288533169,2.0,2026-02-16 19:35:33.169
1771288533218,2.0,2026-02-16 19:35:33.218
1771288533267,3.0,2026-02-16 19:35:33.267
1771288533317,3.0,2026-02-16 19:35:33.317
1771288533370,5.0,2026-02-16 19:35:33.370
1771288533419,4.0,2026-02-16 19:35:33.419
1771288533468,3.0,2026-02-16 19:35:33.468
1771288533517,1.0,2026-02-16 19:35:33.517
1771288533570,1.0,2026-02-16 19:35:33.570
1771288533619,1.0,2026-02-16 19:35:33.619
1771288533669,0.0,2026-02-16 19:35:33.669
1771288533718,2.0,2026-02-16 19:35:33.718
1771288533771,2.0,2026-02-16 19:35:33.771
1771288533821,5.0,2026-02-16 19:35:33.821
1771288533869,4.0,2026-02-16 19:35:33.869
1771288533919,3.0,2026-02-16 19:35:33.919
1771288533972,2.0,2026-02-16 19:35:33.972
1771288534021,2.0,2026-02-16 19:35:34.021
1771288534070,1.0,2026-02-16 19:35:34.070
1771288534119,0.0,2026-02-16 19:35:34.119
1771288534172,3.0,2026-02-16 19:35:34.172
1771288534222,0.0,2026-02-16 19:35:34.222
1771288534271,1.0,2026-02-16 19:35:34.271
1771288534320,3.0,2026-02-16 19:35:34.320
1771288534373,5.0,2026-02-16 19:35:34.373
1771288534422,1.0,2026-02-16 19:35:34.422
1771288534472,4.0,2026-02-16 19:35:34.472
1771288534521,4.0,2026-02-16 19:35:34.521
1771288534574,3.0,2026-02-16 19:35:34.574
1771288534623,0.0,2026-02-16 19:35:34.623
1771288534672,0.0,2026-02-16 19:35:34.672
1771288534725,4.0,2026-02-16 19:35:34.725
1771288534775,2.0,2026-02-16 19:35:34.775
1771288534824,2.0,2026-02-16 19:35:34.824
1771288534873,4.0,2026-02-16 19:35:34.873
1771288534926,7.0,2026-02-16 19:35:34.926
1771288534975,4.0,2026-02-16 19:35:34.975
1771288535024,4.0,2026-02-16 19:35:35.024
1771288535074,4.0,2026-02-16 19:35:35.074
1771288535127,3.0,2026-02-16 19:35:35.127
1771288535176,2.0,2026-02-16 19:35:35.176
1771288535225,1.0,2026-02-16 19:35:35.225
1771288535274,3.0,2026-02-16 19:35:35.274
1771288535328,2.0,2026-02-16 19:35:35.328
1771288535377,3.0,2026-02-16 19:35:35.377
1771288535426,3.0,2026-02-16 19:35:35.426
1771288535475,5.0,2026-02-16 19:35:35.475
1771288535528,4.0,2026-02-16 19:35:35.528
1771288535577,3.0,2026-02-16 19:35:35.577
1771288535626,3.0,2026-02-16 19:35:35.626
1771288535676,2.0,2026-02-16 19:35:35.676
1771288535729,1.0,2026-02-16 19:35:35.729
1771288535778,0.0,2026-02-16 19:35:35.778
1771288535827,2.0,2026-02-16 19:35:35.827
1771288535876,2.0,2026-02-16 19:35:35.876
1771288535929,2.0,2026-02-16 19:35:35.929
1771288535979,3.0,2026-02-16 19:35:35.979
1771288536028,5.0,2026-02-16 19:35:36.028
1771288536077,4.0,2026-02-16 19:35:36.077
1771288536130,4.0,2026-02-16 19:35:36.130
1771288536179,3.0,2026-02-16 19:35:36.179
1771288536229,2.0,2026-02-16 19:35:36.229
1771288536282,2.0,2026-02-16 19:35:36.282
1771288536331,0.0,2026-02-16 19:35:36.331
1771288536380,3.0,2026-02-16 19:35:36.380
1771288536429,2.0,2026-02-16 19:35:36.429
1771288536482,3.0,2026-02-16 19:35:36.482
1771288536532,3.0,2026-02-16 19:35:36.532
1771288536581,6.0,2026-02-16 19:35:36.581
1771288536630,6.0,2026-02-16 19:35:36.630
1771288536683,4.0,2026-02-16 19:35:36.683
1771288536732,3.0,2026-02-16 19:35:36.732
1771288536781,2.0,2026-02-16 19:35:36.781
1771288536831,2.0,2026-02-16 19:35:36.831
1771288536884,0.0,2026-02-16 19:35:36.884
1771288536933,3.0,2026-02-16 19:35:36.933
1771288536982,1.0,2026-02-16 19:35:36.982
1771288537031,5.0,2026-02-16 19:35:37.031
1771288537084,4.0,2026-02-16 19:35:37.084
1771288537134,5.0,2026-02-16 19:35:37.134
1771288537183,6.0,2026-02-16 19:35:37.183
1771288537232,4.0,2026-02-16 19:35:37.232
1771288537285,3.0,2026-02-16 19:35:37.285
1771288537334,2.0,2026-02-16 19:35:37.334
1771288537384,2.0,2026-02-16 19:35:37.384
1771288537433,0.0,2026-02-16 19:35:37.433
1771288537486,2.0,2026-02-16 19:35:37.486
1771288537535,3.0,2026-02-16 19:35:37.535
1771288537585,5.0,2026-02-16 19:35:37.585
1771288537638,6.0,2026-02-16 19:35:37.638
1771288537687,6.0,2026-02-16 19:35:37.687
1771288537736,5.0,2026-02-16 19:35:37.736
1771288537786,4.0,2026-02-16 19:35:37.786
1771288537838,2.0,2026-02-16 19:35:37.838
1771288537887,2.0,2026-02-16 19:35:37.887
1771288537937,5.0,2026-02-16 19:35:37.937
1771288537986,1.0,2026-02-16 19:35:37.986
1771288538039,0.0,2026-02-16 19:35:38.039
1771288538088,2.0,2026-02-16 19:35:38.088
1771288538137,4.0,2026-02-16 19:35:38.137
1771288538187,3.0,2026-02-16 19:35:38.187
1771288538240,3.0,2026-02-16 19:35:38.240
1771288538289,4.0,2026-02-16 19:35:38.289
1771288538338,2.0,2026-02-16 19:35:38.338
1771288538387,3.0,2026-02-16 19:35:38.387
1771288538440,0.0,2026-02-16 19:35:38.440
1771288538489,1.0,2026-02-16 19:35:38.489
1771288538539,1.0,2026-02-16 19:35:38.539
1771288538588,1.0,2026-02-16 19:35:38.588
1771288538641,0.0,2026-02-16 19:35:38.641
1771288538693,4.0,2026-02-16 19:35:38.693
1771288538739,4.0,2026-02-16 19:35:38.739
1771288538788,4.0,2026-02-16 19:35:38.788
1771288538842,3.0,2026-02-16 19:35:38.842
1771288538891,3.0,2026-02-16 19:35:38.891
1771288538940,3.0,2026-02-16 19:35:38.940
1771288538989,0.0,2026-02-16 19:35:38.989
1771288539042,0.0,2026-02-16 19:35:39.042
1771288539094,1.0,2026-02-16 19:35:39.094
1771288539141,2.0,2026-02-16 19:35:39.141
1771288539195,2.0,2026-02-16 19:35:39.195
1771288539243,4.0,2026-02-16 19:35:39.243
1771288539292,5.0,2026-02-16 19:35:39.292
1771288539342,5.0,2026-02-16 19:35:39.342
1771288539395,4.0,2026-02-16 19:35:39.395
1771288539444,3.0,2026-02-16 19:35:39.444
1771288539493,4.0,2026-02-16 19:35:39.493
1771288539542,1.0,2026-02-16 19:35:39.542
1771288539595,2.0,2026-02-16 19:35:39.595
1771288539644,1.0,2026-02-16 19:35:39.644
1771288539694,4.0,2026-02-16 19:35:39.694
1771288539743,0.0,2026-02-16 19:35:39.743
1771288539796,0.0,2026-02-16 19:35:39.796
1771288539845,5.0,2026-02-16 19:35:39.845
1771288539894,6.0,2026-02-16 19:35:39.894
1771288539943,7.0,2026-02-16 19:35:39.943
1771288539997,5.0,2026-02-16 19:35:39.997
1771288540046,5.0,2026-02-16 19:35:40.046
1771288540095,3.0,2026-02-16 19:35:40.095
1771288540144,2.0,2026-02-16 19:35:40.144
1771288540197,0.0,2026-02-16 19:35:40.197
1771288540247,2.0,2026-02-16 19:35:40.247
1771288540296,4.0,2026-02-16 19:35:40.296
1771288540345,2.0,2026-02-16 19:35:40.345
1771288540398,4.0,2026-02-16 19:35:40.398
1771288540447,4.0,2026-02-16 19:35:40.447
1771288540496,6.0,2026-02-16 19:35:40.496
1771288540550,6.0,2026-02-16 19:35:40.550
1771288540599,6.0,2026-02-16 19:35:40.599
1771288540648,2.0,2026-02-16 19:35:40.648
1771288540697,4.0,2026-02-16 19:35:40.697
1771288540750,1.0,2026-02-16 19:35:40.750
1771288540800,0.0,2026-02-16 19:35:40.800
1771288540849,2.0,2026-02-16 19:35:40.849
1771288540898,2.0,2026-02-16 19:35:40.898
1771288540951,2.0,2026-02-16 19:35:40.951
1771288541002,3.0,2026-02-16 19:35:41.002
1771288541049,6.0,2026-02-16 19:35:41.049
1771288541099,5.0,2026-02-16 19:35:41.099
1771288541153,4.0,2026-02-16 19:35:41.153
1771288541201,3.0,2026-02-16 19:35:41.201
1771288541250,2.0,2026-02-16 19:35:41.250
1771288541299,2.0,2026-02-16 19:35:41.299
1771288541352,0.0,2026-02-16 19:35:41.352
1771288541402,1.0,2026-02-16 19:35:41.402
1771288541451,0.0,2026-02-16 19:35:41.451
1771288541500,3.0,2026-02-16 19:35:41.500
1771288541553,1.0,2026-02-16 19:35:41.553
1771288541602,3.0,2026-02-16 19:35:41.602
1771288541651,5.0,2026-02-16 19:35:41.651
1771288541701,5.0,2026-02-16 19:35:41.701
1771288541754,3.0,2026-02-16 19:35:41.754
1771288541803,2.0,2026-02-16 19:35:41.803
1771288541852,7.0,2026-02-16 19:35:41.852
1771288541901,2.0,2026-02-16 19:35:41.901
1771288541954,0.0,2026-02-16 19:35:41.954
1771288542004,0.0,2026-02-16 19:35:42.004
1771288542053,0.0,2026-02-16 19:35:42.053
1771288542106,1.0,2026-02-16 19:35:42.106
1771288542155,2.0,2026-02-16 19:35:42.155
1771288542204,3.0,2026-02-16 19:35:42.204
1771288542254,5.0,2026-02-16 19:35:42.254
1771288542307,5.0,2026-02-16 19:35:42.307
1771288542356,4.0,2026-02-16 19:35:42.356
1771288542405,4.0,2026-02-16 19:35:42.405
1771288542455,1.0,2026-02-16 19:35:42.455
1771288542507,3.0,2026-02-16 19:35:42.507
1771288542557,1.0,2026-02-16 19:35:42.557
1771288542606,0.0,2026-02-16 19:35:42.606
1771288542655,2.0,2026-02-16 19:35:42.655
1771288542708,2.0,2026-02-16 19:35:42.708
1771288542757,3.0,2026-02-16 19:35:42.757
1771288542807,4.0,2026-02-16 19:35:42.807
1771288542856,5.0,2026-02-16 19:35:42.856
1771288542909,3.0,2026-02-16 19:35:42.909
1771288542958,3.0,2026-02-16 19:35:42.958
1771288543007,3.0,2026-02-16 19:35:43.007
1771288543057,5.0,2026-02-16 19:35:43.057
1771288543109,2.0,2026-02-16 19:35:43.109
1771288543159,2.0,2026-02-16 19:35:43.159
1771288543208,2.0,2026-02-16 19:35:43.208
1771288543257,2.0,2026-02-16 19:35:43.257
1771288543310,4.0,2026-02-16 19:35:43.310
1771288543359,1.0,2026-02-16 19:35:43.359
1771288543409,4.0,2026-02-16 19:35:43.409
1771288543462,4.0,2026-02-16 19:35:43.462
1771288543511,7.0,2026-02-16 19:35:43.511
1771288543560,4.0,2026-02-16 19:35:43.560
1771288543609,6.0,2026-02-16 19:35:43.609
1771288543662,6.0,2026-02-16 19:35:43.662
1771288543712,2.0,2026-02-16 19:35:43.712
1771288543761,0.0,2026-02-16 19:35:43.761
1771288543810,0.0,2026-02-16 19:35:43.810
1771288543863,3.0,2026-02-16 19:35:43.863
1771288543912,3.0,2026-02-16 19:35:43.912
1771288543962,1.0,2026-02-16 19:35:43.962
1771288544011,2.0,2026-02-16 19:35:44.011
1771288544064,8.0,2026-02-16 19:35:44.064
1771288544115,5.0,2026-02-16 19:35:44.115
1771288544174,5.0,2026-02-16 19:35:44.174
1771288544211,5.0,2026-02-16 19:35:44.211
1771288544265,5.0,2026-02-16 19:35:44.265
1771288544314,7.0,2026-02-16 19:35:44.314
1771288544363,2.0,2026-02-16 19:35:44.363
1771288544412,3.0,2026-02-16 19:35:44.412
1771288544465,2.0,2026-02-16 19:35:44.465
1771288544514,3.0,2026-02-16 19:35:44.514
1771288544564,0.0,2026-02-16 19:35:44.564
1771288544613,2.0,2026-02-16 19:35:44.613
1771288544667,3.0,2026-02-16 19:35:44.667
1771288544715,4.0,2026-02-16 19:35:44.715
1771288544764,4.0,2026-02-16 19:35:44.764
1771288544814,3.0,2026-02-16 19:35:44.814
1771288544867,7.0,2026-02-16 19:35:44.867
1771288544916,4.0,2026-02-16 19:35:44.916
1771288544965,4.0,2026-02-16 19:35:44.965
1771288545018,0.0,2026-02-16 19:35:45.018
1771288545067,6.0,2026-02-16 19:35:45.067
1771288545117,2.0,2026-02-16 19:35:45.117
1771288545166,0.0,2026-02-16 19:35:45.166
1771288545219,0.0,2026-02-16 19:35:45.219
1771288545268,1.0,2026-02-16 19:35:45.268
1771288545317,5.0,2026-02-16 19:35:45.317
1771288545366,3.0,2026-02-16 19:35:45.366
1771288545420,5.0,2026-02-16 19:35:45.420
1771288545469,3.0,2026-02-16 19:35:45.469
1771288545518,5.0,2026-02-16 19:35:45.518
1771288545567,3.0,2026-02-16 19:35:45.567
1771288545620,1.0,2026-02-16 19:35:45.620
1771288545669,3.0,2026-02-16 19:35:45.669
1771288545719,1.0,2026-02-16 19:35:45.719
1771288545768,1.0,2026-02-16 19:35:45.768
1771288545821,0.0,2026-02-16 19:35:45.821
1771288545870,0.0,2026-02-16 19:35:45.870
1771288545919,2.0,2026-02-16 19:35:45.919
1771288545969,1.0,2026-02-16 19:35:45.969
1771288546022,3.0,2026-02-16 19:35:46.022
1771288546071,2.0,2026-02-16 19:35:46.071
1771288546120,4.0,2026-02-16 19:35:46.120
1771288546169,4.0,2026-02-16 19:35:46.169
1771288546222,3.0,2026-02-16 19:35:46.222
1771288546271,2.0,2026-02-16 19:35:46.271
1771288546321,4.0,2026-02-16 19:35:46.321
1771288546374,1.0,2026-02-16 19:35:46.374
1771288546423,0.0,2026-02-16 19:35:46.423
1771288546472,0.0,2026-02-16 19:35:46.472
1771288546521,1.0,2026-02-16 19:35:46.521
1771288546575,4.0,2026-02-16 19:35:46.575
1771288546624,0.0,2026-02-16 19:35:46.624
1771288546673,3.0,2026-02-16 19:35:46.673
1771288546722,3.0,2026-02-16 19:35:46.722
1771288546775,4.0,2026-02-16 19:35:46.775
1771288546825,4.0,2026-02-16 19:35:46.825
1771288546874,3.0,2026-02-16 19:35:46.874
1771288546923,5.0,2026-02-16 19:35:46.923
1771288546976,3.0,2026-02-16 19:35:46.976
1771288547025,4.0,2026-02-16 19:35:47.025
1771288547075,0.0,2026-02-16 19:35:47.075
1771288547124,0.0,2026-02-16 19:35:47.124
1771288547177,0.0,2026-02-16 19:35:47.177
1771288547227,1.0,2026-02-16 19:35:47.227
1771288547275,1.0,2026-02-16 19:35:47.275
1771288547325,2.0,2026-02-16 19:35:47.325
1771288547378,4.0,2026-02-16 19:35:47.378
1771288547427,3.0,2026-02-16 19:35:47.427
1771288547478,4.0,2026-02-16 19:35:47.478
1771288547525,3.0,2026-02-16 19:35:47.525
1771288547579,6.0,2026-02-16 19:35:47.579
1771288547628,3.0,2026-02-16 19:35:47.628
1771288547677,4.0,2026-02-16 19:35:47.677
1771288547727,1.0,2026-02-16 19:35:47.727
1771288547779,2.0,2026-02-16 19:35:47.779
1771288547829,2.0,2026-02-16 19:35:47.829
1771288547881,1.0,2026-02-16 19:35:47.881
1771288547930,0.0,2026-02-16 19:35:47.930
1771288547980,0.0,2026-02-16 19:35:47.980
1771288548029,1.0,2026-02-16 19:35:48.029
1771288548078,2.0,2026-02-16 19:35:48.078
1771288548131,2.0,2026-02-16 19:35:48.131
1771288548181,4.0,2026-02-16 19:35:48.181
1771288548230,5.0,2026-02-16 19:35:48.230
1771288548280,6.0,2026-02-16 19:35:48.280
1771288548332,4.0,2026-02-16 19:35:48.332
1771288548381,4.0,2026-02-16 19:35:48.381
1771288548430,3.0,2026-02-16 19:35:48.430
1771288548480,4.0,2026-02-16 19:35:48.480
1771288548532,1.0,2026-02-16 19:35:48.532
1771288548582,1.0,2026-02-16 19:35:48.582
1771288548631,2.0,2026-02-16 19:35:48.631
1771288548680,2.0,2026-02-16 19:35:48.680
1771288548733,0.0,2026-02-16 19:35:48.733
1771288548782,0.0,2026-02-16 19:35:48.782
1771288548832,3.0,2026-02-16 19:35:48.832
1771288548881,4.0,2026-02-16 19:35:48.881
1771288548934,5.0,2026-02-16 19:35:48.934
1771288548983,4.0,2026-02-16 19:35:48.983
1771288549032,3.0,2026-02-16 19:35:49.032
1771288549081,5.0,2026-02-16 19:35:49.081
1771288549135,4.0,2026-02-16 19:35:49.135
1771288549184,3.0,2026-02-16 19:35:49.184
1771288549233,2.0,2026-02-16 19:35:49.233
1771288549286,2.0,2026-02-16 19:35:49.286
1771288549335,2.0,2026-02-16 19:35:49.335
1771288549385,2.0,2026-02-16 19:35:49.385
1771288549434,0.0,2026-02-16 19:35:49.434
1771288549487,2.0,2026-02-16 19:35:49.487
1771288549536,4.0,2026-02-16 19:35:49.536
1771288549585,2.0,2026-02-16 19:35:49.585
1771288549634,4.0,2026-02-16 19:35:49.634
1771288549687,2.0,2026-02-16 19:35:49.687
1771288549737,6.0,2026-02-16 19:35:49.737
1771288549786,5.0,2026-02-16 19:35:49.786
1771288549835,4.0,2026-02-16 19:35:49.835
1771288549888,6.0,2026-02-16 19:35:49.888
1771288549937,4.0,2026-02-16 19:35:49.937
1771288549987,5.0,2026-02-16 19:35:49.987
1771288550036,2.0,2026-02-16 19:35:50.036
1771288550089,2.0,2026-02-16 19:35:50.089
1771288550138,0.0,2026-02-16 19:35:50.138
1771288550187,1.0,2026-02-16 19:35:50.187
1771288550236,1.0,2026-02-16 19:35:50.236
1771288550289,0.0,2026-02-16 19:35:50.289
1771288550339,2.0,2026-02-16 19:35:50.339
1771288550388,3.0,2026-02-16 19:35:50.388
1771288550437,3.0,2026-02-16 19:35:50.437
1771288550490,2.0,2026-02-16 19:35:50.490
1771288550539,6.0,2026-02-16 19:35:50.539
1771288550589,4.0,2026-02-16 19:35:50.589
1771288550638,6.0,2026-02-16 19:35:50.638
1771288550691,5.0,2026-02-16 19:35:50.691
1771288550740,4.0,2026-02-16 19:35:50.740
1771288550789,3.0,2026-02-16 19:35:50.789
1771288550842,2.0,2026-02-16 19:35:50.842
1771288550892,4.0,2026-02-16 19:35:50.892
1771288550941,0.0,2026-02-16 19:35:50.941
1771288550990,1.0,2026-02-16 19:35:50.990
1771288551043,2.0,2026-02-16 19:35:51.043
1771288551092,2.0,2026-02-16 19:35:51.092
1771288551142,3.0,2026-02-16 19:35:51.142
1771288551191,2.0,2026-02-16 19:35:51.191
1771288551244,7.0,2026-02-16 19:35:51.244
1771288551293,3.0,2026-02-16 19:35:51.293
1771288551342,6.0,2026-02-16 19:35:51.342
1771288551391,4.0,2026-02-16 19:35:51.391
1771288551445,4.0,2026-02-16 19:35:51.445
1771288551494,5.0,2026-02-16 19:35:51.494
1771288551543,5.0,2026-02-16 19:35:51.543
1771288551592,4.0,2026-02-16 19:35:51.592
1771288551646,2.0,2026-02-16 19:35:51.646
1771288551695,5.0,2026-02-16 19:35:51.695
1771288551745,3.0,2026-02-16 19:35:51.745
1771288551794,2.0,2026-02-16 19:35:51.794
1771288551846,0.0,2026-02-16 19:35:51.846
1771288551895,2.0,2026-02-16 19:35:51.895
1771288551945,3.0,2026-02-16 19:35:51.945
1771288551995,3.0,2026-02-16 19:35:51.995
1771288552047,3.0,2026-02-16 19:35:52.047
1771288552096,2.0,2026-02-16 19:35:52.096
1771288552146,4.0,2026-02-16 19:35:52.146
1771288552198,5.0,2026-02-16 19:35:52.198
1771288552248,6.0,2026-02-16 19:35:52.248
1771288552297,4.0,2026-02-16 19:35:52.297
1771288552347,3.0,2026-02-16 19:35:52.347
1771288552399,5.0,2026-02-16 19:35:52.399
1771288552448,3.0,2026-02-16 19:35:52.448
1771288552497,5.0,2026-02-16 19:35:52.497
1771288552547,2.0,2026-02-16 19:35:52.547
1771288552600,3.0,2026-02-16 19:35:52.600
1771288552649,2.0,2026-02-16 19:35:52.649
1771288552698,1.0,2026-02-16 19:35:52.698
1771288552747,1.0,2026-02-16 19:35:52.747
1771288552800,2.0,2026-02-16 19:35:52.800
1771288552850,4.0,2026-02-16 19:35:52.850
1771288552899,3.0,2026-02-16 19:35:52.899
1771288552948,2.0,2026-02-16 19:35:52.948
1771288553001,2.0,2026-02-16 19:35:53.001
1771288553050,5.0,2026-02-16 19:35:53.050
1771288553099,6.0,2026-02-16 19:35:53.099
1771288553149,7.0,2026-02-16 19:35:53.149
1771288553202,4.0,2026-02-16 19:35:53.202
1771288553251,3.0,2026-02-16 19:35:53.251
1771288553300,5.0,2026-02-16 19:35:53.300
1771288553349,4.0,2026-02-16 19:35:53.349
1771288553413,2.0,2026-02-16 19:35:53.413
1771288553452,2.0,2026-02-16 19:35:53.452
1771288553501,0.0,2026-02-16 19:35:53.501
1771288553550,3.0,2026-02-16 19:35:53.550
1771288553603,0.0,2026-02-16 19:35:53.603
1771288553652,2.0,2026-02-16 19:35:53.652
1771288553703,0.0,2026-02-16 19:35:53.703
1771288553755,3.0,2026-02-16 19:35:53.755
1771288553804,3.0,2026-02-16 19:35:53.804
1771288553853,3.0,2026-02-16 19:35:53.853
1771288553902,3.0,2026-02-16 19:35:53.902
1771288553955,3.0,2026-02-16 19:35:53.955
1771288554005,5.0,2026-02-16 19:35:54.005
1771288554054,4.0,2026-02-16 19:35:54.054
1771288554103,3.0,2026-02-16 19:35:54.103
1771288554156,2.0,2026-02-16 19:35:54.156
1771288554205,4.0,2026-02-16 19:35:54.205
1771288554254,4.0,2026-02-16 19:35:54.254
1771288554304,2.0,2026-02-16 19:35:54.304
1771288554357,2.0,2026-02-16 19:35:54.357
1771288554406,0.0,2026-02-16 19:35:54.406
1771288554455,2.0,2026-02-16 19:35:54.455
1771288554504,1.0,2026-02-16 19:35:54.504
1771288554557,1.0,2026-02-16 19:35:54.557
1771288554607,0.0,2026-02-16 19:35:54.607
1771288554656,2.0,2026-02-16 19:35:54.656
1771288554705,3.0,2026-02-16 19:35:54.705
1771288554758,3.0,2026-02-16 19:35:54.758
1771288554807,4.0,2026-02-16 19:35:54.807
1771288554856,3.0,2026-02-16 19:35:54.856
1771288554906,6.0,2026-02-16 19:35:54.906
1771288554959,5.0,2026-02-16 19:35:54.959
1771288555008,4.0,2026-02-16 19:35:55.008
1771288555057,4.0,2026-02-16 19:35:55.057
1771288555110,2.0,2026-02-16 19:35:55.110
1771288555160,4.0,2026-02-16 19:35:55.160
1771288555209,0.0,2026-02-16 19:35:55.209
1771288555258,0.0,2026-02-16 19:35:55.258
1771288555311,0.0,2026-02-16 19:35:55.311
1771288555360,2.0,2026-02-16 19:35:55.360
1771288555409,1.0,2026-02-16 19:35:55.409
1771288555459,0.0,2026-02-16 19:35:55.459
1771288555512,1.0,2026-02-16 19:35:55.512
1771288555561,0.0,2026-02-16 19:35:55.561
1771288555610,3.0,2026-02-16 19:35:55.610
1771288555659,2.0,2026-02-16 19:35:55.659
1771288555713,4.0,2026-02-16 19:35:55.713
1771288555762,2.0,2026-02-16 19:35:55.762
1771288555811,3.0,2026-02-16 19:35:55.811
1771288555860,5.0,2026-02-16 19:35:55.860
1771288555913,4.0,2026-02-16 19:35:55.913
1771288555962,4.0,2026-02-16 19:35:55.962
1771288556012,1.0,2026-02-16 19:35:56.012
1771288556061,4.0,2026-02-16 19:35:56.061
1771288556114,4.0,2026-02-16 19:35:56.114
1771288556163,2.0,2026-02-16 19:35:56.163
1771288556212,1.0,2026-02-16 19:35:56.212
1771288556262,1.0,2026-02-16 19:35:56.262
1771288556315,1.0,2026-02-16 19:35:56.315
1771288556364,1.0,2026-02-16 19:35:56.364
1771288556413,1.0,2026-02-16 19:35:56.413
1771288556462,1.0,2026-02-16 19:35:56.462
1771288556515,1.0,2026-02-16 19:35:56.515
1771288556565,3.0,2026-02-16 19:35:56.565
1771288556614,2.0,2026-02-16 19:35:56.614
1771288556667,2.0,2026-02-16 19:35:56.667
1771288556716,2.0,2026-02-16 19:35:56.716
1771288556765,6.0,2026-02-16 19:35:56.765
1771288556815,4.0,2026-02-16 19:35:56.815
1771288556868,5.0,2026-02-16 19:35:56.868
1771288556917,4.0,2026-02-16 19:35:56.917
1771288556966,3.0,2026-02-16 19:35:56.966
1771288557015,5.0,2026-02-16 19:35:57.015
1771288557068,2.0,2026-02-16 19:35:57.068
1771288557117,3.0,2026-02-16 19:35:57.117
1771288557167,2.0,2026-02-16 19:35:57.167
1771288557216,1.0,2026-02-16 19:35:57.216
1771288557269,2.0,2026-02-16 19:35:57.269
1771288557318,0.0,2026-02-16 19:35:57.318
1771288557367,0.0,2026-02-16 19:35:57.367
1771288557417,0.0,2026-02-16 19:35:57.417
1771288557470,0.0,2026-02-16 19:35:57.470
1771288557519,0.0,2026-02-16 19:35:57.519
1771288557568,1.0,2026-02-16 19:35:57.568
1771288557617,2.0,2026-02-16 19:35:57.617
1771288557670,1.0,2026-02-16 19:35:57.670
1771288557719,3.0,2026-02-16 19:35:57.719
1771288557769,4.0,2026-02-16 19:35:57.769
1771288557818,4.0,2026-02-16 19:35:57.818
1771288557871,2.0,2026-02-16 19:35:57.871
1771288557922,4.0,2026-02-16 19:35:57.922
1771288557970,5.0,2026-02-16 19:35:57.970
1771288558019,3.0,2026-02-16 19:35:58.019
1771288558072,3.0,2026-02-16 19:35:58.072
1771288558121,1.0,2026-02-16 19:35:58.121
1771288558170,3.0,2026-02-16 19:35:58.170
1771288558223,2.0,2026-02-16 19:35:58.223
1771288558272,3.0,2026-02-16 19:35:58.272
1771288558322,0.0,2026-02-16 19:35:58.322
1771288558371,0.0,2026-02-16 19:35:58.371
1771288558424,2.0,2026-02-16 19:35:58.424
1771288558473,2.0,2026-02-16 19:35:58.473
1771288558522,3.0,2026-02-16 19:35:58.522
1771288558572,1.0,2026-02-16 19:35:58.572
1771288558625,3.0,2026-02-16 19:35:58.625
1771288558674,4.0,2026-02-16 19:35:58.674
1771288558723,3.0,2026-02-16 19:35:58.723
1771288558772,4.0,2026-02-16 19:35:58.772
1771288558825,1.0,2026-02-16 19:35:58.825
1771288558874,5.0,2026-02-16 19:35:58.874
1771288558924,4.0,2026-02-16 19:35:58.924
1771288558973,6.0,2026-02-16 19:35:58.973
1771288559026,5.0,2026-02-16 19:35:59.026
1771288559075,4.0,2026-02-16 19:35:59.075
1771288559124,4.0,2026-02-16 19:35:59.124
1771288559174,4.0,2026-02-16 19:35:59.174
1771288559227,5.0,2026-02-16 19:35:59.227
1771288559276,2.0,2026-02-16 19:35:59.276
1771288559325,3.0,2026-02-16 19:35:59.325
1771288559374,4.0,2026-02-16 19:35:59.374
1771288559428,2.0,2026-02-16 19:35:59.428
1771288559477,2.0,2026-02-16 19:35:59.477
1771288559526,0.0,2026-02-16 19:35:59.526
1771288559579,1.0,2026-02-16 19:35:59.579
1771288559628,1.0,2026-02-16 19:35:59.628
1771288559677,4.0,2026-02-16 19:35:59.677
1771288559726,2.0,2026-02-16 19:35:59.726
1771288559780,2.0,2026-02-16 19:35:59.780
1771288559829,2.0,2026-02-16 19:35:59.829
1771288559878,4.0,2026-02-16 19:35:59.878
1771288559927,8.0,2026-02-16 19:35:59.927
1771288559980,3.0,2026-02-16 19:35:59.980
1771288560029,4.0,2026-02-16 19:36:00.029
1771288560079,4.0,2026-02-16 19:36:00.079
1771288560128,4.0,2026-02-16 19:36:00.128
1771288560181,5.0,2026-02-16 19:36:00.181
1771288560230,4.0,2026-02-16 19:36:00.230
1771288560282,5.0,2026-02-16 19:36:00.282
1771288560329,3.0,2026-02-16 19:36:00.329
1771288560382,3.0,2026-02-16 19:36:00.382
1771288560431,3.0,2026-02-16 19:36:00.431
1771288560480,2.0,2026-02-16 19:36:00.480
1771288560529,1.0,2026-02-16 19:36:00.529
1771288560582,0.0,2026-02-16 19:36:00.582
1771288560632,2.0,2026-02-16 19:36:00.632
1771288560681,0.0,2026-02-16 19:36:00.681
1771288560730,1.0,2026-02-16 19:36:00.730
1771288560783,0.0,2026-02-16 19:36:00.783
1771288560832,0.0,2026-02-16 19:36:00.832
1771288560882,2.0,2026-02-16 19:36:00.882
1771288560931,1.0,2026-02-16 19:36:00.931
1771288560984,3.0,2026-02-16 19:36:00.984
1771288561033,0.0,2026-02-16 19:36:01.033
1771288561082,4.0,2026-02-16 19:36:01.082
1771288561135,4.0,2026-02-16 19:36:01.135
1771288561185,4.0,2026-02-16 19:36:01.185
1771288561234,4.0,2026-02-16 19:36:01.234
1771288561283,3.0,2026-02-16 19:36:01.283
1771288561336,4.0,2026-02-16 19:36:01.336
1771288561385,4.0,2026-02-16 19:36:01.385
1771288561435,4.0,2026-02-16 19:36:01.435
1771288561484,3.0,2026-02-16 19:36:01.484
1771288561537,3.0,2026-02-16 19:36:01.537
1771288561586,3.0,2026-02-16 19:36:01.586
1771288561635,3.0,2026-02-16 19:36:01.635
1771288561685,3.0,2026-02-16 19:36:01.685
1771288561738,0.0,2026-02-16 19:36:01.738
1771288561787,1.0,2026-02-16 19:36:01.787
1771288561836,0.0,2026-02-16 19:36:01.836
1771288561885,0.0,2026-02-16 19:36:01.885
1771288561938,2.0,2026-02-16 19:36:01.938
1771288561987,0.0,2026-02-16 19:36:01.987
1771288562037,0.0,2026-02-16 19:36:02.037
1771288562086,0.0,2026-02-16 19:36:02.086
1771288562139,1.0,2026-02-16 19:36:02.139
1771288562188,2.0,2026-02-16 19:36:02.188
1771288562238,2.0,2026-02-16 19:36:02.238
1771288562287,4.0,2026-02-16 19:36:02.287
1771288562340,3.0,2026-02-16 19:36:02.340
1771288562389,4.0,2026-02-16 19:36:02.389
1771288562438,4.0,2026-02-16 19:36:02.438
1771288562491,4.0,2026-02-16 19:36:02.491
1771288562540,5.0,2026-02-16 19:36:02.540
1771288562590,4.0,2026-02-16 19:36:02.590
1771288562639,6.0,2026-02-16 19:36:02.639
1771288562692,4.0,2026-02-16 19:36:02.692
1771288562741,5.0,2026-02-16 19:36:02.741
1771288562790,3.0,2026-02-16 19:36:02.790
1771288562839,4.0,2026-02-16 19:36:02.839
1771288562893,5.0,2026-02-16 19:36:02.893
1771288562942,4.0,2026-02-16 19:36:02.942
1771288562991,2.0,2026-02-16 19:36:02.991
1771288563040,1.0,2026-02-16 19:36:03.040
1771288563093,2.0,2026-02-16 19:36:03.093
1771288563142,3.0,2026-02-16 19:36:03.142
1771288563192,4.0,2026-02-16 19:36:03.192
1771288563241,1.0,2026-02-16 19:36:03.241
1771288563294,0.0,2026-02-16 19:36:03.294
1771288563343,2.0,2026-02-16 19:36:03.343
1771288563392,2.0,2026-02-16 19:36:03.392
1771288563441,0.0,2026-02-16 19:36:03.441
1771288563495,1.0,2026-02-16 19:36:03.495
1771288563544,2.0,2026-02-16 19:36:03.544
1771288563593,2.0,2026-02-16 19:36:03.593
1771288563642,3.0,2026-02-16 19:36:03.642
1771288563695,5.0,2026-02-16 19:36:03.695
1771288563745,3.0,2026-02-16 19:36:03.745
1771288563794,3.0,2026-02-16 19:36:03.794
1771288563847,3.0,2026-02-16 19:36:03.847
1771288563896,5.0,2026-02-16 19:36:03.896
1771288563945,5.0,2026-02-16 19:36:03.945
1771288563994,4.0,2026-02-16 19:36:03.994
1771288564047,5.0,2026-02-16 19:36:04.047
1771288564097,2.0,2026-02-16 19:36:04.097
1771288564146,5.0,2026-02-16 19:36:04.146
1771288564195,4.0,2026-02-16 19:36:04.195
1771288564248,5.0,2026-02-16 19:36:04.248
1771288564297,2.0,2026-02-16 19:36:04.297
1771288564347,2.0,2026-02-16 19:36:04.347
1771288564396,4.0,2026-02-16 19:36:04.396
1771288564449,3.0,2026-02-16 19:36:04.449
1771288564498,2.0,2026-02-16 19:36:04.498
1771288564547,0.0,2026-02-16 19:36:04.547
1771288564596,0.0,2026-02-16 19:36:04.596
1771288564650,4.0,2026-02-16 19:36:04.650
1771288564699,1.0,2026-02-16 19:36:04.699
1771288564748,2.0,2026-02-16 19:36:04.748
1771288564797,0.0,2026-02-16 19:36:04.797
1771288564850,1.0,2026-02-16 19:36:04.850
1771288564899,2.0,2026-02-16 19:36:04.899
1771288564949,3.0,2026-02-16 19:36:04.949
1771288564998,4.0,2026-02-16 19:36:04.998
1771288565051,2.0,2026-02-16 19:36:05.051
1771288565100,3.0,2026-02-16 19:36:05.100
1771288565149,3.0,2026-02-16 19:36:05.149
1771288565199,6.0,2026-02-16 19:36:05.199
1771288565252,5.0,2026-02-16 19:36:05.252
1771288565301,6.0,2026-02-16 19:36:05.301
1771288565350,5.0,2026-02-16 19:36:05.350
1771288565403,4.0,2026-02-16 19:36:05.403
1771288565452,6.0,2026-02-16 19:36:05.452
1771288565502,4.0,2026-02-16 19:36:05.502
1771288565551,4.0,2026-02-16 19:36:05.551
1771288565604,4.0,2026-02-16 19:36:05.604
1771288565653,3.0,2026-02-16 19:36:05.653
1771288565703,6.0,2026-02-16 19:36:05.703
1771288565752,3.0,2026-02-16 19:36:05.752
1771288565805,4.0,2026-02-16 19:36:05.805
1771288565854,2.0,2026-02-16 19:36:05.854
1771288565903,2.0,2026-02-16 19:36:05.903
1771288565953,3.0,2026-02-16 19:36:05.953
1771288566005,1.0,2026-02-16 19:36:06.005
1771288566055,2.0,2026-02-16 19:36:06.055
1771288566104,0.0,2026-02-16 19:36:06.104
1771288566153,0.0,2026-02-16 19:36:06.153
1771288566206,0.0,2026-02-16 19:36:06.206
1771288566255,1.0,2026-02-16 19:36:06.255
1771288566305,1.0,2026-02-16 19:36:06.305
1771288566354,0.0,2026-02-16 19:36:06.354
1771288566407,0.0,2026-02-16 19:36:06.407
1771288566456,0.0,2026-02-16 19:36:06.456
1771288566505,2.0,2026-02-16 19:36:06.505
1771288566554,3.0,2026-02-16 19:36:06.554
1771288566607,2.0,2026-02-16 19:36:06.607
1771288566657,2.0,2026-02-16 19:36:06.657
1771288566706,1.0,2026-02-16 19:36:06.706
1771288566755,5.0,2026-02-16 19:36:06.755
1771288566808,3.0,2026-02-16 19:36:06.808
1771288566858,4.0,2026-02-16 19:36:06.858
1771288566907,4.0,2026-02-16 19:36:06.907
1771288566960,3.0,2026-02-16 19:36:06.960
1771288567009,5.0,2026-02-16 19:36:07.009
1771288567058,4.0,2026-02-16 19:36:07.058
1771288567107,4.0,2026-02-16 19:36:07.107
1771288567160,3.0,2026-02-16 19:36:07.160
1771288567210,2.0,2026-02-16 19:36:07.210
1771288567259,4.0,2026-02-16 19:36:07.259
1771288567308,3.0,2026-02-16 19:36:07.308
1771288567362,3.0,2026-02-16 19:36:07.362
1771288567410,2.0,2026-02-16 19:36:07.410
1771288567460,3.0,2026-02-16 19:36:07.460
1771288567509,6.0,2026-02-16 19:36:07.509
1771288567563,3.0,2026-02-16 19:36:07.563
1771288567611,2.0,2026-02-16 19:36:07.611
1771288567661,4.0,2026-02-16 19:36:07.661
1771288567710,1.0,2026-02-16 19:36:07.710
1771288567763,0.0,2026-02-16 19:36:07.763
1771288567812,2.0,2026-02-16 19:36:07.812
1771288567861,2.0,2026-02-16 19:36:07.861
1771288567910,1.0,2026-02-16 19:36:07.910
1771288567963,1.0,2026-02-16 19:36:07.963
1771288568012,0.0,2026-02-16 19:36:08.012
1771288568062,3.0,2026-02-16 19:36:08.062
1771288568111,3.0,2026-02-16 19:36:08.111
1771288568164,3.0,2026-02-16 19:36:08.164
1771288568213,2.0,2026-02-16 19:36:08.213
1771288568262,2.0,2026-02-16 19:36:08.262
1771288568315,5.0,2026-02-16 19:36:08.315
1771288568365,5.0,2026-02-16 19:36:08.365
1771288568414,5.0,2026-02-16 19:36:08.414
1771288568463,4.0,2026-02-16 19:36:08.463
1771288568516,5.0,2026-02-16 19:36:08.516
1771288568565,6.0,2026-02-16 19:36:08.565
1771288568614,5.0,2026-02-16 19:36:08.614
1771288568664,7.0,2026-02-16 19:36:08.664
1771288568717,4.0,2026-02-16 19:36:08.717
1771288568766,5.0,2026-02-16 19:36:08.766
1771288568815,3.0,2026-02-16 19:36:08.815
1771288568864,5.0,2026-02-16 19:36:08.864
1771288568917,5.0,2026-02-16 19:36:08.917
1771288568967,3.0,2026-02-16 19:36:08.967
1771288569016,4.0,2026-02-16 19:36:09.016
1771288569065,3.0,2026-02-16 19:36:09.065
1771288569118,4.0,2026-02-16 19:36:09.118
1771288569167,4.0,2026-02-16 19:36:09.167
1771288569217,2.0,2026-02-16 19:36:09.217
1771288569266,2.0,2026-02-16 19:36:09.266
1771288569319,0.0,2026-02-16 19:36:09.319
1771288569368,1.0,2026-02-16 19:36:09.368
1771288569417,1.0,2026-02-16 19:36:09.417
1771288569466,2.0,2026-02-16 19:36:09.466
1771288569520,0.0,2026-02-16 19:36:09.520
1771288569569,0.0,2026-02-16 19:36:09.569
1771288569618,1.0,2026-02-16 19:36:09.618
1771288569667,0.0,2026-02-16 19:36:09.667
1771288569720,1.0,2026-02-16 19:36:09.720
1771288569771,1.0,2026-02-16 19:36:09.771
1771288569819,1.0,2026-02-16 19:36:09.819
1771288569872,1.0,2026-02-16 19:36:09.872
1771288569921,1.0,2026-02-16 19:36:09.921
1771288569970,3.0,2026-02-16 19:36:09.970
1771288570020,2.0,2026-02-16 19:36:10.020
1771288570073,4.0,2026-02-16 19:36:10.073
1771288570122,3.0,2026-02-16 19:36:10.122
1771288570171,3.0,2026-02-16 19:36:10.171
1771288570221,6.0,2026-02-16 19:36:10.221
1771288570273,8.0,2026-02-16 19:36:10.273
1771288570322,5.0,2026-02-16 19:36:10.322
1771288570372,4.0,2026-02-16 19:36:10.372
1771288570421,6.0,2026-02-16 19:36:10.421
1771288570474,5.0,2026-02-16 19:36:10.474
1771288570523,5.0,2026-02-16 19:36:10.523
1771288570573,5.0,2026-02-16 19:36:10.573
1771288570622,3.0,2026-02-16 19:36:10.622
1771288570675,4.0,2026-02-16 19:36:10.675
1771288570724,4.0,2026-02-16 19:36:10.724
1771288570773,4.0,2026-02-16 19:36:10.773
1771288570822,3.0,2026-02-16 19:36:10.822
1771288570875,2.0,2026-02-16 19:36:10.875
1771288570925,3.0,2026-02-16 19:36:10.925
1771288570974,1.0,2026-02-16 19:36:10.974
1771288571023,3.0,2026-02-16 19:36:11.023
1771288571076,1.0,2026-02-16 19:36:11.076
1771288571125,0.0,2026-02-16 19:36:11.125
1771288571174,0.0,2026-02-16 19:36:11.174
1771288571228,2.0,2026-02-16 19:36:11.228
1771288571277,2.0,2026-02-16 19:36:11.277
1771288571326,0.0,2026-02-16 19:36:11.326
1771288571375,1.0,2026-02-16 19:36:11.375
1771288571428,0.0,2026-02-16 19:36:11.428
1771288571478,0.0,2026-02-16 19:36:11.478
1771288571527,2.0,2026-02-16 19:36:11.527
1771288571576,2.0,2026-02-16 19:36:11.576
1771288571631,1.0,2026-02-16 19:36:11.631
1771288571678,0.0,2026-02-16 19:36:11.678
1771288571728,2.0,2026-02-16 19:36:11.728
1771288571777,2.0,2026-02-16 19:36:11.777
1771288571831,3.0,2026-02-16 19:36:11.831
1771288571879,5.0,2026-02-16 19:36:11.879
1771288571928,4.0,2026-02-16 19:36:11.928
1771288571977,3.0,2026-02-16 19:36:11.977
1771288572030,4.0,2026-02-16 19:36:12.030
1771288572080,5.0,2026-02-16 19:36:12.080
1771288572129,8.0,2026-02-16 19:36:12.129
1771288572178,5.0,2026-02-16 19:36:12.178
1771288572231,6.0,2026-02-16 19:36:12.231
1771288572280,4.0,2026-02-16 19:36:12.280
1771288572329,6.0,2026-02-16 19:36:12.329
1771288572379,6.0,2026-02-16 19:36:12.379
1771288572432,5.0,2026-02-16 19:36:12.432
1771288572481,6.0,2026-02-16 19:36:12.481
1771288572530,3.0,2026-02-16 19:36:12.530
1771288572579,5.0,2026-02-16 19:36:12.579
1771288572632,4.0,2026-02-16 19:36:12.632
1771288572682,3.0,2026-02-16 19:36:12.682
1771288572731,4.0,2026-02-16 19:36:12.731
1771288572784,1.0,2026-02-16 19:36:12.784
1771288572833,1.0,2026-02-16 19:36:12.833
1771288572882,2.0,2026-02-16 19:36:12.882
1771288572932,4.0,2026-02-16 19:36:12.932
1771288572985,0.0,2026-02-16 19:36:12.985
1771288573034,1.0,2026-02-16 19:36:13.034
1771288573087,1.0,2026-02-16 19:36:13.087
1771288573132,1.0,2026-02-16 19:36:13.132
1771288573185,2.0,2026-02-16 19:36:13.185
1771288573235,0.0,2026-02-16 19:36:13.235
1771288573284,2.0,2026-02-16 19:36:13.284
1771288573333,0.0,2026-02-16 19:36:13.333
1771288573386,0.0,2026-02-16 19:36:13.386
1771288573435,2.0,2026-02-16 19:36:13.435
1771288573484,3.0,2026-02-16 19:36:13.484
1771288573534,2.0,2026-02-16 19:36:13.534
1771288573587,1.0,2026-02-16 19:36:13.587
1771288573636,5.0,2026-02-16 19:36:13.636
1771288573685,2.0,2026-02-16 19:36:13.685
1771288573734,3.0,2026-02-16 19:36:13.734
1771288573788,4.0,2026-02-16 19:36:13.788
1771288573837,2.0,2026-02-16 19:36:13.837
1771288573886,3.0,2026-02-16 19:36:13.886
1771288573935,4.0,2026-02-16 19:36:13.935
1771288573988,7.0,2026-02-16 19:36:13.988
1771288574037,3.0,2026-02-16 19:36:14.037
1771288574087,5.0,2026-02-16 19:36:14.087
1771288574140,5.0,2026-02-16 19:36:14.140
1771288574189,2.0,2026-02-16 19:36:14.189
1771288574238,6.0,2026-02-16 19:36:14.238
1771288574287,6.0,2026-02-16 19:36:14.287
1771288574341,5.0,2026-02-16 19:36:14.341
1771288574390,5.0,2026-02-16 19:36:14.390
1771288574439,5.0,2026-02-16 19:36:14.439
1771288574488,4.0,2026-02-16 19:36:14.488
1771288574541,3.0,2026-02-16 19:36:14.541
1771288574590,5.0,2026-02-16 19:36:14.590
1771288574640,4.0,2026-02-16 19:36:14.640
1771288574689,3.0,2026-02-16 19:36:14.689
1771288574742,5.0,2026-02-16 19:36:14.742
1771288574791,2.0,2026-02-16 19:36:14.791
1771288574840,4.0,2026-02-16 19:36:14.840
1771288574890,3.0,2026-02-16 19:36:14.890
1771288574943,2.0,2026-02-16 19:36:14.943
1771288574992,1.0,2026-02-16 19:36:14.992
1771288575041,2.0,2026-02-16 19:36:15.041
1771288575090,2.0,2026-02-16 19:36:15.090
1771288575144,1.0,2026-02-16 19:36:15.144
1771288575193,2.0,2026-02-16 19:36:15.193
1771288575242,0.0,2026-02-16 19:36:15.242
1771288575291,0.0,2026-02-16 19:36:15.291
1771288575344,2.0,2026-02-16 19:36:15.344
1771288575396,1.0,2026-02-16 19:36:15.396
1771288575442,1.0,2026-02-16 19:36:15.442
1771288575491,0.0,2026-02-16 19:36:15.491
1771288575546,0.0,2026-02-16 19:36:15.546
1771288575595,0.0,2026-02-16 19:36:15.595
1771288575643,1.0,2026-02-16 19:36:15.643
1771288575696,0.0,2026-02-16 19:36:15.696
1771288575745,1.0,2026-02-16 19:36:15.745
1771288575795,3.0,2026-02-16 19:36:15.795
1771288575844,2.0,2026-02-16 19:36:15.844
1771288575897,1.0,2026-02-16 19:36:15.897
1771288575946,3.0,2026-02-16 19:36:15.946
1771288575995,2.0,2026-02-16 19:36:15.995
1771288576044,4.0,2026-02-16 19:36:16.044
1771288576098,2.0,2026-02-16 19:36:16.098
1771288576147,1.0,2026-02-16 19:36:16.147
1771288576196,3.0,2026-02-16 19:36:16.196
1771288576245,2.0,2026-02-16 19:36:16.245
1771288576298,5.0,2026-02-16 19:36:16.298
1771288576348,3.0,2026-02-16 19:36:16.348
1771288576397,2.0,2026-02-16 19:36:16.397
1771288576446,3.0,2026-02-16 19:36:16.446
1771288576499,3.0,2026-02-16 19:36:16.499
1771288576548,5.0,2026-02-16 19:36:16.548
1771288576597,4.0,2026-02-16 19:36:16.597
1771288576647,5.0,2026-02-16 19:36:16.647
1771288576700,3.0,2026-02-16 19:36:16.700
1771288576749,4.0,2026-02-16 19:36:16.749
1771288576798,6.0,2026-02-16 19:36:16.798
1771288576847,5.0,2026-02-16 19:36:16.847
1771288576900,5.0,2026-02-16 19:36:16.900
1771288576949,3.0,2026-02-16 19:36:16.949
1771288576999,3.0,2026-02-16 19:36:16.999
1771288577052,4.0,2026-02-16 19:36:17.052
1771288577101,3.0,2026-02-16 19:36:17.101
1771288577150,6.0,2026-02-16 19:36:17.150
1771288577199,5.0,2026-02-16 19:36:17.199
1771288577253,5.0,2026-02-16 19:36:17.253
1771288577302,3.0,2026-02-16 19:36:17.302
1771288577351,4.0,2026-02-16 19:36:17.351
1771288577400,5.0,2026-02-16 19:36:17.400
1771288577453,4.0,2026-02-16 19:36:17.453
1771288577503,3.0,2026-02-16 19:36:17.503
1771288577552,4.0,2026-02-16 19:36:17.552
1771288577601,4.0,2026-02-16 19:36:17.601
1771288577654,3.0,2026-02-16 19:36:17.654
1771288577703,4.0,2026-02-16 19:36:17.703
1771288577752,5.0,2026-02-16 19:36:17.752
1771288577802,4.0,2026-02-16 19:36:17.802
1771288577855,4.0,2026-02-16 19:36:17.855
1771288577904,2.0,2026-02-16 19:36:17.904
1771288577953,2.0,2026-02-16 19:36:17.953
1771288578002,4.0,2026-02-16 19:36:18.002
1771288578055,2.0,2026-02-16 19:36:18.055
1771288578105,2.0,2026-02-16 19:36:18.105
1771288578154,1.0,2026-02-16 19:36:18.154
1771288578203,1.0,2026-02-16 19:36:18.203
1771288578256,5.0,2026-02-16 19:36:18.256
1771288578305,1.0,2026-02-16 19:36:18.305
1771288578354,2.0,2026-02-16 19:36:18.354
1771288578404,0.0,2026-02-16 19:36:18.404
1771288578457,0.0,2026-02-16 19:36:18.457
1771288578506,0.0,2026-02-16 19:36:18.506
1771288578555,0.0,2026-02-16 19:36:18.555
1771288578608,2.0,2026-02-16 19:36:18.608
1771288578657,2.0,2026-02-16 19:36:18.657
1771288578707,1.0,2026-02-16 19:36:18.707
1771288578756,0.0,2026-02-16 19:36:18.756
1771288578809,0.0,2026-02-16 19:36:18.809
1771288578858,3.0,2026-02-16 19:36:18.858
1771288578908,0.0,2026-02-16 19:36:18.908
1771288578957,1.0,2026-02-16 19:36:18.957
1771288579010,0.0,2026-02-16 19:36:19.010
1771288579059,1.0,2026-02-16 19:36:19.059
1771288579108,0.0,2026-02-16 19:36:19.108
1771288579158,2.0,2026-02-16 19:36:19.158
1771288579211,2.0,2026-02-16 19:36:19.211
1771288579260,1.0,2026-02-16 19:36:19.260
1771288579309,2.0,2026-02-16 19:36:19.309
1771288579358,2.0,2026-02-16 19:36:19.358
1771288579411,1.0,2026-02-16 19:36:19.411
1771288579461,2.0,2026-02-16 19:36:19.461
1771288579510,2.0,2026-02-16 19:36:19.510
1771288579559,3.0,2026-02-16 19:36:19.559
1771288579612,1.0,2026-02-16 19:36:19.612
1771288579665,1.0,2026-02-16 19:36:19.665
1771288579711,2.0,2026-02-16 19:36:19.711
1771288579760,2.0,2026-02-16 19:36:19.760
1771288579813,5.0,2026-02-16 19:36:19.813
1771288579862,3.0,2026-02-16 19:36:19.862
1771288579912,2.0,2026-02-16 19:36:19.912
1771288579964,1.0,2026-02-16 19:36:19.964
1771288580015,0.0,2026-02-16 19:36:20.015
1771288580063,3.0,2026-02-16 19:36:20.063
1771288580112,2.0,2026-02-16 19:36:20.112
1771288580165,0.0,2026-02-16 19:36:20.165
1771288580214,2.0,2026-02-16 19:36:20.214
1771288580263,1.0,2026-02-16 19:36:20.263
1771288580313,2.0,2026-02-16 19:36:20.313
1771288580366,5.0,2026-02-16 19:36:20.366
1771288580415,5.0,2026-02-16 19:36:20.415
1771288580464,5.0,2026-02-16 19:36:20.464
1771288580513,4.0,2026-02-16 19:36:20.513
1771288580566,6.0,2026-02-16 19:36:20.566
1771288580615,3.0,2026-02-16 19:36:20.615
1771288580665,8.0,2026-02-16 19:36:20.665
1771288580714,5.0,2026-02-16 19:36:20.714
1771288580767,6.0,2026-02-16 19:36:20.767
1771288580816,5.0,2026-02-16 19:36:20.816
1771288580865,3.0,2026-02-16 19:36:20.865
1771288580914,4.0,2026-02-16 19:36:20.914
1771288580968,3.0,2026-02-16 19:36:20.968
1771288581017,6.0,2026-02-16 19:36:21.017
1771288581066,6.0,2026-02-16 19:36:21.066
1771288581115,6.0,2026-02-16 19:36:21.115
1771288581168,4.0,2026-02-16 19:36:21.168
1771288581217,3.0,2026-02-16 19:36:21.217
1771288581267,8.0,2026-02-16 19:36:21.267
1771288581316,6.0,2026-02-16 19:36:21.316
1771288581369,3.0,2026-02-16 19:36:21.369
1771288581418,5.0,2026-02-16 19:36:21.418
1771288581467,5.0,2026-02-16 19:36:21.467
1771288581520,3.0,2026-02-16 19:36:21.520
1771288581570,4.0,2026-02-16 19:36:21.570
1771288581619,5.0,2026-02-16 19:36:21.619
1771288581668,5.0,2026-02-16 19:36:21.668
1771288581721,4.0,2026-02-16 19:36:21.721
1771288581770,3.0,2026-02-16 19:36:21.770
1771288581820,4.0,2026-02-16 19:36:21.820
1771288581869,4.0,2026-02-16 19:36:21.869
1771288581922,6.0,2026-02-16 19:36:21.922
1771288581971,6.0,2026-02-16 19:36:21.971
1771288582020,3.0,2026-02-16 19:36:22.020
1771288582069,5.0,2026-02-16 19:36:22.069
1771288582123,4.0,2026-02-16 19:36:22.123
1771288582172,4.0,2026-02-16 19:36:22.172
1771288582221,5.0,2026-02-16 19:36:22.221
1771288582270,6.0,2026-02-16 19:36:22.270
1771288582323,4.0,2026-02-16 19:36:22.323
1771288582372,5.0,2026-02-16 19:36:22.372
1771288582422,4.0,2026-02-16 19:36:22.422
1771288582471,5.0,2026-02-16 19:36:22.471
1771288582524,6.0,2026-02-16 19:36:22.524
1771288582573,3.0,2026-02-16 19:36:22.573
1771288582622,6.0,2026-02-16 19:36:22.622
1771288582671,3.0,2026-02-16 19:36:22.671
1771288582725,1.0,2026-02-16 19:36:22.725
1771288582774,4.0,2026-02-16 19:36:22.774
1771288582823,3.0,2026-02-16 19:36:22.823
1771288582876,6.0,2026-02-16 19:36:22.876
1771288582925,4.0,2026-02-16 19:36:22.925
1771288582975,4.0,2026-02-16 19:36:22.975
1771288583024,1.0,2026-02-16 19:36:23.024
1771288583077,2.0,2026-02-16 19:36:23.077
1771288583126,4.0,2026-02-16 19:36:23.126
1771288583175,5.0,2026-02-16 19:36:23.175
1771288583224,5.0,2026-02-16 19:36:23.224
1771288583278,3.0,2026-02-16 19:36:23.278
1771288583327,5.0,2026-02-16 19:36:23.327
1771288583376,3.0,2026-02-16 19:36:23.376
1771288583428,2.0,2026-02-16 19:36:23.428
1771288583481,6.0,2026-02-16 19:36:23.481
1771288583528,5.0,2026-02-16 19:36:23.528
1771288583577,4.0,2026-02-16 19:36:23.577
1771288583626,4.0,2026-02-16 19:36:23.626
1771288583679,3.0,2026-02-16 19:36:23.679
1771288583728,4.0,2026-02-16 19:36:23.728
1771288583778,5.0,2026-02-16 19:36:23.778
1771288583828,5.0,2026-02-16 19:36:23.828
1771288583880,4.0,2026-02-16 19:36:23.880
1771288583929,4.0,2026-02-16 19:36:23.929
1771288583980,3.0,2026-02-16 19:36:23.980
1771288584028,2.0,2026-02-16 19:36:24.028
1771288584081,3.0,2026-02-16 19:36:24.081
1771288584130,4.0,2026-02-16 19:36:24.130
1771288584180,5.0,2026-02-16 19:36:24.180
1771288584231,4.0,2026-02-16 19:36:24.231
1771288584281,2.0,2026-02-16 19:36:24.281
1771288584330,4.0,2026-02-16 19:36:24.330
1771288584379,3.0,2026-02-16 19:36:24.379
1771288584433,5.0,2026-02-16 19:36:24.433
1771288584482,5.0,2026-02-16 19:36:24.482
1771288584531,7.0,2026-02-16 19:36:24.531
1771288584580,4.0,2026-02-16 19:36:24.580
1771288584633,3.0,2026-02-16 19:36:24.633
1771288584683,5.0,2026-02-16 19:36:24.683
1771288584732,7.0,2026-02-16 19:36:24.732
1771288584781,6.0,2026-02-16 19:36:24.781
1771288584834,5.0,2026-02-16 19:36:24.834
1771288584883,3.0,2026-02-16 19:36:24.883
1771288584932,5.0,2026-02-16 19:36:24.932
1771288584982,3.0,2026-02-16 19:36:24.982
1771288585035,5.0,2026-02-16 19:36:25.035
1771288585084,6.0,2026-02-16 19:36:25.084
1771288585133,3.0,2026-02-16 19:36:25.133
1771288585182,4.0,2026-02-16 19:36:25.182
1771288585235,2.0,2026-02-16 19:36:25.235
1771288585285,3.0,2026-02-16 19:36:25.285
1771288585334,2.0,2026-02-16 19:36:25.334
1771288585383,3.0,2026-02-16 19:36:25.383
1771288585436,3.0,2026-02-16 19:36:25.436
1771288585485,3.0,2026-02-16 19:36:25.485
1771288585534,3.0,2026-02-16 19:36:25.534
1771288585584,3.0,2026-02-16 19:36:25.584
1771288585637,2.0,2026-02-16 19:36:25.637
1771288585686,3.0,2026-02-16 19:36:25.686
1771288585735,3.0,2026-02-16 19:36:25.735
1771288585788,3.0,2026-02-16 19:36:25.788
1771288585838,2.0,2026-02-16 19:36:25.838
1771288585887,3.0,2026-02-16 19:36:25.887
1771288585936,3.0,2026-02-16 19:36:25.936
1771288585989,2.0,2026-02-16 19:36:25.989
1771288586038,3.0,2026-02-16 19:36:26.038
1771288586087,3.0,2026-02-16 19:36:26.087
1771288586137,3.0,2026-02-16 19:36:26.137
1771288586190,3.0,2026-02-16 19:36:26.190
1771288586239,2.0,2026-02-16 19:36:26.239
1771288586288,2.0,2026-02-16 19:36:26.288
1771288586337,3.0,2026-02-16 19:36:26.337
1771288586390,2.0,2026-02-16 19:36:26.390
1771288586440,4.0,2026-02-16 19:36:26.440
1771288586489,3.0,2026-02-16 19:36:26.489
1771288586538,3.0,2026-02-16 19:36:26.538
1771288586591,2.0,2026-02-16 19:36:26.591
1771288586640,3.0,2026-02-16 19:36:26.640
1771288586690,3.0,2026-02-16 19:36:26.690
