ms_timestamp,GSR,timestamp
1771391105074,811.0,2026-02-18 00:05:05.074
1771391105127,810.0,2026-02-18 00:05:05.127
1771391105176,810.0,2026-02-18 00:05:05.176
1771391105225,810.0,2026-02-18 00:05:05.225
1771391105278,810.0,2026-02-18 00:05:05.278
1771391105327,810.0,2026-02-18 00:05:05.327
1771391105377,810.0,2026-02-18 00:05:05.377
1771391105426,810.0,2026-02-18 00:05:05.426
1771391105479,808.0,2026-02-18 00:05:05.479
1771391105528,801.0,2026-02-18 00:05:05.528
1771391105577,798.0,2026-02-18 00:05:05.577
1771391105630,796.0,2026-02-18 00:05:05.630
1771391105679,796.0,2026-02-18 00:05:05.679
1771391105729,795.0,2026-02-18 00:05:05.729
1771391105778,796.0,2026-02-18 00:05:05.778
1771391105831,797.0,2026-02-18 00:05:05.831
1771391105880,798.0,2026-02-18 00:05:05.880
1771391105929,798.0,2026-02-18 00:05:05.929
1771391105983,799.0,2026-02-18 00:05:05.983
1771391106032,800.0,2026-02-18 00:05:06.032
1771391106081,800.0,2026-02-18 00:05:06.081
1771391106131,801.0,2026-02-18 00:05:06.131
1771391106183,800.0,2026-02-18 00:05:06.183
1771391106232,801.0,2026-02-18 00:05:06.232
1771391106282,801.0,2026-02-18 00:05:06.282
1771391106331,801.0,2026-02-18 00:05:06.331
1771391106384,801.0,2026-02-18 00:05:06.384
1771391106433,802.0,2026-02-18 00:05:06.433
1771391106482,802.0,2026-02-18 00:05:06.482
1771391106535,802.0,2026-02-18 00:05:06.535
1771391106585,803.0,2026-02-18 00:05:06.585
1771391106634,803.0,2026-02-18 00:05:06.634
1771391106683,804.0,2026-02-18 00:05:06.683
1771391106736,804.0,2026-02-18 00:05:06.736
1771391106785,805.0,2026-02-18 00:05:06.785
1771391106834,805.0,2026-02-18 00:05:06.834
1771391106888,806.0,2026-02-18 00:05:06.888
1771391106937,806.0,2026-02-18 00:05:06.937
1771391106986,807.0,2026-02-18 00:05:06.986
1771391107035,807.0,2026-02-18 00:05:07.035
1771391107088,807.0,2026-02-18 00:05:07.088
1771391107138,808.0,2026-02-18 00:05:07.138
1771391107187,808.0,2026-02-18 00:05:07.187
1771391107240,808.0,2026-02-18 00:05:07.240
1771391107289,808.0,2026-02-18 00:05:07.289
1771391107338,808.0,2026-02-18 00:05:07.338
1771391107388,808.0,2026-02-18 00:05:07.388
1771391107441,808.0,2026-02-18 00:05:07.441
1771391107490,808.0,2026-02-18 00:05:07.490
1771391107539,808.0,2026-02-18 00:05:07.539
1771391107588,808.0,2026-02-18 00:05:07.588
1771391107641,808.0,2026-02-18 00:05:07.641
1771391107691,808.0,2026-02-18 00:05:07.691
1771391107740,808.0,2026-02-18 00:05:07.740
1771391107793,807.0,2026-02-18 00:05:07.793
1771391107842,807.0,2026-02-18 00:05:07.842
1771391107891,807.0,2026-02-18 00:05:07.891
1771391107941,807.0,2026-02-18 00:05:07.941
1771391107994,807.0,2026-02-18 00:05:07.994
1771391108043,807.0,2026-02-18 00:05:08.043
1771391108092,807.0,2026-02-18 00:05:08.092
1771391108145,807.0,2026-02-18 00:05:08.145
1771391108195,807.0,2026-02-18 00:05:08.195
1771391108244,807.0,2026-02-18 00:05:08.244
1771391108293,807.0,2026-02-18 00:05:08.293
1771391108346,807.0,2026-02-18 00:05:08.346
1771391108395,807.0,2026-02-18 00:05:08.395
1771391108444,807.0,2026-02-18 00:05:08.444
1771391108498,807.0,2026-02-18 00:05:08.498
1771391108547,807.0,2026-02-18 00:05:08.547
1771391108596,808.0,2026-02-18 00:05:08.596
1771391108645,808.0,2026-02-18 00:05:08.645
1771391108698,809.0,2026-02-18 00:05:08.698
1771391108747,809.0,2026-02-18 00:05:08.747
1771391108796,809.0,2026-02-18 00:05:08.796
1771391108850,809.0,2026-02-18 00:05:08.850
1771391108899,809.0,2026-02-18 00:05:08.899
1771391108948,809.0,2026-02-18 00:05:08.948
1771391108997,810.0,2026-02-18 00:05:08.997
1771391109050,810.0,2026-02-18 00:05:09.050
1771391109100,810.0,2026-02-18 00:05:09.100
1771391109149,811.0,2026-02-18 00:05:09.149
1771391109198,811.0,2026-02-18 00:05:09.198
1771391109251,812.0,2026-02-18 00:05:09.251
1771391109301,812.0,2026-02-18 00:05:09.301
1771391109349,813.0,2026-02-18 00:05:09.349
1771391109403,813.0,2026-02-18 00:05:09.403
1771391109452,813.0,2026-02-18 00:05:09.452
1771391109501,813.0,2026-02-18 00:05:09.501
1771391109550,813.0,2026-02-18 00:05:09.550
1771391109603,813.0,2026-02-18 00:05:09.603
1771391109652,813.0,2026-02-18 00:05:09.652
1771391109702,813.0,2026-02-18 00:05:09.702
1771391109755,814.0,2026-02-18 00:05:09.755
1771391109804,813.0,2026-02-18 00:05:09.804
1771391109853,813.0,2026-02-18 00:05:09.853
1771391109902,813.0,2026-02-18 00:05:09.902
1771391109956,813.0,2026-02-18 00:05:09.956
1771391110005,813.0,2026-02-18 00:05:10.005
1771391110054,813.0,2026-02-18 00:05:10.054
1771391110107,813.0,2026-02-18 00:05:10.107
1771391110156,812.0,2026-02-18 00:05:10.156
1771391110206,812.0,2026-02-18 00:05:10.206
1771391110255,812.0,2026-02-18 00:05:10.255
1771391110308,811.0,2026-02-18 00:05:10.308
1771391110357,811.0,2026-02-18 00:05:10.357
1771391110406,811.0,2026-02-18 00:05:10.406
1771391110455,811.0,2026-02-18 00:05:10.455
1771391110508,811.0,2026-02-18 00:05:10.508
1771391110558,812.0,2026-02-18 00:05:10.558
1771391110607,812.0,2026-02-18 00:05:10.607
1771391110660,813.0,2026-02-18 00:05:10.660
1771391110709,813.0,2026-02-18 00:05:10.709
1771391110758,814.0,2026-02-18 00:05:10.758
1771391110808,814.0,2026-02-18 00:05:10.808
1771391110861,815.0,2026-02-18 00:05:10.861
1771391110910,815.0,2026-02-18 00:05:10.910
1771391110959,816.0,2026-02-18 00:05:10.959
1771391111012,816.0,2026-02-18 00:05:11.012
1771391111061,817.0,2026-02-18 00:05:11.061
1771391111111,818.0,2026-02-18 00:05:11.111
1771391111160,818.0,2026-02-18 00:05:11.160
1771391111213,819.0,2026-02-18 00:05:11.213
1771391111262,819.0,2026-02-18 00:05:11.262
1771391111311,820.0,2026-02-18 00:05:11.311
1771391111364,820.0,2026-02-18 00:05:11.364
1771391111414,821.0,2026-02-18 00:05:11.414
1771391111463,821.0,2026-02-18 00:05:11.463
1771391111512,822.0,2026-02-18 00:05:11.512
1771391111565,823.0,2026-02-18 00:05:11.565
1771391111614,823.0,2026-02-18 00:05:11.614
1771391111664,824.0,2026-02-18 00:05:11.664
1771391111713,824.0,2026-02-18 00:05:11.713
1771391111766,825.0,2026-02-18 00:05:11.766
1771391111815,826.0,2026-02-18 00:05:11.815
1771391111865,827.0,2026-02-18 00:05:11.865
1771391111919,828.0,2026-02-18 00:05:11.919
1771391111971,828.0,2026-02-18 00:05:11.971
1771391112016,829.0,2026-02-18 00:05:12.016
1771391112065,830.0,2026-02-18 00:05:12.065
1771391112118,830.0,2026-02-18 00:05:12.118
1771391112167,831.0,2026-02-18 00:05:12.167
1771391112216,831.0,2026-02-18 00:05:12.216
1771391112270,831.0,2026-02-18 00:05:12.270
1771391112319,832.0,2026-02-18 00:05:12.319
1771391112368,832.0,2026-02-18 00:05:12.368
1771391112419,832.0,2026-02-18 00:05:12.419
1771391112470,832.0,2026-02-18 00:05:12.470
1771391112520,832.0,2026-02-18 00:05:12.520
1771391112569,832.0,2026-02-18 00:05:12.569
1771391112622,832.0,2026-02-18 00:05:12.622
1771391112671,832.0,2026-02-18 00:05:12.671
1771391112720,832.0,2026-02-18 00:05:12.720
1771391112769,832.0,2026-02-18 00:05:12.769
1771391112823,832.0,2026-02-18 00:05:12.823
1771391112872,831.0,2026-02-18 00:05:12.872
1771391112921,831.0,2026-02-18 00:05:12.921
1771391112971,831.0,2026-02-18 00:05:12.971
1771391113024,831.0,2026-02-18 00:05:13.024
1771391113073,831.0,2026-02-18 00:05:13.073
1771391113122,832.0,2026-02-18 00:05:13.122
1771391113175,832.0,2026-02-18 00:05:13.175
1771391113224,832.0,2026-02-18 00:05:13.224
1771391113274,832.0,2026-02-18 00:05:13.274
1771391113323,832.0,2026-02-18 00:05:13.323
1771391113376,832.0,2026-02-18 00:05:13.376
1771391113425,833.0,2026-02-18 00:05:13.425
1771391113474,833.0,2026-02-18 00:05:13.474
1771391113527,833.0,2026-02-18 00:05:13.527
1771391113576,833.0,2026-02-18 00:05:13.576
1771391113626,833.0,2026-02-18 00:05:13.626
1771391113675,833.0,2026-02-18 00:05:13.675
1771391113728,833.0,2026-02-18 00:05:13.728
1771391113777,833.0,2026-02-18 00:05:13.777
1771391113826,833.0,2026-02-18 00:05:13.826
1771391113879,833.0,2026-02-18 00:05:13.879
1771391113929,834.0,2026-02-18 00:05:13.929
1771391113978,834.0,2026-02-18 00:05:13.978
1771391114027,834.0,2026-02-18 00:05:14.027
1771391114080,834.0,2026-02-18 00:05:14.080
1771391114129,834.0,2026-02-18 00:05:14.129
1771391114178,834.0,2026-02-18 00:05:14.178
1771391114228,834.0,2026-02-18 00:05:14.228
1771391114281,834.0,2026-02-18 00:05:14.281
1771391114330,834.0,2026-02-18 00:05:14.330
1771391114379,834.0,2026-02-18 00:05:14.379
1771391114432,835.0,2026-02-18 00:05:14.432
1771391114481,835.0,2026-02-18 00:05:14.481
1771391114531,835.0,2026-02-18 00:05:14.531
1771391114580,835.0,2026-02-18 00:05:14.580
1771391114633,835.0,2026-02-18 00:05:14.633
1771391114682,835.0,2026-02-18 00:05:14.682
1771391114731,835.0,2026-02-18 00:05:14.731
1771391114784,835.0,2026-02-18 00:05:14.784
1771391114834,835.0,2026-02-18 00:05:14.834
1771391114883,835.0,2026-02-18 00:05:14.883
1771391114932,835.0,2026-02-18 00:05:14.932
1771391114985,835.0,2026-02-18 00:05:14.985
1771391115035,834.0,2026-02-18 00:05:15.035
1771391115084,834.0,2026-02-18 00:05:15.084
1771391115137,833.0,2026-02-18 00:05:15.137
1771391115186,833.0,2026-02-18 00:05:15.186
1771391115235,833.0,2026-02-18 00:05:15.235
1771391115284,832.0,2026-02-18 00:05:15.284
1771391115338,831.0,2026-02-18 00:05:15.338
1771391115387,831.0,2026-02-18 00:05:15.387
1771391115436,830.0,2026-02-18 00:05:15.436
1771391115485,830.0,2026-02-18 00:05:15.485
1771391115538,829.0,2026-02-18 00:05:15.538
1771391115587,829.0,2026-02-18 00:05:15.587
1771391115637,828.0,2026-02-18 00:05:15.637
1771391115690,828.0,2026-02-18 00:05:15.690
1771391115739,828.0,2026-02-18 00:05:15.739
1771391115788,828.0,2026-02-18 00:05:15.788
1771391115837,828.0,2026-02-18 00:05:15.837
1771391115890,828.0,2026-02-18 00:05:15.890
1771391115940,828.0,2026-02-18 00:05:15.940
1771391115989,828.0,2026-02-18 00:05:15.989
1771391116042,827.0,2026-02-18 00:05:16.042
1771391116091,827.0,2026-02-18 00:05:16.091
1771391116140,827.0,2026-02-18 00:05:16.140
1771391116189,827.0,2026-02-18 00:05:16.189
1771391116243,827.0,2026-02-18 00:05:16.243
1771391116292,827.0,2026-02-18 00:05:16.292
1771391116341,827.0,2026-02-18 00:05:16.341
1771391116394,827.0,2026-02-18 00:05:16.394
1771391116443,827.0,2026-02-18 00:05:16.443
1771391116493,827.0,2026-02-18 00:05:16.493
1771391116542,827.0,2026-02-18 00:05:16.542
1771391116595,827.0,2026-02-18 00:05:16.595
1771391116644,828.0,2026-02-18 00:05:16.644
1771391116693,828.0,2026-02-18 00:05:16.693
1771391116746,828.0,2026-02-18 00:05:16.746
1771391116796,829.0,2026-02-18 00:05:16.796
1771391116845,829.0,2026-02-18 00:05:16.845
1771391116894,830.0,2026-02-18 00:05:16.894
1771391116947,830.0,2026-02-18 00:05:16.947
1771391116997,831.0,2026-02-18 00:05:16.997
1771391117046,831.0,2026-02-18 00:05:17.046
1771391117095,832.0,2026-02-18 00:05:17.095
1771391117148,832.0,2026-02-18 00:05:17.148
1771391117197,832.0,2026-02-18 00:05:17.197
1771391117246,832.0,2026-02-18 00:05:17.246
1771391117299,832.0,2026-02-18 00:05:17.299
1771391117349,832.0,2026-02-18 00:05:17.349
1771391117398,832.0,2026-02-18 00:05:17.398
1771391117447,832.0,2026-02-18 00:05:17.447
1771391117500,832.0,2026-02-18 00:05:17.500
1771391117549,832.0,2026-02-18 00:05:17.549
1771391117598,832.0,2026-02-18 00:05:17.598
1771391117652,832.0,2026-02-18 00:05:17.652
1771391117701,831.0,2026-02-18 00:05:17.701
1771391117750,831.0,2026-02-18 00:05:17.750
1771391117799,831.0,2026-02-18 00:05:17.799
1771391117852,830.0,2026-02-18 00:05:17.852
1771391117901,830.0,2026-02-18 00:05:17.901
1771391117951,829.0,2026-02-18 00:05:17.951
1771391118004,829.0,2026-02-18 00:05:18.004
1771391118053,828.0,2026-02-18 00:05:18.053
1771391118102,827.0,2026-02-18 00:05:18.102
1771391118151,827.0,2026-02-18 00:05:18.151
1771391118205,827.0,2026-02-18 00:05:18.205
1771391118254,826.0,2026-02-18 00:05:18.254
1771391118303,826.0,2026-02-18 00:05:18.303
1771391118352,826.0,2026-02-18 00:05:18.352
1771391118405,826.0,2026-02-18 00:05:18.405
1771391118454,826.0,2026-02-18 00:05:18.454
1771391118504,826.0,2026-02-18 00:05:18.504
1771391118557,826.0,2026-02-18 00:05:18.557
1771391118606,826.0,2026-02-18 00:05:18.606
1771391118655,826.0,2026-02-18 00:05:18.655
1771391118704,826.0,2026-02-18 00:05:18.704
1771391118758,826.0,2026-02-18 00:05:18.758
1771391118807,826.0,2026-02-18 00:05:18.807
1771391118856,826.0,2026-02-18 00:05:18.856
1771391118909,826.0,2026-02-18 00:05:18.909
1771391118958,826.0,2026-02-18 00:05:18.958
1771391119008,826.0,2026-02-18 00:05:19.008
1771391119057,826.0,2026-02-18 00:05:19.057
1771391119110,826.0,2026-02-18 00:05:19.110
1771391119159,826.0,2026-02-18 00:05:19.159
1771391119208,826.0,2026-02-18 00:05:19.208
1771391119261,826.0,2026-02-18 00:05:19.261
1771391119310,826.0,2026-02-18 00:05:19.310
1771391119360,826.0,2026-02-18 00:05:19.360
1771391119409,826.0,2026-02-18 00:05:19.409
1771391119462,826.0,2026-02-18 00:05:19.462
1771391119511,827.0,2026-02-18 00:05:19.511
1771391119560,827.0,2026-02-18 00:05:19.560
1771391119610,827.0,2026-02-18 00:05:19.610
1771391119663,828.0,2026-02-18 00:05:19.663
1771391119712,828.0,2026-02-18 00:05:19.712
1771391119761,828.0,2026-02-18 00:05:19.761
1771391119814,828.0,2026-02-18 00:05:19.814
1771391119863,829.0,2026-02-18 00:05:19.863
1771391119913,829.0,2026-02-18 00:05:19.913
1771391119962,828.0,2026-02-18 00:05:19.962
1771391120015,829.0,2026-02-18 00:05:20.015
1771391120064,829.0,2026-02-18 00:05:20.064
1771391120113,829.0,2026-02-18 00:05:20.113
1771391120166,828.0,2026-02-18 00:05:20.166
1771391120216,828.0,2026-02-18 00:05:20.216
1771391120265,828.0,2026-02-18 00:05:20.265
1771391120314,827.0,2026-02-18 00:05:20.314
1771391120367,827.0,2026-02-18 00:05:20.367
1771391120416,827.0,2026-02-18 00:05:20.416
1771391120466,826.0,2026-02-18 00:05:20.466
1771391120519,826.0,2026-02-18 00:05:20.519
1771391120568,825.0,2026-02-18 00:05:20.568
1771391120617,825.0,2026-02-18 00:05:20.617
1771391120666,824.0,2026-02-18 00:05:20.666
1771391120719,824.0,2026-02-18 00:05:20.719
1771391120769,824.0,2026-02-18 00:05:20.769
1771391120818,823.0,2026-02-18 00:05:20.818
1771391120867,823.0,2026-02-18 00:05:20.867
1771391120920,823.0,2026-02-18 00:05:20.920
1771391120969,823.0,2026-02-18 00:05:20.969
1771391121019,824.0,2026-02-18 00:05:21.019
1771391121072,824.0,2026-02-18 00:05:21.072
1771391121121,824.0,2026-02-18 00:05:21.121
1771391121170,824.0,2026-02-18 00:05:21.170
1771391121219,824.0,2026-02-18 00:05:21.219
1771391121272,824.0,2026-02-18 00:05:21.272
1771391121322,824.0,2026-02-18 00:05:21.322
1771391121371,824.0,2026-02-18 00:05:21.371
1771391121424,825.0,2026-02-18 00:05:21.424
1771391121473,825.0,2026-02-18 00:05:21.473
1771391121522,825.0,2026-02-18 00:05:21.522
1771391121571,826.0,2026-02-18 00:05:21.571
1771391121625,826.0,2026-02-18 00:05:21.625
1771391121674,826.0,2026-02-18 00:05:21.674
1771391121723,827.0,2026-02-18 00:05:21.723
1771391121776,827.0,2026-02-18 00:05:21.776
1771391121825,827.0,2026-02-18 00:05:21.825
1771391121875,828.0,2026-02-18 00:05:21.875
1771391121924,828.0,2026-02-18 00:05:21.924
1771391121977,828.0,2026-02-18 00:05:21.977
1771391122026,829.0,2026-02-18 00:05:22.026
1771391122075,829.0,2026-02-18 00:05:22.075
1771391122125,830.0,2026-02-18 00:05:22.125
1771391122178,830.0,2026-02-18 00:05:22.178
1771391122227,831.0,2026-02-18 00:05:22.227
1771391122276,831.0,2026-02-18 00:05:22.276
1771391122329,831.0,2026-02-18 00:05:22.329
1771391122379,832.0,2026-02-18 00:05:22.379
1771391122427,832.0,2026-02-18 00:05:22.427
1771391122477,832.0,2026-02-18 00:05:22.477
1771391122530,832.0,2026-02-18 00:05:22.530
1771391122580,832.0,2026-02-18 00:05:22.580
1771391122628,832.0,2026-02-18 00:05:22.628
1771391122681,832.0,2026-02-18 00:05:22.681
1771391122730,832.0,2026-02-18 00:05:22.730
1771391122780,832.0,2026-02-18 00:05:22.780
1771391122829,832.0,2026-02-18 00:05:22.829
1771391122882,832.0,2026-02-18 00:05:22.882
1771391122931,832.0,2026-02-18 00:05:22.931
1771391122980,832.0,2026-02-18 00:05:22.980
1771391123034,831.0,2026-02-18 00:05:23.034
1771391123083,831.0,2026-02-18 00:05:23.083
1771391123132,830.0,2026-02-18 00:05:23.132
1771391123181,830.0,2026-02-18 00:05:23.181
1771391123234,830.0,2026-02-18 00:05:23.234
1771391123283,829.0,2026-02-18 00:05:23.283
1771391123333,829.0,2026-02-18 00:05:23.333
1771391123382,829.0,2026-02-18 00:05:23.382
1771391123435,829.0,2026-02-18 00:05:23.435
1771391123484,829.0,2026-02-18 00:05:23.484
1771391123534,829.0,2026-02-18 00:05:23.534
1771391123586,829.0,2026-02-18 00:05:23.586
1771391123636,829.0,2026-02-18 00:05:23.636
1771391123685,829.0,2026-02-18 00:05:23.685
1771391123734,830.0,2026-02-18 00:05:23.734
1771391123787,830.0,2026-02-18 00:05:23.787
1771391123836,830.0,2026-02-18 00:05:23.836
1771391123886,830.0,2026-02-18 00:05:23.886
1771391123939,831.0,2026-02-18 00:05:23.939
1771391123988,831.0,2026-02-18 00:05:23.988
1771391124037,831.0,2026-02-18 00:05:24.037
1771391124086,831.0,2026-02-18 00:05:24.086
1771391124140,832.0,2026-02-18 00:05:24.140
1771391124189,832.0,2026-02-18 00:05:24.189
1771391124238,833.0,2026-02-18 00:05:24.238
1771391124291,833.0,2026-02-18 00:05:24.291
1771391124340,833.0,2026-02-18 00:05:24.340
1771391124390,833.0,2026-02-18 00:05:24.390
1771391124439,833.0,2026-02-18 00:05:24.439
1771391124492,833.0,2026-02-18 00:05:24.492
1771391124541,834.0,2026-02-18 00:05:24.541
1771391124590,834.0,2026-02-18 00:05:24.590
1771391124639,834.0,2026-02-18 00:05:24.639
1771391124692,835.0,2026-02-18 00:05:24.692
1771391124742,835.0,2026-02-18 00:05:24.742
1771391124791,836.0,2026-02-18 00:05:24.791
1771391124844,836.0,2026-02-18 00:05:24.844
1771391124893,837.0,2026-02-18 00:05:24.893
1771391124942,837.0,2026-02-18 00:05:24.942
1771391124991,837.0,2026-02-18 00:05:24.991
1771391125045,838.0,2026-02-18 00:05:25.045
1771391125096,838.0,2026-02-18 00:05:25.096
1771391125143,838.0,2026-02-18 00:05:25.143
1771391125196,838.0,2026-02-18 00:05:25.196
1771391125245,837.0,2026-02-18 00:05:25.245
1771391125295,837.0,2026-02-18 00:05:25.295
1771391125344,836.0,2026-02-18 00:05:25.344
1771391125397,836.0,2026-02-18 00:05:25.397
1771391125446,835.0,2026-02-18 00:05:25.446
1771391125495,835.0,2026-02-18 00:05:25.495
1771391125548,834.0,2026-02-18 00:05:25.548
1771391125598,834.0,2026-02-18 00:05:25.598
1771391125647,833.0,2026-02-18 00:05:25.647
1771391125696,833.0,2026-02-18 00:05:25.696
1771391125749,832.0,2026-02-18 00:05:25.749
1771391125798,831.0,2026-02-18 00:05:25.798
1771391125847,831.0,2026-02-18 00:05:25.847
1771391125901,830.0,2026-02-18 00:05:25.901
1771391125950,830.0,2026-02-18 00:05:25.950
1771391125999,829.0,2026-02-18 00:05:25.999
1771391126048,829.0,2026-02-18 00:05:26.048
1771391126101,828.0,2026-02-18 00:05:26.101
1771391126151,829.0,2026-02-18 00:05:26.151
1771391126200,828.0,2026-02-18 00:05:26.200
1771391126249,828.0,2026-02-18 00:05:26.249
1771391126302,827.0,2026-02-18 00:05:26.302
1771391126351,826.0,2026-02-18 00:05:26.351
1771391126400,825.0,2026-02-18 00:05:26.400
1771391126454,824.0,2026-02-18 00:05:26.454
1771391126503,824.0,2026-02-18 00:05:26.503
1771391126552,825.0,2026-02-18 00:05:26.552
1771391126601,825.0,2026-02-18 00:05:26.601
1771391126654,825.0,2026-02-18 00:05:26.654
1771391126703,825.0,2026-02-18 00:05:26.703
1771391126753,825.0,2026-02-18 00:05:26.753
1771391126806,825.0,2026-02-18 00:05:26.806
1771391126855,825.0,2026-02-18 00:05:26.855
1771391126904,826.0,2026-02-18 00:05:26.904
1771391126953,826.0,2026-02-18 00:05:26.953
1771391127007,826.0,2026-02-18 00:05:27.007
1771391127056,826.0,2026-02-18 00:05:27.056
1771391127105,826.0,2026-02-18 00:05:27.105
1771391127158,827.0,2026-02-18 00:05:27.158
1771391127207,827.0,2026-02-18 00:05:27.207
1771391127256,827.0,2026-02-18 00:05:27.256
1771391127306,828.0,2026-02-18 00:05:27.306
1771391127359,828.0,2026-02-18 00:05:27.359
1771391127408,829.0,2026-02-18 00:05:27.408
1771391127458,829.0,2026-02-18 00:05:27.458
1771391127506,830.0,2026-02-18 00:05:27.506
1771391127560,831.0,2026-02-18 00:05:27.560
1771391127609,831.0,2026-02-18 00:05:27.609
1771391127658,831.0,2026-02-18 00:05:27.658
1771391127711,831.0,2026-02-18 00:05:27.711
1771391127760,832.0,2026-02-18 00:05:27.760
1771391127810,832.0,2026-02-18 00:05:27.810
1771391127859,832.0,2026-02-18 00:05:27.859
1771391127912,832.0,2026-02-18 00:05:27.912
1771391127961,832.0,2026-02-18 00:05:27.961
1771391128010,832.0,2026-02-18 00:05:28.010
1771391128063,832.0,2026-02-18 00:05:28.063
1771391128112,831.0,2026-02-18 00:05:28.112
1771391128162,831.0,2026-02-18 00:05:28.162
1771391128211,831.0,2026-02-18 00:05:28.211
1771391128264,831.0,2026-02-18 00:05:28.264
1771391128313,830.0,2026-02-18 00:05:28.313
1771391128362,830.0,2026-02-18 00:05:28.362
1771391128416,830.0,2026-02-18 00:05:28.416
1771391128465,829.0,2026-02-18 00:05:28.465
1771391128514,829.0,2026-02-18 00:05:28.514
1771391128563,828.0,2026-02-18 00:05:28.563
1771391128616,828.0,2026-02-18 00:05:28.616
1771391128665,828.0,2026-02-18 00:05:28.665
1771391128714,827.0,2026-02-18 00:05:28.714
1771391128764,827.0,2026-02-18 00:05:28.764
1771391128817,827.0,2026-02-18 00:05:28.817
1771391128866,827.0,2026-02-18 00:05:28.866
1771391128915,827.0,2026-02-18 00:05:28.915
1771391128968,827.0,2026-02-18 00:05:28.968
1771391129018,827.0,2026-02-18 00:05:29.018
1771391129067,827.0,2026-02-18 00:05:29.067
1771391129116,827.0,2026-02-18 00:05:29.116
1771391129169,827.0,2026-02-18 00:05:29.169
1771391129219,826.0,2026-02-18 00:05:29.219
1771391129268,826.0,2026-02-18 00:05:29.268
1771391129321,826.0,2026-02-18 00:05:29.321
1771391129370,826.0,2026-02-18 00:05:29.370
1771391129419,826.0,2026-02-18 00:05:29.419
1771391129468,827.0,2026-02-18 00:05:29.468
1771391129521,827.0,2026-02-18 00:05:29.521
1771391129571,827.0,2026-02-18 00:05:29.571
1771391129620,827.0,2026-02-18 00:05:29.620
1771391129673,827.0,2026-02-18 00:05:29.673
1771391129723,827.0,2026-02-18 00:05:29.723
1771391129771,827.0,2026-02-18 00:05:29.771
1771391129821,827.0,2026-02-18 00:05:29.821
1771391129874,827.0,2026-02-18 00:05:29.874
1771391129923,827.0,2026-02-18 00:05:29.923
1771391129972,828.0,2026-02-18 00:05:29.972
1771391130021,828.0,2026-02-18 00:05:30.021
1771391130074,828.0,2026-02-18 00:05:30.074
1771391130124,829.0,2026-02-18 00:05:30.124
1771391130173,829.0,2026-02-18 00:05:30.173
1771391130226,829.0,2026-02-18 00:05:30.226
1771391130275,829.0,2026-02-18 00:05:30.275
1771391130324,830.0,2026-02-18 00:05:30.324
1771391130374,829.0,2026-02-18 00:05:30.374
1771391130427,829.0,2026-02-18 00:05:30.427
1771391130476,829.0,2026-02-18 00:05:30.476
1771391130525,829.0,2026-02-18 00:05:30.525
1771391130578,829.0,2026-02-18 00:05:30.578
1771391130627,829.0,2026-02-18 00:05:30.627
1771391130677,829.0,2026-02-18 00:05:30.677
1771391130726,828.0,2026-02-18 00:05:30.726
1771391130779,828.0,2026-02-18 00:05:30.779
1771391130828,828.0,2026-02-18 00:05:30.828
1771391130877,827.0,2026-02-18 00:05:30.877
1771391130930,827.0,2026-02-18 00:05:30.930
1771391130979,827.0,2026-02-18 00:05:30.979
1771391131029,826.0,2026-02-18 00:05:31.029
1771391131078,826.0,2026-02-18 00:05:31.078
1771391131131,826.0,2026-02-18 00:05:31.131
1771391131180,825.0,2026-02-18 00:05:31.180
1771391131229,825.0,2026-02-18 00:05:31.229
1771391131279,825.0,2026-02-18 00:05:31.279
1771391131332,825.0,2026-02-18 00:05:31.332
1771391131381,825.0,2026-02-18 00:05:31.381
1771391131430,825.0,2026-02-18 00:05:31.430
1771391131483,825.0,2026-02-18 00:05:31.483
1771391131533,825.0,2026-02-18 00:05:31.533
1771391131582,825.0,2026-02-18 00:05:31.582
1771391131631,825.0,2026-02-18 00:05:31.631
1771391131684,825.0,2026-02-18 00:05:31.684
1771391131733,825.0,2026-02-18 00:05:31.733
1771391131782,825.0,2026-02-18 00:05:31.782
1771391131836,825.0,2026-02-18 00:05:31.836
1771391131885,825.0,2026-02-18 00:05:31.885
1771391131934,826.0,2026-02-18 00:05:31.934
1771391131983,825.0,2026-02-18 00:05:31.983
1771391132036,826.0,2026-02-18 00:05:32.036
1771391132085,826.0,2026-02-18 00:05:32.085
1771391132135,826.0,2026-02-18 00:05:32.135
1771391132188,826.0,2026-02-18 00:05:32.188
1771391132237,826.0,2026-02-18 00:05:32.237
1771391132286,827.0,2026-02-18 00:05:32.286
1771391132335,827.0,2026-02-18 00:05:32.335
1771391132388,827.0,2026-02-18 00:05:32.388
1771391132438,828.0,2026-02-18 00:05:32.438
1771391132487,828.0,2026-02-18 00:05:32.487
1771391132536,828.0,2026-02-18 00:05:32.536
1771391132589,829.0,2026-02-18 00:05:32.589
1771391132639,829.0,2026-02-18 00:05:32.639
1771391132688,830.0,2026-02-18 00:05:32.688
1771391132741,830.0,2026-02-18 00:05:32.741
1771391132790,830.0,2026-02-18 00:05:32.790
1771391132839,830.0,2026-02-18 00:05:32.839
1771391132888,830.0,2026-02-18 00:05:32.888
1771391132941,830.0,2026-02-18 00:05:32.941
1771391132991,831.0,2026-02-18 00:05:32.991
1771391133040,831.0,2026-02-18 00:05:33.040
1771391133093,830.0,2026-02-18 00:05:33.093
1771391133142,830.0,2026-02-18 00:05:33.142
1771391133191,831.0,2026-02-18 00:05:33.191
1771391133241,830.0,2026-02-18 00:05:33.241
1771391133294,830.0,2026-02-18 00:05:33.294
1771391133343,830.0,2026-02-18 00:05:33.343
1771391133392,830.0,2026-02-18 00:05:33.392
1771391133445,829.0,2026-02-18 00:05:33.445
1771391133494,829.0,2026-02-18 00:05:33.494
1771391133544,829.0,2026-02-18 00:05:33.544
1771391133593,828.0,2026-02-18 00:05:33.593
1771391133646,828.0,2026-02-18 00:05:33.646
1771391133695,828.0,2026-02-18 00:05:33.695
1771391133744,827.0,2026-02-18 00:05:33.744
1771391133797,827.0,2026-02-18 00:05:33.797
1771391133847,827.0,2026-02-18 00:05:33.847
1771391133896,827.0,2026-02-18 00:05:33.896
1771391133945,827.0,2026-02-18 00:05:33.945
1771391133998,828.0,2026-02-18 00:05:33.998
1771391134047,827.0,2026-02-18 00:05:34.047
1771391134096,827.0,2026-02-18 00:05:34.096
1771391134146,827.0,2026-02-18 00:05:34.146
1771391134199,827.0,2026-02-18 00:05:34.199
1771391134248,827.0,2026-02-18 00:05:34.248
1771391134297,827.0,2026-02-18 00:05:34.297
1771391134350,827.0,2026-02-18 00:05:34.350
1771391134400,828.0,2026-02-18 00:05:34.400
1771391134449,827.0,2026-02-18 00:05:34.449
1771391134498,828.0,2026-02-18 00:05:34.498
1771391134551,828.0,2026-02-18 00:05:34.551
1771391134600,828.0,2026-02-18 00:05:34.600
1771391134649,828.0,2026-02-18 00:05:34.649
1771391134703,828.0,2026-02-18 00:05:34.703
1771391134752,828.0,2026-02-18 00:05:34.752
1771391134801,828.0,2026-02-18 00:05:34.801
1771391134850,829.0,2026-02-18 00:05:34.850
1771391134903,829.0,2026-02-18 00:05:34.903
1771391134952,829.0,2026-02-18 00:05:34.952
1771391135002,829.0,2026-02-18 00:05:35.002
1771391135055,829.0,2026-02-18 00:05:35.055
1771391135104,829.0,2026-02-18 00:05:35.104
1771391135153,830.0,2026-02-18 00:05:35.153
1771391135202,830.0,2026-02-18 00:05:35.202
1771391135256,831.0,2026-02-18 00:05:35.256
1771391135305,831.0,2026-02-18 00:05:35.305
1771391135354,832.0,2026-02-18 00:05:35.354
1771391135403,832.0,2026-02-18 00:05:35.403
1771391135457,833.0,2026-02-18 00:05:35.457
1771391135505,833.0,2026-02-18 00:05:35.505
1771391135555,833.0,2026-02-18 00:05:35.555
1771391135608,834.0,2026-02-18 00:05:35.608
1771391135657,834.0,2026-02-18 00:05:35.657
1771391135706,834.0,2026-02-18 00:05:35.706
1771391135755,834.0,2026-02-18 00:05:35.755
1771391135809,834.0,2026-02-18 00:05:35.809
1771391135858,834.0,2026-02-18 00:05:35.858
1771391135907,834.0,2026-02-18 00:05:35.907
1771391135960,834.0,2026-02-18 00:05:35.960
1771391136009,834.0,2026-02-18 00:05:36.009
1771391136059,834.0,2026-02-18 00:05:36.059
1771391136108,833.0,2026-02-18 00:05:36.108
1771391136161,833.0,2026-02-18 00:05:36.161
1771391136210,833.0,2026-02-18 00:05:36.210
1771391136259,833.0,2026-02-18 00:05:36.259
1771391136312,832.0,2026-02-18 00:05:36.312
1771391136361,832.0,2026-02-18 00:05:36.361
1771391136415,832.0,2026-02-18 00:05:36.415
1771391136460,831.0,2026-02-18 00:05:36.460
1771391136513,832.0,2026-02-18 00:05:36.513
1771391136562,832.0,2026-02-18 00:05:36.562
1771391136611,832.0,2026-02-18 00:05:36.611
1771391136661,832.0,2026-02-18 00:05:36.661
1771391136714,832.0,2026-02-18 00:05:36.714
1771391136763,832.0,2026-02-18 00:05:36.763
1771391136812,832.0,2026-02-18 00:05:36.812
1771391136865,832.0,2026-02-18 00:05:36.865
1771391136915,832.0,2026-02-18 00:05:36.915
1771391136964,832.0,2026-02-18 00:05:36.964
1771391137013,832.0,2026-02-18 00:05:37.013
1771391137066,832.0,2026-02-18 00:05:37.066
1771391137115,832.0,2026-02-18 00:05:37.115
1771391137164,832.0,2026-02-18 00:05:37.164
1771391137217,832.0,2026-02-18 00:05:37.217
1771391137267,833.0,2026-02-18 00:05:37.267
1771391137316,833.0,2026-02-18 00:05:37.316
1771391137365,833.0,2026-02-18 00:05:37.365
1771391137418,833.0,2026-02-18 00:05:37.418
1771391137467,833.0,2026-02-18 00:05:37.467
1771391137517,833.0,2026-02-18 00:05:37.517
1771391137570,833.0,2026-02-18 00:05:37.570
1771391137619,833.0,2026-02-18 00:05:37.619
1771391137668,833.0,2026-02-18 00:05:37.668
1771391137717,833.0,2026-02-18 00:05:37.717
1771391137770,834.0,2026-02-18 00:05:37.770
1771391137820,834.0,2026-02-18 00:05:37.820
1771391137869,834.0,2026-02-18 00:05:37.869
1771391137918,835.0,2026-02-18 00:05:37.918
1771391137971,835.0,2026-02-18 00:05:37.971
1771391138020,835.0,2026-02-18 00:05:38.020
1771391138069,835.0,2026-02-18 00:05:38.069
1771391138123,835.0,2026-02-18 00:05:38.123
1771391138172,835.0,2026-02-18 00:05:38.172
1771391138221,835.0,2026-02-18 00:05:38.221
1771391138270,835.0,2026-02-18 00:05:38.270
1771391138324,835.0,2026-02-18 00:05:38.324
1771391138373,835.0,2026-02-18 00:05:38.373
1771391138422,835.0,2026-02-18 00:05:38.422
1771391138475,835.0,2026-02-18 00:05:38.475
1771391138524,834.0,2026-02-18 00:05:38.524
1771391138573,834.0,2026-02-18 00:05:38.573
1771391138622,833.0,2026-02-18 00:05:38.622
1771391138676,833.0,2026-02-18 00:05:38.676
1771391138725,833.0,2026-02-18 00:05:38.725
1771391138774,832.0,2026-02-18 00:05:38.774
1771391138827,831.0,2026-02-18 00:05:38.827
1771391138876,831.0,2026-02-18 00:05:38.876
1771391138925,831.0,2026-02-18 00:05:38.925
1771391138975,830.0,2026-02-18 00:05:38.975
1771391139028,830.0,2026-02-18 00:05:39.028
1771391139077,830.0,2026-02-18 00:05:39.077
1771391139126,829.0,2026-02-18 00:05:39.126
1771391139175,829.0,2026-02-18 00:05:39.175
1771391139229,830.0,2026-02-18 00:05:39.229
1771391139278,830.0,2026-02-18 00:05:39.278
1771391139327,830.0,2026-02-18 00:05:39.327
1771391139380,830.0,2026-02-18 00:05:39.380
1771391139429,830.0,2026-02-18 00:05:39.429
1771391139478,829.0,2026-02-18 00:05:39.478
1771391139528,829.0,2026-02-18 00:05:39.528
1771391139581,829.0,2026-02-18 00:05:39.581
1771391139630,829.0,2026-02-18 00:05:39.630
1771391139679,829.0,2026-02-18 00:05:39.679
1771391139732,829.0,2026-02-18 00:05:39.732
1771391139782,829.0,2026-02-18 00:05:39.782
1771391139831,829.0,2026-02-18 00:05:39.831
1771391139880,829.0,2026-02-18 00:05:39.880
1771391139933,830.0,2026-02-18 00:05:39.933
1771391139982,830.0,2026-02-18 00:05:39.982
1771391140031,830.0,2026-02-18 00:05:40.031
1771391140085,830.0,2026-02-18 00:05:40.085
1771391140134,830.0,2026-02-18 00:05:40.134
1771391140183,830.0,2026-02-18 00:05:40.183
1771391140232,830.0,2026-02-18 00:05:40.232
1771391140285,830.0,2026-02-18 00:05:40.285
1771391140334,831.0,2026-02-18 00:05:40.334
1771391140384,831.0,2026-02-18 00:05:40.384
1771391140433,832.0,2026-02-18 00:05:40.433
1771391140486,832.0,2026-02-18 00:05:40.486
1771391140535,833.0,2026-02-18 00:05:40.535
1771391140584,833.0,2026-02-18 00:05:40.584
1771391140638,833.0,2026-02-18 00:05:40.638
1771391140687,834.0,2026-02-18 00:05:40.687
1771391140736,834.0,2026-02-18 00:05:40.736
1771391140785,834.0,2026-02-18 00:05:40.785
1771391140838,835.0,2026-02-18 00:05:40.838
1771391140887,835.0,2026-02-18 00:05:40.887
1771391140937,835.0,2026-02-18 00:05:40.937
1771391140990,835.0,2026-02-18 00:05:40.990
1771391141039,835.0,2026-02-18 00:05:41.039
1771391141088,835.0,2026-02-18 00:05:41.088
1771391141137,835.0,2026-02-18 00:05:41.137
1771391141191,834.0,2026-02-18 00:05:41.191
1771391141240,834.0,2026-02-18 00:05:41.240
1771391141289,834.0,2026-02-18 00:05:41.289
1771391141342,834.0,2026-02-18 00:05:41.342
1771391141391,833.0,2026-02-18 00:05:41.391
1771391141440,833.0,2026-02-18 00:05:41.440
1771391141490,833.0,2026-02-18 00:05:41.490
1771391141543,832.0,2026-02-18 00:05:41.543
1771391141592,832.0,2026-02-18 00:05:41.592
1771391141641,832.0,2026-02-18 00:05:41.641
1771391141690,832.0,2026-02-18 00:05:41.690
1771391141744,832.0,2026-02-18 00:05:41.744
1771391141793,832.0,2026-02-18 00:05:41.793
1771391141843,832.0,2026-02-18 00:05:41.843
1771391141895,832.0,2026-02-18 00:05:41.895
1771391141944,832.0,2026-02-18 00:05:41.944
1771391141993,832.0,2026-02-18 00:05:41.993
1771391142043,832.0,2026-02-18 00:05:42.043
1771391142096,832.0,2026-02-18 00:05:42.096
1771391142145,833.0,2026-02-18 00:05:42.145
1771391142194,833.0,2026-02-18 00:05:42.194
1771391142247,833.0,2026-02-18 00:05:42.247
1771391142296,833.0,2026-02-18 00:05:42.296
1771391142346,833.0,2026-02-18 00:05:42.346
1771391142395,833.0,2026-02-18 00:05:42.395
1771391142448,833.0,2026-02-18 00:05:42.448
1771391142497,834.0,2026-02-18 00:05:42.497
1771391142546,834.0,2026-02-18 00:05:42.546
1771391142599,834.0,2026-02-18 00:05:42.599
1771391142649,834.0,2026-02-18 00:05:42.649
1771391142698,834.0,2026-02-18 00:05:42.698
1771391142747,835.0,2026-02-18 00:05:42.747
1771391142800,835.0,2026-02-18 00:05:42.800
1771391142849,835.0,2026-02-18 00:05:42.849
1771391142898,835.0,2026-02-18 00:05:42.898
1771391142948,836.0,2026-02-18 00:05:42.948
1771391143001,836.0,2026-02-18 00:05:43.001
1771391143050,837.0,2026-02-18 00:05:43.050
1771391143099,837.0,2026-02-18 00:05:43.099
1771391143152,838.0,2026-02-18 00:05:43.152
1771391143201,838.0,2026-02-18 00:05:43.201
1771391143251,838.0,2026-02-18 00:05:43.251
1771391143300,839.0,2026-02-18 00:05:43.300
1771391143353,839.0,2026-02-18 00:05:43.353
1771391143402,839.0,2026-02-18 00:05:43.402
1771391143451,839.0,2026-02-18 00:05:43.451
1771391143505,839.0,2026-02-18 00:05:43.505
1771391143554,839.0,2026-02-18 00:05:43.554
1771391143603,839.0,2026-02-18 00:05:43.603
1771391143652,839.0,2026-02-18 00:05:43.652
1771391143705,839.0,2026-02-18 00:05:43.705
1771391143754,839.0,2026-02-18 00:05:43.754
1771391143804,838.0,2026-02-18 00:05:43.804
1771391143857,838.0,2026-02-18 00:05:43.857
1771391143907,838.0,2026-02-18 00:05:43.907
1771391143955,838.0,2026-02-18 00:05:43.955
1771391144005,838.0,2026-02-18 00:05:44.005
1771391144058,837.0,2026-02-18 00:05:44.058
1771391144107,837.0,2026-02-18 00:05:44.107
1771391144156,837.0,2026-02-18 00:05:44.156
1771391144209,836.0,2026-02-18 00:05:44.209
1771391144258,836.0,2026-02-18 00:05:44.258
1771391144308,836.0,2026-02-18 00:05:44.308
1771391144357,836.0,2026-02-18 00:05:44.357
1771391144410,836.0,2026-02-18 00:05:44.410
1771391144459,837.0,2026-02-18 00:05:44.459
1771391144508,837.0,2026-02-18 00:05:44.508
1771391144558,837.0,2026-02-18 00:05:44.558
1771391144611,837.0,2026-02-18 00:05:44.611
1771391144660,837.0,2026-02-18 00:05:44.660
1771391144709,837.0,2026-02-18 00:05:44.709
1771391144762,837.0,2026-02-18 00:05:44.762
1771391144811,837.0,2026-02-18 00:05:44.811
1771391144860,838.0,2026-02-18 00:05:44.860
1771391144910,838.0,2026-02-18 00:05:44.910
1771391144963,838.0,2026-02-18 00:05:44.963
1771391145012,838.0,2026-02-18 00:05:45.012
1771391145061,838.0,2026-02-18 00:05:45.061
1771391145114,838.0,2026-02-18 00:05:45.114
1771391145163,839.0,2026-02-18 00:05:45.163
1771391145213,839.0,2026-02-18 00:05:45.213
1771391145262,839.0,2026-02-18 00:05:45.262
1771391145315,839.0,2026-02-18 00:05:45.315
1771391145364,839.0,2026-02-18 00:05:45.364
1771391145413,840.0,2026-02-18 00:05:45.413
1771391145466,840.0,2026-02-18 00:05:45.466
1771391145516,840.0,2026-02-18 00:05:45.516
1771391145565,841.0,2026-02-18 00:05:45.565
1771391145614,841.0,2026-02-18 00:05:45.614
1771391145667,842.0,2026-02-18 00:05:45.667
1771391145716,843.0,2026-02-18 00:05:45.716
1771391145766,843.0,2026-02-18 00:05:45.766
1771391145815,843.0,2026-02-18 00:05:45.815
1771391145868,844.0,2026-02-18 00:05:45.868
1771391145917,844.0,2026-02-18 00:05:45.917
1771391145966,844.0,2026-02-18 00:05:45.966
1771391146019,845.0,2026-02-18 00:05:46.019
1771391146069,845.0,2026-02-18 00:05:46.069
1771391146118,845.0,2026-02-18 00:05:46.118
1771391146167,845.0,2026-02-18 00:05:46.167
1771391146220,845.0,2026-02-18 00:05:46.220
1771391146269,845.0,2026-02-18 00:05:46.269
1771391146318,845.0,2026-02-18 00:05:46.318
1771391146372,845.0,2026-02-18 00:05:46.372
1771391146421,844.0,2026-02-18 00:05:46.421
1771391146470,844.0,2026-02-18 00:05:46.470
1771391146519,844.0,2026-02-18 00:05:46.519
1771391146572,844.0,2026-02-18 00:05:46.572
1771391146622,843.0,2026-02-18 00:05:46.622
1771391146671,843.0,2026-02-18 00:05:46.671
1771391146724,842.0,2026-02-18 00:05:46.724
1771391146773,842.0,2026-02-18 00:05:46.773
1771391146822,841.0,2026-02-18 00:05:46.822
1771391146871,841.0,2026-02-18 00:05:46.871
1771391146925,841.0,2026-02-18 00:05:46.925
1771391146974,841.0,2026-02-18 00:05:46.974
1771391147023,841.0,2026-02-18 00:05:47.023
1771391147072,841.0,2026-02-18 00:05:47.072
1771391147125,841.0,2026-02-18 00:05:47.125
1771391147175,841.0,2026-02-18 00:05:47.175
1771391147224,841.0,2026-02-18 00:05:47.224
1771391147277,841.0,2026-02-18 00:05:47.277
1771391147326,841.0,2026-02-18 00:05:47.326
1771391147375,841.0,2026-02-18 00:05:47.375
1771391147424,841.0,2026-02-18 00:05:47.424
1771391147478,841.0,2026-02-18 00:05:47.478
1771391147527,841.0,2026-02-18 00:05:47.527
1771391147576,841.0,2026-02-18 00:05:47.576
1771391147629,841.0,2026-02-18 00:05:47.629
1771391147678,841.0,2026-02-18 00:05:47.678
1771391147727,841.0,2026-02-18 00:05:47.727
1771391147777,841.0,2026-02-18 00:05:47.777
1771391147830,841.0,2026-02-18 00:05:47.830
1771391147879,841.0,2026-02-18 00:05:47.879
1771391147928,841.0,2026-02-18 00:05:47.928
1771391147981,840.0,2026-02-18 00:05:47.981
1771391148031,841.0,2026-02-18 00:05:48.031
1771391148080,841.0,2026-02-18 00:05:48.080
1771391148129,841.0,2026-02-18 00:05:48.129
1771391148182,841.0,2026-02-18 00:05:48.182
1771391148231,842.0,2026-02-18 00:05:48.231
1771391148280,842.0,2026-02-18 00:05:48.280
1771391148330,842.0,2026-02-18 00:05:48.330
1771391148383,843.0,2026-02-18 00:05:48.383
1771391148432,843.0,2026-02-18 00:05:48.432
1771391148481,843.0,2026-02-18 00:05:48.481
1771391148534,843.0,2026-02-18 00:05:48.534
1771391148583,843.0,2026-02-18 00:05:48.583
1771391148633,843.0,2026-02-18 00:05:48.633
1771391148682,843.0,2026-02-18 00:05:48.682
1771391148735,843.0,2026-02-18 00:05:48.735
1771391148784,843.0,2026-02-18 00:05:48.784
1771391148833,843.0,2026-02-18 00:05:48.833
1771391148887,843.0,2026-02-18 00:05:48.887
1771391148936,843.0,2026-02-18 00:05:48.936
1771391148985,842.0,2026-02-18 00:05:48.985
1771391149034,842.0,2026-02-18 00:05:49.034
1771391149087,842.0,2026-02-18 00:05:49.087
1771391149136,841.0,2026-02-18 00:05:49.136
1771391149186,841.0,2026-02-18 00:05:49.186
1771391149239,841.0,2026-02-18 00:05:49.239
1771391149288,840.0,2026-02-18 00:05:49.288
1771391149339,839.0,2026-02-18 00:05:49.339
1771391149386,839.0,2026-02-18 00:05:49.386
1771391149439,839.0,2026-02-18 00:05:49.439
1771391149489,838.0,2026-02-18 00:05:49.489
1771391149538,838.0,2026-02-18 00:05:49.538
1771391149587,838.0,2026-02-18 00:05:49.587
1771391149640,838.0,2026-02-18 00:05:49.640
1771391149689,838.0,2026-02-18 00:05:49.689
1771391149739,838.0,2026-02-18 00:05:49.739
1771391149792,838.0,2026-02-18 00:05:49.792
1771391149841,838.0,2026-02-18 00:05:49.841
1771391149890,838.0,2026-02-18 00:05:49.890
1771391149939,838.0,2026-02-18 00:05:49.939
1771391149993,838.0,2026-02-18 00:05:49.993
1771391150042,838.0,2026-02-18 00:05:50.042
1771391150091,838.0,2026-02-18 00:05:50.091
1771391150144,838.0,2026-02-18 00:05:50.144
1771391150193,838.0,2026-02-18 00:05:50.193
1771391150243,838.0,2026-02-18 00:05:50.243
1771391150292,838.0,2026-02-18 00:05:50.292
1771391150345,838.0,2026-02-18 00:05:50.345
1771391150394,838.0,2026-02-18 00:05:50.394
1771391150443,838.0,2026-02-18 00:05:50.443
1771391150496,838.0,2026-02-18 00:05:50.496
1771391150545,838.0,2026-02-18 00:05:50.545
1771391150595,838.0,2026-02-18 00:05:50.595
1771391150644,838.0,2026-02-18 00:05:50.644
1771391150697,838.0,2026-02-18 00:05:50.697
1771391150746,838.0,2026-02-18 00:05:50.746
1771391150795,838.0,2026-02-18 00:05:50.795
1771391150844,839.0,2026-02-18 00:05:50.844
1771391150898,839.0,2026-02-18 00:05:50.898
1771391150947,839.0,2026-02-18 00:05:50.947
1771391150996,839.0,2026-02-18 00:05:50.996
1771391151049,839.0,2026-02-18 00:05:51.049
1771391151098,840.0,2026-02-18 00:05:51.098
1771391151148,840.0,2026-02-18 00:05:51.148
1771391151197,840.0,2026-02-18 00:05:51.197
1771391151250,840.0,2026-02-18 00:05:51.250
1771391151299,840.0,2026-02-18 00:05:51.299
1771391151348,840.0,2026-02-18 00:05:51.348
1771391151401,839.0,2026-02-18 00:05:51.401
1771391151451,839.0,2026-02-18 00:05:51.451
1771391151500,839.0,2026-02-18 00:05:51.500
1771391151549,839.0,2026-02-18 00:05:51.549
1771391151602,838.0,2026-02-18 00:05:51.602
1771391151651,838.0,2026-02-18 00:05:51.651
1771391151701,838.0,2026-02-18 00:05:51.701
1771391151754,838.0,2026-02-18 00:05:51.754
1771391151803,837.0,2026-02-18 00:05:51.803
1771391151852,837.0,2026-02-18 00:05:51.852
1771391151901,837.0,2026-02-18 00:05:51.901
1771391151954,837.0,2026-02-18 00:05:51.954
1771391152008,836.0,2026-02-18 00:05:52.008
1771391152053,837.0,2026-02-18 00:05:52.053
1771391152103,837.0,2026-02-18 00:05:52.103
1771391152155,837.0,2026-02-18 00:05:52.155
1771391152204,838.0,2026-02-18 00:05:52.204
1771391152254,838.0,2026-02-18 00:05:52.254
1771391152307,838.0,2026-02-18 00:05:52.307
1771391152356,839.0,2026-02-18 00:05:52.356
1771391152405,839.0,2026-02-18 00:05:52.405
1771391152454,839.0,2026-02-18 00:05:52.454
1771391152508,840.0,2026-02-18 00:05:52.508
1771391152556,840.0,2026-02-18 00:05:52.556
1771391152606,840.0,2026-02-18 00:05:52.606
1771391152659,841.0,2026-02-18 00:05:52.659
1771391152708,842.0,2026-02-18 00:05:52.708
1771391152757,842.0,2026-02-18 00:05:52.757
1771391152807,842.0,2026-02-18 00:05:52.807
1771391152860,843.0,2026-02-18 00:05:52.860
1771391152909,843.0,2026-02-18 00:05:52.909
1771391152958,844.0,2026-02-18 00:05:52.958
1771391153011,844.0,2026-02-18 00:05:53.011
1771391153060,844.0,2026-02-18 00:05:53.060
1771391153109,845.0,2026-02-18 00:05:53.109
1771391153159,845.0,2026-02-18 00:05:53.159
1771391153212,845.0,2026-02-18 00:05:53.212
1771391153261,846.0,2026-02-18 00:05:53.261
1771391153310,846.0,2026-02-18 00:05:53.310
1771391153363,847.0,2026-02-18 00:05:53.363
1771391153413,847.0,2026-02-18 00:05:53.413
1771391153462,848.0,2026-02-18 00:05:53.462
1771391153511,848.0,2026-02-18 00:05:53.511
1771391153564,849.0,2026-02-18 00:05:53.564
1771391153613,849.0,2026-02-18 00:05:53.613
1771391153662,850.0,2026-02-18 00:05:53.662
1771391153712,850.0,2026-02-18 00:05:53.712
1771391153765,850.0,2026-02-18 00:05:53.765
1771391153814,850.0,2026-02-18 00:05:53.814
1771391153863,850.0,2026-02-18 00:05:53.863
1771391153916,851.0,2026-02-18 00:05:53.916
1771391153965,851.0,2026-02-18 00:05:53.965
1771391154015,851.0,2026-02-18 00:05:54.015
1771391154064,850.0,2026-02-18 00:05:54.064
1771391154117,850.0,2026-02-18 00:05:54.117
1771391154166,850.0,2026-02-18 00:05:54.166
1771391154215,850.0,2026-02-18 00:05:54.215
1771391154269,849.0,2026-02-18 00:05:54.269
1771391154318,849.0,2026-02-18 00:05:54.318
1771391154367,849.0,2026-02-18 00:05:54.367
1771391154416,848.0,2026-02-18 00:05:54.416
1771391154469,847.0,2026-02-18 00:05:54.469
1771391154518,847.0,2026-02-18 00:05:54.518
1771391154568,847.0,2026-02-18 00:05:54.568
1771391154621,846.0,2026-02-18 00:05:54.621
1771391154670,846.0,2026-02-18 00:05:54.670
1771391154719,845.0,2026-02-18 00:05:54.719
1771391154768,845.0,2026-02-18 00:05:54.768
1771391154821,845.0,2026-02-18 00:05:54.821
1771391154871,845.0,2026-02-18 00:05:54.871
1771391154921,845.0,2026-02-18 00:05:54.921
1771391154969,845.0,2026-02-18 00:05:54.969
1771391155022,845.0,2026-02-18 00:05:55.022
1771391155071,844.0,2026-02-18 00:05:55.071
1771391155121,844.0,2026-02-18 00:05:55.121
1771391155174,844.0,2026-02-18 00:05:55.174
1771391155223,844.0,2026-02-18 00:05:55.223
1771391155272,844.0,2026-02-18 00:05:55.272
1771391155321,844.0,2026-02-18 00:05:55.321
1771391155374,844.0,2026-02-18 00:05:55.374
1771391155424,844.0,2026-02-18 00:05:55.424
1771391155473,843.0,2026-02-18 00:05:55.473
1771391155526,844.0,2026-02-18 00:05:55.526
1771391155575,843.0,2026-02-18 00:05:55.575
1771391155624,843.0,2026-02-18 00:05:55.624
1771391155674,843.0,2026-02-18 00:05:55.674
1771391155727,843.0,2026-02-18 00:05:55.727
1771391155776,843.0,2026-02-18 00:05:55.776
1771391155825,843.0,2026-02-18 00:05:55.825
1771391155878,843.0,2026-02-18 00:05:55.878
1771391155927,843.0,2026-02-18 00:05:55.927
1771391155977,843.0,2026-02-18 00:05:55.977
1771391156026,843.0,2026-02-18 00:05:56.026
1771391156079,844.0,2026-02-18 00:05:56.079
1771391156128,844.0,2026-02-18 00:05:56.128
1771391156177,844.0,2026-02-18 00:05:56.177
1771391156226,844.0,2026-02-18 00:05:56.226
1771391156280,844.0,2026-02-18 00:05:56.280
1771391156329,844.0,2026-02-18 00:05:56.329
1771391156378,845.0,2026-02-18 00:05:56.378
1771391156431,845.0,2026-02-18 00:05:56.431
1771391156480,844.0,2026-02-18 00:05:56.480
1771391156529,844.0,2026-02-18 00:05:56.529
1771391156579,844.0,2026-02-18 00:05:56.579
1771391156632,844.0,2026-02-18 00:05:56.632
1771391156681,844.0,2026-02-18 00:05:56.681
1771391156730,843.0,2026-02-18 00:05:56.730
1771391156783,843.0,2026-02-18 00:05:56.783
1771391156832,843.0,2026-02-18 00:05:56.832
1771391156882,842.0,2026-02-18 00:05:56.882
1771391156931,842.0,2026-02-18 00:05:56.931
1771391156984,841.0,2026-02-18 00:05:56.984
1771391157033,841.0,2026-02-18 00:05:57.033
1771391157082,840.0,2026-02-18 00:05:57.082
1771391157136,840.0,2026-02-18 00:05:57.136
1771391157185,839.0,2026-02-18 00:05:57.185
1771391157234,839.0,2026-02-18 00:05:57.234
1771391157283,838.0,2026-02-18 00:05:57.283
1771391157336,838.0,2026-02-18 00:05:57.336
1771391157385,838.0,2026-02-18 00:05:57.385
1771391157435,838.0,2026-02-18 00:05:57.435
1771391157484,838.0,2026-02-18 00:05:57.484
1771391157539,838.0,2026-02-18 00:05:57.539
1771391157586,838.0,2026-02-18 00:05:57.586
1771391157635,838.0,2026-02-18 00:05:57.635
1771391157688,838.0,2026-02-18 00:05:57.688
1771391157738,838.0,2026-02-18 00:05:57.738
1771391157787,838.0,2026-02-18 00:05:57.787
1771391157836,838.0,2026-02-18 00:05:57.836
1771391157889,838.0,2026-02-18 00:05:57.889
1771391157938,838.0,2026-02-18 00:05:57.938
1771391157988,838.0,2026-02-18 00:05:57.988
1771391158041,838.0,2026-02-18 00:05:58.041
1771391158090,838.0,2026-02-18 00:05:58.090
1771391158139,838.0,2026-02-18 00:05:58.139
1771391158188,838.0,2026-02-18 00:05:58.188
1771391158242,838.0,2026-02-18 00:05:58.242
1771391158291,838.0,2026-02-18 00:05:58.291
1771391158340,838.0,2026-02-18 00:05:58.340
1771391158393,838.0,2026-02-18 00:05:58.393
1771391158442,838.0,2026-02-18 00:05:58.442
1771391158491,838.0,2026-02-18 00:05:58.491
1771391158541,838.0,2026-02-18 00:05:58.541
1771391158594,838.0,2026-02-18 00:05:58.594
1771391158643,839.0,2026-02-18 00:05:58.643
1771391158692,839.0,2026-02-18 00:05:58.692
1771391158741,839.0,2026-02-18 00:05:58.741
1771391158794,840.0,2026-02-18 00:05:58.794
1771391158844,840.0,2026-02-18 00:05:58.844
1771391158893,840.0,2026-02-18 00:05:58.893
1771391158946,841.0,2026-02-18 00:05:58.946
1771391158995,841.0,2026-02-18 00:05:58.995
1771391159045,841.0,2026-02-18 00:05:59.045
1771391159094,841.0,2026-02-18 00:05:59.094
1771391159147,841.0,2026-02-18 00:05:59.147
1771391159196,841.0,2026-02-18 00:05:59.196
1771391159245,840.0,2026-02-18 00:05:59.245
1771391159298,840.0,2026-02-18 00:05:59.298
1771391159347,840.0,2026-02-18 00:05:59.347
1771391159396,840.0,2026-02-18 00:05:59.396
1771391159446,840.0,2026-02-18 00:05:59.446
1771391159499,839.0,2026-02-18 00:05:59.499
1771391159548,839.0,2026-02-18 00:05:59.548
1771391159597,839.0,2026-02-18 00:05:59.597
1771391159651,838.0,2026-02-18 00:05:59.651
1771391159700,838.0,2026-02-18 00:05:59.700
1771391159749,837.0,2026-02-18 00:05:59.749
1771391159798,837.0,2026-02-18 00:05:59.798
1771391159851,836.0,2026-02-18 00:05:59.851
1771391159900,836.0,2026-02-18 00:05:59.900
1771391159949,835.0,2026-02-18 00:05:59.949
1771391160017,835.0,2026-02-18 00:06:00.017
1771391160052,835.0,2026-02-18 00:06:00.052
1771391160101,835.0,2026-02-18 00:06:00.101
1771391160150,835.0,2026-02-18 00:06:00.150
1771391160203,835.0,2026-02-18 00:06:00.203
1771391160253,835.0,2026-02-18 00:06:00.253
1771391160302,835.0,2026-02-18 00:06:00.302
1771391160351,835.0,2026-02-18 00:06:00.351
1771391160404,835.0,2026-02-18 00:06:00.404
1771391160453,835.0,2026-02-18 00:06:00.453
1771391160502,835.0,2026-02-18 00:06:00.502
1771391160558,835.0,2026-02-18 00:06:00.558
1771391160605,835.0,2026-02-18 00:06:00.605
1771391160654,835.0,2026-02-18 00:06:00.654
1771391160703,835.0,2026-02-18 00:06:00.703
1771391160757,835.0,2026-02-18 00:06:00.757
1771391160806,835.0,2026-02-18 00:06:00.806
1771391160855,835.0,2026-02-18 00:06:00.855
1771391160908,835.0,2026-02-18 00:06:00.908
1771391160957,835.0,2026-02-18 00:06:00.957
1771391161006,835.0,2026-02-18 00:06:01.006
1771391161056,836.0,2026-02-18 00:06:01.056
1771391161109,836.0,2026-02-18 00:06:01.109
1771391161158,836.0,2026-02-18 00:06:01.158
1771391161207,836.0,2026-02-18 00:06:01.207
1771391161260,836.0,2026-02-18 00:06:01.260
1771391161309,837.0,2026-02-18 00:06:01.309
1771391161359,838.0,2026-02-18 00:06:01.359
1771391161408,838.0,2026-02-18 00:06:01.408
1771391161461,839.0,2026-02-18 00:06:01.461
1771391161510,839.0,2026-02-18 00:06:01.510
1771391161559,840.0,2026-02-18 00:06:01.559
1771391161609,840.0,2026-02-18 00:06:01.609
1771391161662,840.0,2026-02-18 00:06:01.662
1771391161711,841.0,2026-02-18 00:06:01.711
1771391161760,841.0,2026-02-18 00:06:01.760
1771391161813,841.0,2026-02-18 00:06:01.813
1771391161862,841.0,2026-02-18 00:06:01.862
1771391161911,841.0,2026-02-18 00:06:01.911
1771391161961,842.0,2026-02-18 00:06:01.961
1771391162014,841.0,2026-02-18 00:06:02.014
1771391162063,841.0,2026-02-18 00:06:02.063
1771391162112,841.0,2026-02-18 00:06:02.112
1771391162165,841.0,2026-02-18 00:06:02.165
1771391162214,841.0,2026-02-18 00:06:02.214
1771391162264,841.0,2026-02-18 00:06:02.264
1771391162313,840.0,2026-02-18 00:06:02.313
1771391162366,840.0,2026-02-18 00:06:02.366
1771391162415,840.0,2026-02-18 00:06:02.415
1771391162464,839.0,2026-02-18 00:06:02.464
1771391162517,839.0,2026-02-18 00:06:02.517
1771391162567,838.0,2026-02-18 00:06:02.567
1771391162616,838.0,2026-02-18 00:06:02.616
1771391162665,837.0,2026-02-18 00:06:02.665
1771391162718,837.0,2026-02-18 00:06:02.718
1771391162767,837.0,2026-02-18 00:06:02.767
1771391162817,837.0,2026-02-18 00:06:02.817
1771391162866,837.0,2026-02-18 00:06:02.866
1771391162919,837.0,2026-02-18 00:06:02.919
1771391162968,837.0,2026-02-18 00:06:02.968
1771391163017,837.0,2026-02-18 00:06:03.017
1771391163071,837.0,2026-02-18 00:06:03.071
1771391163120,837.0,2026-02-18 00:06:03.120
1771391163169,837.0,2026-02-18 00:06:03.169
1771391163218,837.0,2026-02-18 00:06:03.218
1771391163271,837.0,2026-02-18 00:06:03.271
1771391163320,837.0,2026-02-18 00:06:03.320
1771391163370,837.0,2026-02-18 00:06:03.370
1771391163423,837.0,2026-02-18 00:06:03.423
1771391163472,837.0,2026-02-18 00:06:03.472
1771391163521,837.0,2026-02-18 00:06:03.521
1771391163570,837.0,2026-02-18 00:06:03.570
1771391163623,837.0,2026-02-18 00:06:03.623
1771391163673,837.0,2026-02-18 00:06:03.673
1771391163722,837.0,2026-02-18 00:06:03.722
1771391163775,837.0,2026-02-18 00:06:03.775
1771391163824,837.0,2026-02-18 00:06:03.824
1771391163873,837.0,2026-02-18 00:06:03.873
1771391163922,837.0,2026-02-18 00:06:03.922
1771391163976,837.0,2026-02-18 00:06:03.976
1771391164025,838.0,2026-02-18 00:06:04.025
1771391164074,838.0,2026-02-18 00:06:04.074
1771391164123,839.0,2026-02-18 00:06:04.123
1771391164176,839.0,2026-02-18 00:06:04.176
1771391164226,839.0,2026-02-18 00:06:04.226
1771391164275,839.0,2026-02-18 00:06:04.275
1771391164328,839.0,2026-02-18 00:06:04.328
1771391164377,840.0,2026-02-18 00:06:04.377
1771391164426,840.0,2026-02-18 00:06:04.426
1771391164475,840.0,2026-02-18 00:06:04.475
1771391164529,840.0,2026-02-18 00:06:04.529
1771391164578,840.0,2026-02-18 00:06:04.578
1771391164627,840.0,2026-02-18 00:06:04.627
1771391164680,839.0,2026-02-18 00:06:04.680
1771391164729,839.0,2026-02-18 00:06:04.729
1771391164779,839.0,2026-02-18 00:06:04.779
1771391164828,839.0,2026-02-18 00:06:04.828
1771391164881,839.0,2026-02-18 00:06:04.881
1771391164930,838.0,2026-02-18 00:06:04.930
1771391164979,838.0,2026-02-18 00:06:04.979
1771391165032,837.0,2026-02-18 00:06:05.032
1771391165081,837.0,2026-02-18 00:06:05.081
1771391165131,837.0,2026-02-18 00:06:05.131
1771391165180,836.0,2026-02-18 00:06:05.180
1771391165233,835.0,2026-02-18 00:06:05.233
1771391165282,835.0,2026-02-18 00:06:05.282
1771391165331,834.0,2026-02-18 00:06:05.331
1771391165381,834.0,2026-02-18 00:06:05.381
1771391165434,834.0,2026-02-18 00:06:05.434
1771391165483,834.0,2026-02-18 00:06:05.483
1771391165532,834.0,2026-02-18 00:06:05.532
1771391165585,834.0,2026-02-18 00:06:05.585
1771391165634,834.0,2026-02-18 00:06:05.634
1771391165684,834.0,2026-02-18 00:06:05.684
1771391165733,834.0,2026-02-18 00:06:05.733
1771391165786,834.0,2026-02-18 00:06:05.786
1771391165835,834.0,2026-02-18 00:06:05.835
1771391165884,834.0,2026-02-18 00:06:05.884
1771391165938,834.0,2026-02-18 00:06:05.938
1771391165987,834.0,2026-02-18 00:06:05.987
1771391166036,834.0,2026-02-18 00:06:06.036
1771391166085,834.0,2026-02-18 00:06:06.085
1771391166138,835.0,2026-02-18 00:06:06.138
1771391166187,835.0,2026-02-18 00:06:06.187
1771391166237,835.0,2026-02-18 00:06:06.237
1771391166290,836.0,2026-02-18 00:06:06.290
1771391166339,836.0,2026-02-18 00:06:06.339
1771391166388,837.0,2026-02-18 00:06:06.388
1771391166438,837.0,2026-02-18 00:06:06.438
1771391166491,838.0,2026-02-18 00:06:06.491
1771391166540,839.0,2026-02-18 00:06:06.540
1771391166589,839.0,2026-02-18 00:06:06.589
1771391166638,840.0,2026-02-18 00:06:06.638
1771391166691,841.0,2026-02-18 00:06:06.691
1771391166741,842.0,2026-02-18 00:06:06.741
1771391166789,844.0,2026-02-18 00:06:06.789
1771391166843,845.0,2026-02-18 00:06:06.843
1771391166892,846.0,2026-02-18 00:06:06.892
1771391166941,847.0,2026-02-18 00:06:06.941
1771391166990,848.0,2026-02-18 00:06:06.990
1771391167043,849.0,2026-02-18 00:06:07.043
1771391167093,850.0,2026-02-18 00:06:07.093
1771391167142,850.0,2026-02-18 00:06:07.142
1771391167195,851.0,2026-02-18 00:06:07.195
1771391167244,851.0,2026-02-18 00:06:07.244
1771391167293,852.0,2026-02-18 00:06:07.293
1771391167342,852.0,2026-02-18 00:06:07.342
1771391167396,853.0,2026-02-18 00:06:07.396
1771391167445,853.0,2026-02-18 00:06:07.445
1771391167494,854.0,2026-02-18 00:06:07.494
1771391167547,854.0,2026-02-18 00:06:07.547
1771391167596,854.0,2026-02-18 00:06:07.596
1771391167646,854.0,2026-02-18 00:06:07.646
1771391167695,854.0,2026-02-18 00:06:07.695
1771391167748,854.0,2026-02-18 00:06:07.748
1771391167797,854.0,2026-02-18 00:06:07.797
1771391167846,854.0,2026-02-18 00:06:07.846
1771391167895,854.0,2026-02-18 00:06:07.895
1771391167949,854.0,2026-02-18 00:06:07.949
1771391167998,854.0,2026-02-18 00:06:07.998
1771391168047,854.0,2026-02-18 00:06:08.047
1771391168100,854.0,2026-02-18 00:06:08.100
1771391168149,854.0,2026-02-18 00:06:08.149
1771391168199,855.0,2026-02-18 00:06:08.199
1771391168248,855.0,2026-02-18 00:06:08.248
1771391168301,855.0,2026-02-18 00:06:08.301
1771391168350,856.0,2026-02-18 00:06:08.350
1771391168399,856.0,2026-02-18 00:06:08.399
1771391168452,856.0,2026-02-18 00:06:08.452
1771391168502,856.0,2026-02-18 00:06:08.502
1771391168551,856.0,2026-02-18 00:06:08.551
1771391168600,857.0,2026-02-18 00:06:08.600
1771391168653,857.0,2026-02-18 00:06:08.653
1771391168702,857.0,2026-02-18 00:06:08.702
1771391168751,857.0,2026-02-18 00:06:08.751
1771391168805,857.0,2026-02-18 00:06:08.805
1771391168854,857.0,2026-02-18 00:06:08.854
1771391168903,857.0,2026-02-18 00:06:08.903
1771391168952,858.0,2026-02-18 00:06:08.952
1771391169005,858.0,2026-02-18 00:06:09.005
1771391169055,858.0,2026-02-18 00:06:09.055
1771391169104,858.0,2026-02-18 00:06:09.104
1771391169154,858.0,2026-02-18 00:06:09.154
1771391169206,858.0,2026-02-18 00:06:09.206
1771391169256,858.0,2026-02-18 00:06:09.256
1771391169304,858.0,2026-02-18 00:06:09.304
1771391169358,859.0,2026-02-18 00:06:09.358
1771391169407,859.0,2026-02-18 00:06:09.407
1771391169456,860.0,2026-02-18 00:06:09.456
1771391169505,860.0,2026-02-18 00:06:09.505
1771391169558,860.0,2026-02-18 00:06:09.558
1771391169608,861.0,2026-02-18 00:06:09.608
1771391169657,861.0,2026-02-18 00:06:09.657
1771391169710,861.0,2026-02-18 00:06:09.710
1771391169759,861.0,2026-02-18 00:06:09.759
1771391169808,861.0,2026-02-18 00:06:09.808
1771391169857,861.0,2026-02-18 00:06:09.857
1771391169911,860.0,2026-02-18 00:06:09.911
1771391169960,860.0,2026-02-18 00:06:09.960
1771391170009,860.0,2026-02-18 00:06:10.009
1771391170062,859.0,2026-02-18 00:06:10.062
1771391170111,859.0,2026-02-18 00:06:10.111
1771391170160,859.0,2026-02-18 00:06:10.160
1771391170210,858.0,2026-02-18 00:06:10.210
1771391170263,858.0,2026-02-18 00:06:10.263
1771391170312,857.0,2026-02-18 00:06:10.312
1771391170361,857.0,2026-02-18 00:06:10.361
1771391170410,856.0,2026-02-18 00:06:10.410
1771391170463,855.0,2026-02-18 00:06:10.463
1771391170513,855.0,2026-02-18 00:06:10.513
1771391170562,854.0,2026-02-18 00:06:10.562
1771391170615,853.0,2026-02-18 00:06:10.615
1771391170664,853.0,2026-02-18 00:06:10.664
1771391170713,852.0,2026-02-18 00:06:10.713
1771391170763,852.0,2026-02-18 00:06:10.763
1771391170816,852.0,2026-02-18 00:06:10.816
1771391170865,852.0,2026-02-18 00:06:10.865
1771391170914,852.0,2026-02-18 00:06:10.914
1771391170967,852.0,2026-02-18 00:06:10.967
1771391171016,852.0,2026-02-18 00:06:11.016
1771391171066,852.0,2026-02-18 00:06:11.066
1771391171115,852.0,2026-02-18 00:06:11.115
1771391171168,852.0,2026-02-18 00:06:11.168
1771391171217,853.0,2026-02-18 00:06:11.217
1771391171266,853.0,2026-02-18 00:06:11.266
1771391171320,853.0,2026-02-18 00:06:11.320
1771391171369,853.0,2026-02-18 00:06:11.369
1771391171418,854.0,2026-02-18 00:06:11.418
1771391171467,854.0,2026-02-18 00:06:11.467
1771391171520,855.0,2026-02-18 00:06:11.520
1771391171569,855.0,2026-02-18 00:06:11.569
1771391171619,855.0,2026-02-18 00:06:11.619
1771391171672,856.0,2026-02-18 00:06:11.672
1771391171722,856.0,2026-02-18 00:06:11.722
1771391171772,856.0,2026-02-18 00:06:11.772
1771391171820,857.0,2026-02-18 00:06:11.820
1771391171873,857.0,2026-02-18 00:06:11.873
1771391171922,857.0,2026-02-18 00:06:11.922
1771391171971,858.0,2026-02-18 00:06:11.971
1771391172020,858.0,2026-02-18 00:06:12.020
1771391172074,859.0,2026-02-18 00:06:12.074
1771391172122,860.0,2026-02-18 00:06:12.122
1771391172172,860.0,2026-02-18 00:06:12.172
1771391172225,861.0,2026-02-18 00:06:12.225
1771391172274,861.0,2026-02-18 00:06:12.274
1771391172323,862.0,2026-02-18 00:06:12.323
1771391172372,862.0,2026-02-18 00:06:12.372
1771391172425,862.0,2026-02-18 00:06:12.425
1771391172475,862.0,2026-02-18 00:06:12.475
1771391172524,862.0,2026-02-18 00:06:12.524
1771391172577,862.0,2026-02-18 00:06:12.577
1771391172626,862.0,2026-02-18 00:06:12.626
1771391172675,862.0,2026-02-18 00:06:12.675
1771391172724,862.0,2026-02-18 00:06:12.724
1771391172778,861.0,2026-02-18 00:06:12.778
1771391172827,861.0,2026-02-18 00:06:12.827
1771391172876,861.0,2026-02-18 00:06:12.876
1771391172929,860.0,2026-02-18 00:06:12.929
1771391172978,860.0,2026-02-18 00:06:12.978
1771391173028,859.0,2026-02-18 00:06:13.028
1771391173077,859.0,2026-02-18 00:06:13.077
1771391173130,858.0,2026-02-18 00:06:13.130
1771391173179,857.0,2026-02-18 00:06:13.179
1771391173228,857.0,2026-02-18 00:06:13.228
1771391173277,856.0,2026-02-18 00:06:13.277
1771391173331,856.0,2026-02-18 00:06:13.331
1771391173380,855.0,2026-02-18 00:06:13.380
1771391173429,855.0,2026-02-18 00:06:13.429
1771391173482,855.0,2026-02-18 00:06:13.482
1771391173531,855.0,2026-02-18 00:06:13.531
1771391173580,855.0,2026-02-18 00:06:13.580
1771391173630,854.0,2026-02-18 00:06:13.630
1771391173683,854.0,2026-02-18 00:06:13.683
1771391173732,854.0,2026-02-18 00:06:13.732
1771391173781,854.0,2026-02-18 00:06:13.781
1771391173834,854.0,2026-02-18 00:06:13.834
1771391173884,853.0,2026-02-18 00:06:13.884
1771391173933,853.0,2026-02-18 00:06:13.933
1771391173982,853.0,2026-02-18 00:06:13.982
1771391174035,853.0,2026-02-18 00:06:14.035
1771391174084,853.0,2026-02-18 00:06:14.084
1771391174133,853.0,2026-02-18 00:06:14.133
1771391174187,853.0,2026-02-18 00:06:14.187
1771391174236,853.0,2026-02-18 00:06:14.236
1771391174285,853.0,2026-02-18 00:06:14.285
1771391174334,853.0,2026-02-18 00:06:14.334
1771391174387,853.0,2026-02-18 00:06:14.387
1771391174436,853.0,2026-02-18 00:06:14.436
1771391174486,852.0,2026-02-18 00:06:14.486
1771391174535,852.0,2026-02-18 00:06:14.535
1771391174590,852.0,2026-02-18 00:06:14.590
1771391174637,853.0,2026-02-18 00:06:14.637
1771391174686,853.0,2026-02-18 00:06:14.686
1771391174740,853.0,2026-02-18 00:06:14.740
1771391174789,853.0,2026-02-18 00:06:14.789
1771391174838,854.0,2026-02-18 00:06:14.838
1771391174887,854.0,2026-02-18 00:06:14.887
1771391174940,854.0,2026-02-18 00:06:14.940
1771391174990,854.0,2026-02-18 00:06:14.990
1771391175039,855.0,2026-02-18 00:06:15.039
1771391175092,855.0,2026-02-18 00:06:15.092
1771391175141,855.0,2026-02-18 00:06:15.141
1771391175190,854.0,2026-02-18 00:06:15.190
1771391175239,854.0,2026-02-18 00:06:15.239
1771391175293,854.0,2026-02-18 00:06:15.293
1771391175342,854.0,2026-02-18 00:06:15.342
1771391175391,854.0,2026-02-18 00:06:15.391
1771391175445,854.0,2026-02-18 00:06:15.445
1771391175493,853.0,2026-02-18 00:06:15.493
1771391175542,853.0,2026-02-18 00:06:15.542
1771391175592,852.0,2026-02-18 00:06:15.592
1771391175645,852.0,2026-02-18 00:06:15.645
1771391175694,852.0,2026-02-18 00:06:15.694
1771391175743,851.0,2026-02-18 00:06:15.743
1771391175792,850.0,2026-02-18 00:06:15.792
1771391175845,850.0,2026-02-18 00:06:15.845
1771391175895,849.0,2026-02-18 00:06:15.895
1771391175944,849.0,2026-02-18 00:06:15.944
1771391175997,849.0,2026-02-18 00:06:15.997
1771391176046,848.0,2026-02-18 00:06:16.046
1771391176095,848.0,2026-02-18 00:06:16.095
1771391176144,848.0,2026-02-18 00:06:16.144
1771391176198,848.0,2026-02-18 00:06:16.198
1771391176247,848.0,2026-02-18 00:06:16.247
1771391176296,848.0,2026-02-18 00:06:16.296
1771391176349,848.0,2026-02-18 00:06:16.349
1771391176398,848.0,2026-02-18 00:06:16.398
1771391176448,848.0,2026-02-18 00:06:16.448
1771391176497,848.0,2026-02-18 00:06:16.497
1771391176550,848.0,2026-02-18 00:06:16.550
1771391176599,847.0,2026-02-18 00:06:16.599
1771391176648,847.0,2026-02-18 00:06:16.648
1771391176701,847.0,2026-02-18 00:06:16.701
1771391176751,847.0,2026-02-18 00:06:16.751
1771391176800,847.0,2026-02-18 00:06:16.800
1771391176849,847.0,2026-02-18 00:06:16.849
1771391176902,847.0,2026-02-18 00:06:16.902
1771391176951,847.0,2026-02-18 00:06:16.951
1771391177001,847.0,2026-02-18 00:06:17.001
1771391177050,847.0,2026-02-18 00:06:17.050
1771391177103,847.0,2026-02-18 00:06:17.103
1771391177152,847.0,2026-02-18 00:06:17.152
1771391177201,847.0,2026-02-18 00:06:17.201
1771391177254,847.0,2026-02-18 00:06:17.254
1771391177304,847.0,2026-02-18 00:06:17.304
1771391177353,848.0,2026-02-18 00:06:17.353
1771391177402,848.0,2026-02-18 00:06:17.402
1771391177455,848.0,2026-02-18 00:06:17.455
1771391177504,849.0,2026-02-18 00:06:17.504
1771391177553,849.0,2026-02-18 00:06:17.553
1771391177607,849.0,2026-02-18 00:06:17.607
1771391177656,849.0,2026-02-18 00:06:17.656
1771391177705,849.0,2026-02-18 00:06:17.705
1771391177754,849.0,2026-02-18 00:06:17.754
1771391177808,849.0,2026-02-18 00:06:17.808
1771391177857,849.0,2026-02-18 00:06:17.857
1771391177906,849.0,2026-02-18 00:06:17.906
1771391177959,849.0,2026-02-18 00:06:17.959
1771391178008,849.0,2026-02-18 00:06:18.008
1771391178057,848.0,2026-02-18 00:06:18.057
1771391178107,848.0,2026-02-18 00:06:18.107
1771391178160,848.0,2026-02-18 00:06:18.160
1771391178209,847.0,2026-02-18 00:06:18.209
1771391178258,847.0,2026-02-18 00:06:18.258
1771391178311,846.0,2026-02-18 00:06:18.311
1771391178360,846.0,2026-02-18 00:06:18.360
1771391178410,845.0,2026-02-18 00:06:18.410
1771391178459,845.0,2026-02-18 00:06:18.459
1771391178512,844.0,2026-02-18 00:06:18.512
1771391178561,844.0,2026-02-18 00:06:18.561
1771391178611,843.0,2026-02-18 00:06:18.611
1771391178659,843.0,2026-02-18 00:06:18.659
1771391178713,843.0,2026-02-18 00:06:18.713
1771391178762,843.0,2026-02-18 00:06:18.762
1771391178811,843.0,2026-02-18 00:06:18.811
1771391178864,843.0,2026-02-18 00:06:18.864
1771391178913,843.0,2026-02-18 00:06:18.913
1771391178962,843.0,2026-02-18 00:06:18.962
1771391179012,843.0,2026-02-18 00:06:19.012
1771391179065,843.0,2026-02-18 00:06:19.065
1771391179114,843.0,2026-02-18 00:06:19.114
1771391179163,843.0,2026-02-18 00:06:19.163
1771391179216,843.0,2026-02-18 00:06:19.216
1771391179265,843.0,2026-02-18 00:06:19.265
1771391179315,843.0,2026-02-18 00:06:19.315
1771391179364,843.0,2026-02-18 00:06:19.364
1771391179418,843.0,2026-02-18 00:06:19.418
1771391179466,843.0,2026-02-18 00:06:19.466
1771391179515,843.0,2026-02-18 00:06:19.515
1771391179568,843.0,2026-02-18 00:06:19.568
1771391179618,843.0,2026-02-18 00:06:19.618
1771391179667,843.0,2026-02-18 00:06:19.667
1771391179716,843.0,2026-02-18 00:06:19.716
1771391179769,843.0,2026-02-18 00:06:19.769
1771391179818,843.0,2026-02-18 00:06:19.818
1771391179868,843.0,2026-02-18 00:06:19.868
1771391179917,843.0,2026-02-18 00:06:19.917
1771391179970,844.0,2026-02-18 00:06:19.970
1771391180019,844.0,2026-02-18 00:06:20.019
1771391180068,844.0,2026-02-18 00:06:20.068
1771391180121,845.0,2026-02-18 00:06:20.121
1771391180171,845.0,2026-02-18 00:06:20.171
1771391180220,845.0,2026-02-18 00:06:20.220
1771391180269,845.0,2026-02-18 00:06:20.269
1771391180322,846.0,2026-02-18 00:06:20.322
1771391180371,846.0,2026-02-18 00:06:20.371
1771391180421,846.0,2026-02-18 00:06:20.421
1771391180474,846.0,2026-02-18 00:06:20.474
1771391180523,846.0,2026-02-18 00:06:20.523
1771391180572,846.0,2026-02-18 00:06:20.572
1771391180621,846.0,2026-02-18 00:06:20.621
1771391180675,845.0,2026-02-18 00:06:20.675
1771391180724,845.0,2026-02-18 00:06:20.724
1771391180773,845.0,2026-02-18 00:06:20.773
1771391180826,845.0,2026-02-18 00:06:20.826
1771391180875,844.0,2026-02-18 00:06:20.875
1771391180925,844.0,2026-02-18 00:06:20.925
1771391180974,844.0,2026-02-18 00:06:20.974
1771391181027,843.0,2026-02-18 00:06:21.027
1771391181076,842.0,2026-02-18 00:06:21.076
1771391181125,842.0,2026-02-18 00:06:21.125
1771391181174,841.0,2026-02-18 00:06:21.174
1771391181227,841.0,2026-02-18 00:06:21.227
1771391181277,841.0,2026-02-18 00:06:21.277
1771391181326,841.0,2026-02-18 00:06:21.326
1771391181379,841.0,2026-02-18 00:06:21.379
1771391181428,841.0,2026-02-18 00:06:21.428
1771391181477,841.0,2026-02-18 00:06:21.477
1771391181526,841.0,2026-02-18 00:06:21.526
1771391181580,841.0,2026-02-18 00:06:21.580
1771391181631,841.0,2026-02-18 00:06:21.631
1771391181678,841.0,2026-02-18 00:06:21.678
1771391181731,841.0,2026-02-18 00:06:21.731
1771391181780,841.0,2026-02-18 00:06:21.780
1771391181830,841.0,2026-02-18 00:06:21.830
1771391181879,841.0,2026-02-18 00:06:21.879
1771391181932,841.0,2026-02-18 00:06:21.932
1771391181981,841.0,2026-02-18 00:06:21.981
1771391182030,841.0,2026-02-18 00:06:22.030
1771391182083,841.0,2026-02-18 00:06:22.083
1771391182133,841.0,2026-02-18 00:06:22.133
1771391182182,841.0,2026-02-18 00:06:22.182
1771391182231,842.0,2026-02-18 00:06:22.231
1771391182284,842.0,2026-02-18 00:06:22.284
1771391182333,842.0,2026-02-18 00:06:22.333
1771391182382,842.0,2026-02-18 00:06:22.382
1771391182432,842.0,2026-02-18 00:06:22.432
1771391182485,842.0,2026-02-18 00:06:22.485
1771391182534,842.0,2026-02-18 00:06:22.534
1771391182583,843.0,2026-02-18 00:06:22.583
1771391182636,843.0,2026-02-18 00:06:22.636
1771391182685,843.0,2026-02-18 00:06:22.685
1771391182735,844.0,2026-02-18 00:06:22.735
1771391182784,845.0,2026-02-18 00:06:22.784
1771391182837,845.0,2026-02-18 00:06:22.837
1771391182886,845.0,2026-02-18 00:06:22.886
1771391182935,846.0,2026-02-18 00:06:22.935
1771391182989,846.0,2026-02-18 00:06:22.989
1771391183038,846.0,2026-02-18 00:06:23.038
1771391183087,846.0,2026-02-18 00:06:23.087
1771391183136,847.0,2026-02-18 00:06:23.136
1771391183189,847.0,2026-02-18 00:06:23.189
1771391183238,847.0,2026-02-18 00:06:23.238
1771391183288,847.0,2026-02-18 00:06:23.288
1771391183341,847.0,2026-02-18 00:06:23.341
1771391183390,847.0,2026-02-18 00:06:23.390
1771391183439,847.0,2026-02-18 00:06:23.439
1771391183488,846.0,2026-02-18 00:06:23.488
1771391183542,846.0,2026-02-18 00:06:23.542
1771391183591,846.0,2026-02-18 00:06:23.591
1771391183640,846.0,2026-02-18 00:06:23.640
1771391183689,845.0,2026-02-18 00:06:23.689
1771391183742,845.0,2026-02-18 00:06:23.742
1771391183791,844.0,2026-02-18 00:06:23.791
1771391183841,844.0,2026-02-18 00:06:23.841
1771391183894,844.0,2026-02-18 00:06:23.894
1771391183943,843.0,2026-02-18 00:06:23.943
1771391183992,843.0,2026-02-18 00:06:23.992
1771391184041,843.0,2026-02-18 00:06:24.041
1771391184094,843.0,2026-02-18 00:06:24.094
1771391184144,843.0,2026-02-18 00:06:24.144
1771391184193,843.0,2026-02-18 00:06:24.193
1771391184246,843.0,2026-02-18 00:06:24.246
1771391184295,843.0,2026-02-18 00:06:24.295
1771391184344,843.0,2026-02-18 00:06:24.344
1771391184394,843.0,2026-02-18 00:06:24.394
1771391184447,843.0,2026-02-18 00:06:24.447
1771391184496,843.0,2026-02-18 00:06:24.496
1771391184545,843.0,2026-02-18 00:06:24.545
1771391184598,843.0,2026-02-18 00:06:24.598
1771391184647,843.0,2026-02-18 00:06:24.647
1771391184697,843.0,2026-02-18 00:06:24.697
1771391184746,843.0,2026-02-18 00:06:24.746
1771391184799,843.0,2026-02-18 00:06:24.799
1771391184848,843.0,2026-02-18 00:06:24.848
1771391184897,844.0,2026-02-18 00:06:24.897
1771391184947,843.0,2026-02-18 00:06:24.947
1771391185000,843.0,2026-02-18 00:06:25.000
1771391185049,844.0,2026-02-18 00:06:25.049
1771391185098,843.0,2026-02-18 00:06:25.098
1771391185151,844.0,2026-02-18 00:06:25.151
1771391185200,844.0,2026-02-18 00:06:25.200
1771391185250,844.0,2026-02-18 00:06:25.250
1771391185299,845.0,2026-02-18 00:06:25.299
1771391185352,845.0,2026-02-18 00:06:25.352
1771391185401,845.0,2026-02-18 00:06:25.401
1771391185450,846.0,2026-02-18 00:06:25.450
1771391185503,847.0,2026-02-18 00:06:25.503
1771391185553,847.0,2026-02-18 00:06:25.553
1771391185602,848.0,2026-02-18 00:06:25.602
1771391185651,848.0,2026-02-18 00:06:25.651
1771391185704,848.0,2026-02-18 00:06:25.704
1771391185753,849.0,2026-02-18 00:06:25.753
1771391185803,849.0,2026-02-18 00:06:25.803
1771391185856,849.0,2026-02-18 00:06:25.856
1771391185905,849.0,2026-02-18 00:06:25.905
1771391185954,849.0,2026-02-18 00:06:25.954
1771391186003,850.0,2026-02-18 00:06:26.003
1771391186056,849.0,2026-02-18 00:06:26.056
1771391186106,850.0,2026-02-18 00:06:26.106
1771391186155,849.0,2026-02-18 00:06:26.155
1771391186204,849.0,2026-02-18 00:06:26.204
1771391186257,849.0,2026-02-18 00:06:26.257
1771391186308,849.0,2026-02-18 00:06:26.308
1771391186356,849.0,2026-02-18 00:06:26.356
1771391186409,848.0,2026-02-18 00:06:26.409
1771391186458,848.0,2026-02-18 00:06:26.458
1771391186508,848.0,2026-02-18 00:06:26.508
1771391186556,847.0,2026-02-18 00:06:26.556
1771391186609,847.0,2026-02-18 00:06:26.609
1771391186659,847.0,2026-02-18 00:06:26.659
1771391186708,847.0,2026-02-18 00:06:26.708
1771391186761,847.0,2026-02-18 00:06:26.761
1771391186810,847.0,2026-02-18 00:06:26.810
1771391186859,847.0,2026-02-18 00:06:26.859
1771391186908,847.0,2026-02-18 00:06:26.908
1771391186962,847.0,2026-02-18 00:06:26.962
1771391187011,847.0,2026-02-18 00:06:27.011
1771391187060,847.0,2026-02-18 00:06:27.060
1771391187113,847.0,2026-02-18 00:06:27.113
1771391187162,847.0,2026-02-18 00:06:27.162
1771391187211,847.0,2026-02-18 00:06:27.211
1771391187261,847.0,2026-02-18 00:06:27.261
1771391187314,847.0,2026-02-18 00:06:27.314
1771391187363,847.0,2026-02-18 00:06:27.363
1771391187412,847.0,2026-02-18 00:06:27.412
1771391187465,847.0,2026-02-18 00:06:27.465
1771391187514,847.0,2026-02-18 00:06:27.514
1771391187564,847.0,2026-02-18 00:06:27.564
1771391187613,847.0,2026-02-18 00:06:27.613
1771391187666,847.0,2026-02-18 00:06:27.666
1771391187715,847.0,2026-02-18 00:06:27.715
1771391187764,847.0,2026-02-18 00:06:27.764
1771391187814,847.0,2026-02-18 00:06:27.814
1771391187867,847.0,2026-02-18 00:06:27.867
1771391187916,847.0,2026-02-18 00:06:27.916
1771391187965,847.0,2026-02-18 00:06:27.965
1771391188018,847.0,2026-02-18 00:06:28.018
1771391188067,847.0,2026-02-18 00:06:28.067
1771391188117,848.0,2026-02-18 00:06:28.117
1771391188166,848.0,2026-02-18 00:06:28.166
1771391188219,848.0,2026-02-18 00:06:28.219
1771391188268,849.0,2026-02-18 00:06:28.268
1771391188317,849.0,2026-02-18 00:06:28.317
1771391188370,849.0,2026-02-18 00:06:28.370
1771391188420,849.0,2026-02-18 00:06:28.420
1771391188469,849.0,2026-02-18 00:06:28.469
1771391188518,849.0,2026-02-18 00:06:28.518
1771391188571,849.0,2026-02-18 00:06:28.571
1771391188620,849.0,2026-02-18 00:06:28.620
1771391188670,849.0,2026-02-18 00:06:28.670
1771391188723,848.0,2026-02-18 00:06:28.723
1771391188772,848.0,2026-02-18 00:06:28.772
1771391188821,848.0,2026-02-18 00:06:28.821
1771391188870,848.0,2026-02-18 00:06:28.870
1771391188923,847.0,2026-02-18 00:06:28.923
1771391188973,847.0,2026-02-18 00:06:28.973
1771391189022,846.0,2026-02-18 00:06:29.022
1771391189071,846.0,2026-02-18 00:06:29.071
1771391189124,845.0,2026-02-18 00:06:29.124
1771391189173,845.0,2026-02-18 00:06:29.173
1771391189223,845.0,2026-02-18 00:06:29.223
1771391189276,844.0,2026-02-18 00:06:29.276
1771391189325,843.0,2026-02-18 00:06:29.325
1771391189374,843.0,2026-02-18 00:06:29.374
1771391189423,843.0,2026-02-18 00:06:29.423
1771391189477,843.0,2026-02-18 00:06:29.477
1771391189526,843.0,2026-02-18 00:06:29.526
1771391189575,843.0,2026-02-18 00:06:29.575
1771391189628,843.0,2026-02-18 00:06:29.628
1771391189677,843.0,2026-02-18 00:06:29.677
1771391189726,843.0,2026-02-18 00:06:29.726
1771391189778,843.0,2026-02-18 00:06:29.778
1771391189829,842.0,2026-02-18 00:06:29.829
1771391189878,843.0,2026-02-18 00:06:29.878
1771391189927,842.0,2026-02-18 00:06:29.927
1771391189980,842.0,2026-02-18 00:06:29.980
1771391190029,843.0,2026-02-18 00:06:30.029
1771391190079,842.0,2026-02-18 00:06:30.079
1771391190128,843.0,2026-02-18 00:06:30.128
1771391190181,842.0,2026-02-18 00:06:30.181
1771391190230,842.0,2026-02-18 00:06:30.230
1771391190279,842.0,2026-02-18 00:06:30.279
1771391190328,842.0,2026-02-18 00:06:30.328
1771391190382,842.0,2026-02-18 00:06:30.382
1771391190431,843.0,2026-02-18 00:06:30.431
1771391190480,842.0,2026-02-18 00:06:30.480
1771391190533,843.0,2026-02-18 00:06:30.533
1771391190582,843.0,2026-02-18 00:06:30.582
1771391190632,843.0,2026-02-18 00:06:30.632
1771391190681,843.0,2026-02-18 00:06:30.681
1771391190734,843.0,2026-02-18 00:06:30.734
1771391190783,843.0,2026-02-18 00:06:30.783
1771391190832,844.0,2026-02-18 00:06:30.832
1771391190885,844.0,2026-02-18 00:06:30.885
1771391190935,845.0,2026-02-18 00:06:30.935
1771391190986,845.0,2026-02-18 00:06:30.986
1771391191033,845.0,2026-02-18 00:06:31.033
1771391191091,845.0,2026-02-18 00:06:31.091
1771391191135,845.0,2026-02-18 00:06:31.135
1771391191185,845.0,2026-02-18 00:06:31.185
1771391191240,845.0,2026-02-18 00:06:31.240
1771391191287,845.0,2026-02-18 00:06:31.287
1771391191337,845.0,2026-02-18 00:06:31.337
1771391191385,845.0,2026-02-18 00:06:31.385
1771391191438,845.0,2026-02-18 00:06:31.438
1771391191488,845.0,2026-02-18 00:06:31.488
1771391191537,845.0,2026-02-18 00:06:31.537
1771391191586,844.0,2026-02-18 00:06:31.586
1771391191639,844.0,2026-02-18 00:06:31.639
1771391191688,843.0,2026-02-18 00:06:31.688
1771391191737,843.0,2026-02-18 00:06:31.737
1771391191791,843.0,2026-02-18 00:06:31.791
1771391191840,842.0,2026-02-18 00:06:31.840
1771391191889,842.0,2026-02-18 00:06:31.889
1771391191938,841.0,2026-02-18 00:06:31.938
1771391191991,841.0,2026-02-18 00:06:31.991
1771391192040,840.0,2026-02-18 00:06:32.040
1771391192090,840.0,2026-02-18 00:06:32.090
1771391192143,840.0,2026-02-18 00:06:32.143
1771391192192,840.0,2026-02-18 00:06:32.192
1771391192241,840.0,2026-02-18 00:06:32.241
1771391192290,840.0,2026-02-18 00:06:32.290
1771391192344,840.0,2026-02-18 00:06:32.344
1771391192393,840.0,2026-02-18 00:06:32.393
1771391192442,840.0,2026-02-18 00:06:32.442
1771391192495,840.0,2026-02-18 00:06:32.495
1771391192544,840.0,2026-02-18 00:06:32.544
1771391192593,840.0,2026-02-18 00:06:32.593
1771391192642,840.0,2026-02-18 00:06:32.642
1771391192696,840.0,2026-02-18 00:06:32.696
1771391192745,840.0,2026-02-18 00:06:32.745
1771391192794,840.0,2026-02-18 00:06:32.794
1771391192847,840.0,2026-02-18 00:06:32.847
1771391192896,840.0,2026-02-18 00:06:32.896
1771391192946,840.0,2026-02-18 00:06:32.946
1771391192995,840.0,2026-02-18 00:06:32.995
1771391193048,840.0,2026-02-18 00:06:33.048
1771391193097,840.0,2026-02-18 00:06:33.097
1771391193146,840.0,2026-02-18 00:06:33.146
1771391193195,840.0,2026-02-18 00:06:33.195
1771391193249,840.0,2026-02-18 00:06:33.249
1771391193298,840.0,2026-02-18 00:06:33.298
1771391193347,840.0,2026-02-18 00:06:33.347
1771391193400,840.0,2026-02-18 00:06:33.400
1771391193450,841.0,2026-02-18 00:06:33.450
1771391193498,841.0,2026-02-18 00:06:33.498
1771391193548,841.0,2026-02-18 00:06:33.548
1771391193601,842.0,2026-02-18 00:06:33.601
1771391193650,842.0,2026-02-18 00:06:33.650
1771391193699,842.0,2026-02-18 00:06:33.699
1771391193752,843.0,2026-02-18 00:06:33.752
1771391193802,843.0,2026-02-18 00:06:33.802
1771391193851,843.0,2026-02-18 00:06:33.851
1771391193900,843.0,2026-02-18 00:06:33.900
1771391193953,843.0,2026-02-18 00:06:33.953
1771391194003,843.0,2026-02-18 00:06:34.003
1771391194051,843.0,2026-02-18 00:06:34.051
1771391194105,843.0,2026-02-18 00:06:34.105
1771391194154,843.0,2026-02-18 00:06:34.154
1771391194203,843.0,2026-02-18 00:06:34.203
1771391194252,842.0,2026-02-18 00:06:34.252
1771391194306,842.0,2026-02-18 00:06:34.306
1771391194355,842.0,2026-02-18 00:06:34.355
1771391194404,842.0,2026-02-18 00:06:34.404
1771391194453,841.0,2026-02-18 00:06:34.453
1771391194506,841.0,2026-02-18 00:06:34.506
1771391194555,841.0,2026-02-18 00:06:34.555
1771391194605,840.0,2026-02-18 00:06:34.605
1771391194658,840.0,2026-02-18 00:06:34.658
1771391194707,839.0,2026-02-18 00:06:34.707
1771391194756,839.0,2026-02-18 00:06:34.756
1771391194805,838.0,2026-02-18 00:06:34.805
1771391194858,838.0,2026-02-18 00:06:34.858
1771391194908,838.0,2026-02-18 00:06:34.908
1771391194957,838.0,2026-02-18 00:06:34.957
1771391195010,838.0,2026-02-18 00:06:35.010
1771391195059,838.0,2026-02-18 00:06:35.059
1771391195108,838.0,2026-02-18 00:06:35.108
1771391195157,838.0,2026-02-18 00:06:35.157
1771391195211,838.0,2026-02-18 00:06:35.211
1771391195260,838.0,2026-02-18 00:06:35.260
1771391195309,838.0,2026-02-18 00:06:35.309
1771391195362,838.0,2026-02-18 00:06:35.362
1771391195411,838.0,2026-02-18 00:06:35.411
1771391195460,839.0,2026-02-18 00:06:35.460
1771391195510,839.0,2026-02-18 00:06:35.510
1771391195563,839.0,2026-02-18 00:06:35.563
1771391195612,839.0,2026-02-18 00:06:35.612
1771391195661,839.0,2026-02-18 00:06:35.661
1771391195710,839.0,2026-02-18 00:06:35.710
1771391195764,839.0,2026-02-18 00:06:35.764
1771391195813,840.0,2026-02-18 00:06:35.813
1771391195862,840.0,2026-02-18 00:06:35.862
1771391195915,840.0,2026-02-18 00:06:35.915
1771391195964,840.0,2026-02-18 00:06:35.964
1771391196013,840.0,2026-02-18 00:06:36.013
1771391196063,840.0,2026-02-18 00:06:36.063
1771391196116,840.0,2026-02-18 00:06:36.116
1771391196165,840.0,2026-02-18 00:06:36.165
1771391196214,841.0,2026-02-18 00:06:36.214
1771391196267,841.0,2026-02-18 00:06:36.267
1771391196316,842.0,2026-02-18 00:06:36.316
1771391196366,842.0,2026-02-18 00:06:36.366
1771391196415,842.0,2026-02-18 00:06:36.415
1771391196468,843.0,2026-02-18 00:06:36.468
1771391196517,843.0,2026-02-18 00:06:36.517
1771391196566,843.0,2026-02-18 00:06:36.566
1771391196620,844.0,2026-02-18 00:06:36.620
1771391196669,844.0,2026-02-18 00:06:36.669
1771391196718,844.0,2026-02-18 00:06:36.718
1771391196767,844.0,2026-02-18 00:06:36.767
1771391196820,844.0,2026-02-18 00:06:36.820
1771391196869,844.0,2026-02-18 00:06:36.869
1771391196919,844.0,2026-02-18 00:06:36.919
1771391196968,844.0,2026-02-18 00:06:36.968
1771391197021,844.0,2026-02-18 00:06:37.021
1771391197070,844.0,2026-02-18 00:06:37.070
1771391197119,844.0,2026-02-18 00:06:37.119
1771391197173,843.0,2026-02-18 00:06:37.173
1771391197222,843.0,2026-02-18 00:06:37.222
1771391197271,843.0,2026-02-18 00:06:37.271
1771391197320,842.0,2026-02-18 00:06:37.320
1771391197373,842.0,2026-02-18 00:06:37.373
1771391197423,842.0,2026-02-18 00:06:37.423
1771391197472,841.0,2026-02-18 00:06:37.472
1771391197525,841.0,2026-02-18 00:06:37.525
1771391197574,840.0,2026-02-18 00:06:37.574
1771391197623,840.0,2026-02-18 00:06:37.623
1771391197672,840.0,2026-02-18 00:06:37.672
1771391197726,840.0,2026-02-18 00:06:37.726
1771391197775,840.0,2026-02-18 00:06:37.775
1771391197824,840.0,2026-02-18 00:06:37.824
1771391197877,840.0,2026-02-18 00:06:37.877
1771391197926,840.0,2026-02-18 00:06:37.926
1771391197975,841.0,2026-02-18 00:06:37.975
1771391198025,841.0,2026-02-18 00:06:38.025
1771391198078,841.0,2026-02-18 00:06:38.078
1771391198127,840.0,2026-02-18 00:06:38.127
1771391198176,841.0,2026-02-18 00:06:38.176
1771391198225,841.0,2026-02-18 00:06:38.225
1771391198278,841.0,2026-02-18 00:06:38.278
1771391198328,841.0,2026-02-18 00:06:38.328
1771391198377,841.0,2026-02-18 00:06:38.377
1771391198430,841.0,2026-02-18 00:06:38.430
1771391198479,841.0,2026-02-18 00:06:38.479
1771391198528,841.0,2026-02-18 00:06:38.528
1771391198577,841.0,2026-02-18 00:06:38.577
1771391198631,841.0,2026-02-18 00:06:38.631
1771391198680,841.0,2026-02-18 00:06:38.680
1771391198729,841.0,2026-02-18 00:06:38.729
1771391198782,841.0,2026-02-18 00:06:38.782
1771391198832,841.0,2026-02-18 00:06:38.832
1771391198880,841.0,2026-02-18 00:06:38.880
1771391198930,841.0,2026-02-18 00:06:38.930
1771391198983,842.0,2026-02-18 00:06:38.983
1771391199032,842.0,2026-02-18 00:06:39.032
1771391199081,842.0,2026-02-18 00:06:39.081
1771391199134,843.0,2026-02-18 00:06:39.134
1771391199184,843.0,2026-02-18 00:06:39.184
1771391199233,844.0,2026-02-18 00:06:39.233
1771391199282,844.0,2026-02-18 00:06:39.282
1771391199335,844.0,2026-02-18 00:06:39.335
1771391199384,844.0,2026-02-18 00:06:39.384
1771391199433,844.0,2026-02-18 00:06:39.433
1771391199487,844.0,2026-02-18 00:06:39.487
1771391199536,845.0,2026-02-18 00:06:39.536
1771391199585,844.0,2026-02-18 00:06:39.585
1771391199634,844.0,2026-02-18 00:06:39.634
1771391199687,844.0,2026-02-18 00:06:39.687
1771391199737,844.0,2026-02-18 00:06:39.737
1771391199786,844.0,2026-02-18 00:06:39.786
1771391199835,844.0,2026-02-18 00:06:39.835
1771391199888,844.0,2026-02-18 00:06:39.888
1771391199937,843.0,2026-02-18 00:06:39.937
1771391199986,843.0,2026-02-18 00:06:39.986
1771391200040,842.0,2026-02-18 00:06:40.040
1771391200089,842.0,2026-02-18 00:06:40.089
1771391200138,842.0,2026-02-18 00:06:40.138
1771391200187,841.0,2026-02-18 00:06:40.187
1771391200240,841.0,2026-02-18 00:06:40.240
1771391200290,840.0,2026-02-18 00:06:40.290
1771391200340,840.0,2026-02-18 00:06:40.340
1771391200392,839.0,2026-02-18 00:06:40.392
1771391200441,839.0,2026-02-18 00:06:40.441
1771391200490,839.0,2026-02-18 00:06:40.490
1771391200540,839.0,2026-02-18 00:06:40.540
1771391200593,839.0,2026-02-18 00:06:40.593
1771391200642,839.0,2026-02-18 00:06:40.642
1771391200691,839.0,2026-02-18 00:06:40.691
1771391200744,839.0,2026-02-18 00:06:40.744
1771391200793,839.0,2026-02-18 00:06:40.793
1771391200842,839.0,2026-02-18 00:06:40.842
1771391200892,839.0,2026-02-18 00:06:40.892
1771391200945,839.0,2026-02-18 00:06:40.945
1771391200994,839.0,2026-02-18 00:06:40.994
1771391201043,839.0,2026-02-18 00:06:41.043
1771391201092,839.0,2026-02-18 00:06:41.092
1771391201145,839.0,2026-02-18 00:06:41.145
1771391201195,839.0,2026-02-18 00:06:41.195
1771391201244,839.0,2026-02-18 00:06:41.244
1771391201297,839.0,2026-02-18 00:06:41.297
1771391201346,839.0,2026-02-18 00:06:41.346
1771391201395,839.0,2026-02-18 00:06:41.395
1771391201445,839.0,2026-02-18 00:06:41.445
1771391201498,839.0,2026-02-18 00:06:41.498
1771391201547,839.0,2026-02-18 00:06:41.547
1771391201596,839.0,2026-02-18 00:06:41.596
1771391201649,839.0,2026-02-18 00:06:41.649
1771391201698,839.0,2026-02-18 00:06:41.698
1771391201748,839.0,2026-02-18 00:06:41.748
1771391201797,840.0,2026-02-18 00:06:41.797
1771391201850,840.0,2026-02-18 00:06:41.850
1771391201899,840.0,2026-02-18 00:06:41.899
1771391201949,841.0,2026-02-18 00:06:41.949
1771391202002,841.0,2026-02-18 00:06:42.002
1771391202051,841.0,2026-02-18 00:06:42.051
1771391202100,841.0,2026-02-18 00:06:42.100
1771391202149,842.0,2026-02-18 00:06:42.149
1771391202202,842.0,2026-02-18 00:06:42.202
1771391202252,842.0,2026-02-18 00:06:42.252
1771391202301,842.0,2026-02-18 00:06:42.301
1771391202350,842.0,2026-02-18 00:06:42.350
1771391202403,842.0,2026-02-18 00:06:42.403
1771391202452,842.0,2026-02-18 00:06:42.452
1771391202501,842.0,2026-02-18 00:06:42.501
1771391202554,842.0,2026-02-18 00:06:42.554
1771391202604,842.0,2026-02-18 00:06:42.604
1771391202653,842.0,2026-02-18 00:06:42.653
1771391202702,841.0,2026-02-18 00:06:42.702
1771391202755,841.0,2026-02-18 00:06:42.755
1771391202804,841.0,2026-02-18 00:06:42.804
1771391202853,840.0,2026-02-18 00:06:42.853
1771391202907,840.0,2026-02-18 00:06:42.907
1771391202956,839.0,2026-02-18 00:06:42.956
1771391203005,839.0,2026-02-18 00:06:43.005
1771391203054,839.0,2026-02-18 00:06:43.054
1771391203107,838.0,2026-02-18 00:06:43.107
1771391203157,837.0,2026-02-18 00:06:43.157
1771391203206,837.0,2026-02-18 00:06:43.206
1771391203259,837.0,2026-02-18 00:06:43.259
1771391203308,837.0,2026-02-18 00:06:43.308
1771391203357,837.0,2026-02-18 00:06:43.357
1771391203407,837.0,2026-02-18 00:06:43.407
1771391203460,837.0,2026-02-18 00:06:43.460
1771391203509,837.0,2026-02-18 00:06:43.509
1771391203558,837.0,2026-02-18 00:06:43.558
1771391203607,837.0,2026-02-18 00:06:43.607
1771391203660,837.0,2026-02-18 00:06:43.660
1771391203709,837.0,2026-02-18 00:06:43.709
1771391203759,837.0,2026-02-18 00:06:43.759
1771391203812,837.0,2026-02-18 00:06:43.812
1771391203861,837.0,2026-02-18 00:06:43.861
1771391203910,837.0,2026-02-18 00:06:43.910
1771391203959,837.0,2026-02-18 00:06:43.959
1771391204013,837.0,2026-02-18 00:06:44.013
1771391204062,837.0,2026-02-18 00:06:44.062
1771391204111,837.0,2026-02-18 00:06:44.111
1771391204164,837.0,2026-02-18 00:06:44.164
1771391204213,837.0,2026-02-18 00:06:44.213
1771391204263,837.0,2026-02-18 00:06:44.263
1771391204312,837.0,2026-02-18 00:06:44.312
1771391204365,837.0,2026-02-18 00:06:44.365
1771391204414,837.0,2026-02-18 00:06:44.414
1771391204463,837.0,2026-02-18 00:06:44.463
1771391204516,837.0,2026-02-18 00:06:44.516
1771391204566,837.0,2026-02-18 00:06:44.566
1771391204615,837.0,2026-02-18 00:06:44.615
1771391204664,838.0,2026-02-18 00:06:44.664
1771391204717,838.0,2026-02-18 00:06:44.717
1771391204766,839.0,2026-02-18 00:06:44.766
1771391204815,839.0,2026-02-18 00:06:44.815
1771391204869,839.0,2026-02-18 00:06:44.869
1771391204918,839.0,2026-02-18 00:06:44.918
1771391204967,840.0,2026-02-18 00:06:44.967
1771391205016,840.0,2026-02-18 00:06:45.016
1771391205069,840.0,2026-02-18 00:06:45.069
1771391205118,840.0,2026-02-18 00:06:45.118
1771391205168,840.0,2026-02-18 00:06:45.168
1771391205217,840.0,2026-02-18 00:06:45.217
1771391205270,840.0,2026-02-18 00:06:45.270
1771391205319,839.0,2026-02-18 00:06:45.319
1771391205368,839.0,2026-02-18 00:06:45.368
1771391205422,839.0,2026-02-18 00:06:45.422
1771391205471,839.0,2026-02-18 00:06:45.471
1771391205520,839.0,2026-02-18 00:06:45.520
1771391205569,838.0,2026-02-18 00:06:45.569
1771391205622,838.0,2026-02-18 00:06:45.622
1771391205671,838.0,2026-02-18 00:06:45.671
1771391205721,837.0,2026-02-18 00:06:45.721
1771391205774,837.0,2026-02-18 00:06:45.774
1771391205823,837.0,2026-02-18 00:06:45.823
1771391205872,836.0,2026-02-18 00:06:45.872
1771391205921,836.0,2026-02-18 00:06:45.921
1771391205974,835.0,2026-02-18 00:06:45.974
1771391206024,835.0,2026-02-18 00:06:46.024
1771391206073,835.0,2026-02-18 00:06:46.073
1771391206126,834.0,2026-02-18 00:06:46.126
1771391206175,834.0,2026-02-18 00:06:46.175
1771391206224,835.0,2026-02-18 00:06:46.224
1771391206274,834.0,2026-02-18 00:06:46.274
1771391206327,834.0,2026-02-18 00:06:46.327
1771391206376,835.0,2026-02-18 00:06:46.376
1771391206425,834.0,2026-02-18 00:06:46.425
1771391206474,834.0,2026-02-18 00:06:46.474
1771391206527,834.0,2026-02-18 00:06:46.527
1771391206577,834.0,2026-02-18 00:06:46.577
1771391206626,834.0,2026-02-18 00:06:46.626
1771391206679,835.0,2026-02-18 00:06:46.679
1771391206728,835.0,2026-02-18 00:06:46.728
1771391206777,835.0,2026-02-18 00:06:46.777
1771391206826,834.0,2026-02-18 00:06:46.826
1771391206880,835.0,2026-02-18 00:06:46.880
1771391206929,835.0,2026-02-18 00:06:46.929
1771391206978,835.0,2026-02-18 00:06:46.978
1771391207031,835.0,2026-02-18 00:06:47.031
1771391207080,835.0,2026-02-18 00:06:47.080
1771391207130,835.0,2026-02-18 00:06:47.130
1771391207179,835.0,2026-02-18 00:06:47.179
1771391207232,835.0,2026-02-18 00:06:47.232
1771391207281,835.0,2026-02-18 00:06:47.281
1771391207330,835.0,2026-02-18 00:06:47.330
1771391207383,835.0,2026-02-18 00:06:47.383
1771391207433,835.0,2026-02-18 00:06:47.433
1771391207482,836.0,2026-02-18 00:06:47.482
1771391207531,836.0,2026-02-18 00:06:47.531
1771391207584,837.0,2026-02-18 00:06:47.584
1771391207633,837.0,2026-02-18 00:06:47.633
1771391207682,837.0,2026-02-18 00:06:47.682
1771391207732,838.0,2026-02-18 00:06:47.732
1771391207785,838.0,2026-02-18 00:06:47.785
1771391207834,838.0,2026-02-18 00:06:47.834
1771391207883,838.0,2026-02-18 00:06:47.883
1771391207936,838.0,2026-02-18 00:06:47.936
1771391207986,838.0,2026-02-18 00:06:47.986
1771391208035,838.0,2026-02-18 00:06:48.035
1771391208084,838.0,2026-02-18 00:06:48.084
1771391208137,838.0,2026-02-18 00:06:48.137
1771391208186,837.0,2026-02-18 00:06:48.186
1771391208235,837.0,2026-02-18 00:06:48.235
1771391208289,837.0,2026-02-18 00:06:48.289
1771391208339,837.0,2026-02-18 00:06:48.339
1771391208387,836.0,2026-02-18 00:06:48.387
1771391208436,836.0,2026-02-18 00:06:48.436
1771391208489,836.0,2026-02-18 00:06:48.489
1771391208539,835.0,2026-02-18 00:06:48.539
1771391208588,835.0,2026-02-18 00:06:48.588
1771391208641,834.0,2026-02-18 00:06:48.641
1771391208690,834.0,2026-02-18 00:06:48.690
1771391208739,833.0,2026-02-18 00:06:48.739
1771391208789,833.0,2026-02-18 00:06:48.789
1771391208842,833.0,2026-02-18 00:06:48.842
1771391208891,833.0,2026-02-18 00:06:48.891
1771391208940,833.0,2026-02-18 00:06:48.940
1771391208989,833.0,2026-02-18 00:06:48.989
1771391209042,833.0,2026-02-18 00:06:49.042
1771391209091,832.0,2026-02-18 00:06:49.091
1771391209141,833.0,2026-02-18 00:06:49.141
1771391209194,833.0,2026-02-18 00:06:49.194
1771391209243,833.0,2026-02-18 00:06:49.243
1771391209292,832.0,2026-02-18 00:06:49.292
1771391209341,832.0,2026-02-18 00:06:49.341
1771391209394,833.0,2026-02-18 00:06:49.394
1771391209444,833.0,2026-02-18 00:06:49.444
1771391209493,833.0,2026-02-18 00:06:49.493
1771391209546,833.0,2026-02-18 00:06:49.546
1771391209595,833.0,2026-02-18 00:06:49.595
1771391209644,833.0,2026-02-18 00:06:49.644
1771391209694,833.0,2026-02-18 00:06:49.694
1771391209747,833.0,2026-02-18 00:06:49.747
1771391209796,833.0,2026-02-18 00:06:49.796
1771391209845,833.0,2026-02-18 00:06:49.845
1771391209898,833.0,2026-02-18 00:06:49.898
1771391209948,833.0,2026-02-18 00:06:49.948
1771391209997,833.0,2026-02-18 00:06:49.997
1771391210046,833.0,2026-02-18 00:06:50.046
1771391210099,833.0,2026-02-18 00:06:50.099
1771391210148,833.0,2026-02-18 00:06:50.148
1771391210197,834.0,2026-02-18 00:06:50.197
1771391210247,834.0,2026-02-18 00:06:50.247
1771391210300,834.0,2026-02-18 00:06:50.300
1771391210349,835.0,2026-02-18 00:06:50.349
1771391210398,835.0,2026-02-18 00:06:50.398
1771391210451,835.0,2026-02-18 00:06:50.451
1771391210500,836.0,2026-02-18 00:06:50.500
1771391210550,836.0,2026-02-18 00:06:50.550
1771391210599,836.0,2026-02-18 00:06:50.599
1771391210652,836.0,2026-02-18 00:06:50.652
1771391210701,836.0,2026-02-18 00:06:50.701
1771391210750,836.0,2026-02-18 00:06:50.750
1771391210803,836.0,2026-02-18 00:06:50.803
1771391210853,836.0,2026-02-18 00:06:50.853
1771391210902,836.0,2026-02-18 00:06:50.902
1771391210951,836.0,2026-02-18 00:06:50.951
1771391211004,836.0,2026-02-18 00:06:51.004
1771391211053,835.0,2026-02-18 00:06:51.053
1771391211102,835.0,2026-02-18 00:06:51.102
1771391211156,835.0,2026-02-18 00:06:51.156
1771391211205,834.0,2026-02-18 00:06:51.205
1771391211254,834.0,2026-02-18 00:06:51.254
1771391211303,834.0,2026-02-18 00:06:51.303
1771391211356,833.0,2026-02-18 00:06:51.356
1771391211406,833.0,2026-02-18 00:06:51.406
1771391211455,832.0,2026-02-18 00:06:51.455
1771391211504,832.0,2026-02-18 00:06:51.504
1771391211557,831.0,2026-02-18 00:06:51.557
1771391211606,831.0,2026-02-18 00:06:51.606
1771391211656,831.0,2026-02-18 00:06:51.656
1771391211709,831.0,2026-02-18 00:06:51.709
1771391211758,831.0,2026-02-18 00:06:51.758
1771391211807,831.0,2026-02-18 00:06:51.807
1771391211856,831.0,2026-02-18 00:06:51.856
1771391211909,831.0,2026-02-18 00:06:51.909
1771391211959,831.0,2026-02-18 00:06:51.959
1771391212008,831.0,2026-02-18 00:06:52.008
1771391212061,831.0,2026-02-18 00:06:52.061
1771391212110,831.0,2026-02-18 00:06:52.110
1771391212159,831.0,2026-02-18 00:06:52.159
1771391212209,831.0,2026-02-18 00:06:52.209
1771391212262,831.0,2026-02-18 00:06:52.262
1771391212312,831.0,2026-02-18 00:06:52.312
1771391212360,831.0,2026-02-18 00:06:52.360
1771391212413,831.0,2026-02-18 00:06:52.413
1771391212462,831.0,2026-02-18 00:06:52.462
1771391212511,831.0,2026-02-18 00:06:52.511
1771391212561,831.0,2026-02-18 00:06:52.561
1771391212614,831.0,2026-02-18 00:06:52.614
1771391212663,831.0,2026-02-18 00:06:52.663
1771391212712,831.0,2026-02-18 00:06:52.712
1771391212761,831.0,2026-02-18 00:06:52.761
1771391212815,832.0,2026-02-18 00:06:52.815
1771391212864,831.0,2026-02-18 00:06:52.864
1771391212913,832.0,2026-02-18 00:06:52.913
1771391212966,832.0,2026-02-18 00:06:52.966
1771391213015,832.0,2026-02-18 00:06:53.015
1771391213064,832.0,2026-02-18 00:06:53.064
1771391213114,833.0,2026-02-18 00:06:53.114
1771391213167,833.0,2026-02-18 00:06:53.167
1771391213216,834.0,2026-02-18 00:06:53.216
1771391213265,834.0,2026-02-18 00:06:53.265
1771391213318,834.0,2026-02-18 00:06:53.318
1771391213367,834.0,2026-02-18 00:06:53.367
1771391213417,834.0,2026-02-18 00:06:53.417
1771391213466,835.0,2026-02-18 00:06:53.466
1771391213519,835.0,2026-02-18 00:06:53.519
1771391213568,835.0,2026-02-18 00:06:53.568
1771391213617,835.0,2026-02-18 00:06:53.617
1771391213671,834.0,2026-02-18 00:06:53.671
1771391213720,835.0,2026-02-18 00:06:53.720
1771391213769,834.0,2026-02-18 00:06:53.769
1771391213818,834.0,2026-02-18 00:06:53.818
1771391213871,834.0,2026-02-18 00:06:53.871
1771391213921,834.0,2026-02-18 00:06:53.921
1771391213970,833.0,2026-02-18 00:06:53.970
1771391214019,833.0,2026-02-18 00:06:54.019
1771391214072,832.0,2026-02-18 00:06:54.072
1771391214121,832.0,2026-02-18 00:06:54.121
1771391214171,832.0,2026-02-18 00:06:54.171
1771391214224,831.0,2026-02-18 00:06:54.224
1771391214273,831.0,2026-02-18 00:06:54.273
1771391214322,830.0,2026-02-18 00:06:54.322
1771391214371,830.0,2026-02-18 00:06:54.371
1771391214424,830.0,2026-02-18 00:06:54.424
1771391214473,830.0,2026-02-18 00:06:54.473
1771391214523,830.0,2026-02-18 00:06:54.523
1771391214576,830.0,2026-02-18 00:06:54.576
1771391214625,830.0,2026-02-18 00:06:54.625
1771391214674,830.0,2026-02-18 00:06:54.674
1771391214723,830.0,2026-02-18 00:06:54.723
1771391214777,830.0,2026-02-18 00:06:54.777
1771391214826,830.0,2026-02-18 00:06:54.826
1771391214875,830.0,2026-02-18 00:06:54.875
1771391214928,830.0,2026-02-18 00:06:54.928
1771391214977,831.0,2026-02-18 00:06:54.977
1771391215026,831.0,2026-02-18 00:06:55.026
1771391215076,831.0,2026-02-18 00:06:55.076
1771391215129,832.0,2026-02-18 00:06:55.129
1771391215178,832.0,2026-02-18 00:06:55.178
1771391215227,833.0,2026-02-18 00:06:55.227
1771391215280,833.0,2026-02-18 00:06:55.280
1771391215329,834.0,2026-02-18 00:06:55.329
1771391215379,835.0,2026-02-18 00:06:55.379
1771391215428,835.0,2026-02-18 00:06:55.428
1771391215481,836.0,2026-02-18 00:06:55.481
1771391215530,836.0,2026-02-18 00:06:55.530
1771391215579,837.0,2026-02-18 00:06:55.579
1771391215628,838.0,2026-02-18 00:06:55.628
1771391215682,838.0,2026-02-18 00:06:55.682
1771391215731,839.0,2026-02-18 00:06:55.731
1771391215780,839.0,2026-02-18 00:06:55.780
1771391215833,841.0,2026-02-18 00:06:55.833
1771391215882,841.0,2026-02-18 00:06:55.882
1771391215932,842.0,2026-02-18 00:06:55.932
1771391215981,843.0,2026-02-18 00:06:55.981
1771391216034,844.0,2026-02-18 00:06:56.034
1771391216083,845.0,2026-02-18 00:06:56.083
1771391216132,845.0,2026-02-18 00:06:56.132
1771391216185,846.0,2026-02-18 00:06:56.185
1771391216235,846.0,2026-02-18 00:06:56.235
1771391216284,846.0,2026-02-18 00:06:56.284
1771391216333,846.0,2026-02-18 00:06:56.333
1771391216386,847.0,2026-02-18 00:06:56.386
1771391216435,847.0,2026-02-18 00:06:56.435
1771391216484,847.0,2026-02-18 00:06:56.484
1771391216538,847.0,2026-02-18 00:06:56.538
1771391216587,847.0,2026-02-18 00:06:56.587
1771391216636,847.0,2026-02-18 00:06:56.636
1771391216685,847.0,2026-02-18 00:06:56.685
1771391216738,847.0,2026-02-18 00:06:56.738
1771391216787,847.0,2026-02-18 00:06:56.787
1771391216837,846.0,2026-02-18 00:06:56.837
1771391216886,846.0,2026-02-18 00:06:56.886
1771391216939,846.0,2026-02-18 00:06:56.939
1771391216988,846.0,2026-02-18 00:06:56.988
1771391217037,845.0,2026-02-18 00:06:57.037
1771391217091,845.0,2026-02-18 00:06:57.091
1771391217141,844.0,2026-02-18 00:06:57.141
1771391217189,844.0,2026-02-18 00:06:57.189
1771391217238,844.0,2026-02-18 00:06:57.238
1771391217291,844.0,2026-02-18 00:06:57.291
1771391217341,843.0,2026-02-18 00:06:57.341
1771391217390,843.0,2026-02-18 00:06:57.390
1771391217443,844.0,2026-02-18 00:06:57.443
1771391217492,843.0,2026-02-18 00:06:57.492
1771391217541,844.0,2026-02-18 00:06:57.541
1771391217591,843.0,2026-02-18 00:06:57.591
1771391217644,843.0,2026-02-18 00:06:57.644
1771391217693,843.0,2026-02-18 00:06:57.693
1771391217742,843.0,2026-02-18 00:06:57.742
1771391217795,843.0,2026-02-18 00:06:57.795
1771391217844,843.0,2026-02-18 00:06:57.844
1771391217893,843.0,2026-02-18 00:06:57.893
1771391217943,843.0,2026-02-18 00:06:57.943
1771391217996,843.0,2026-02-18 00:06:57.996
1771391218045,843.0,2026-02-18 00:06:58.045
1771391218094,843.0,2026-02-18 00:06:58.094
1771391218143,843.0,2026-02-18 00:06:58.143
1771391218197,843.0,2026-02-18 00:06:58.197
1771391218246,843.0,2026-02-18 00:06:58.246
1771391218295,843.0,2026-02-18 00:06:58.295
1771391218348,843.0,2026-02-18 00:06:58.348
1771391218397,843.0,2026-02-18 00:06:58.397
1771391218446,843.0,2026-02-18 00:06:58.446
1771391218496,843.0,2026-02-18 00:06:58.496
1771391218549,843.0,2026-02-18 00:06:58.549
1771391218598,843.0,2026-02-18 00:06:58.598
1771391218647,843.0,2026-02-18 00:06:58.647
1771391218700,844.0,2026-02-18 00:06:58.700
1771391218749,844.0,2026-02-18 00:06:58.749
1771391218799,844.0,2026-02-18 00:06:58.799
1771391218848,844.0,2026-02-18 00:06:58.848
1771391218901,845.0,2026-02-18 00:06:58.901
1771391218950,845.0,2026-02-18 00:06:58.950
1771391218999,845.0,2026-02-18 00:06:58.999
1771391219053,845.0,2026-02-18 00:06:59.053
1771391219102,845.0,2026-02-18 00:06:59.102
1771391219151,845.0,2026-02-18 00:06:59.151
1771391219200,844.0,2026-02-18 00:06:59.200
1771391219253,844.0,2026-02-18 00:06:59.253
1771391219302,844.0,2026-02-18 00:06:59.302
1771391219352,844.0,2026-02-18 00:06:59.352
1771391219402,844.0,2026-02-18 00:06:59.402
1771391219454,844.0,2026-02-18 00:06:59.454
1771391219503,843.0,2026-02-18 00:06:59.503
1771391219552,843.0,2026-02-18 00:06:59.552
1771391219605,842.0,2026-02-18 00:06:59.605
1771391219655,842.0,2026-02-18 00:06:59.655
1771391219704,841.0,2026-02-18 00:06:59.704
1771391219753,841.0,2026-02-18 00:06:59.753
1771391219806,840.0,2026-02-18 00:06:59.806
1771391219855,840.0,2026-02-18 00:06:59.855
1771391219904,839.0,2026-02-18 00:06:59.904
1771391219958,839.0,2026-02-18 00:06:59.958
1771391220018,838.0,2026-02-18 00:07:00.018
1771391220056,838.0,2026-02-18 00:07:00.056
1771391220105,838.0,2026-02-18 00:07:00.105
1771391220158,838.0,2026-02-18 00:07:00.158
1771391220208,838.0,2026-02-18 00:07:00.208
1771391220257,838.0,2026-02-18 00:07:00.257
1771391220310,838.0,2026-02-18 00:07:00.310
1771391220359,838.0,2026-02-18 00:07:00.359
1771391220408,838.0,2026-02-18 00:07:00.408
1771391220458,838.0,2026-02-18 00:07:00.458
1771391220511,837.0,2026-02-18 00:07:00.511
1771391220560,837.0,2026-02-18 00:07:00.560
1771391220609,837.0,2026-02-18 00:07:00.609
1771391220662,837.0,2026-02-18 00:07:00.662
1771391220711,837.0,2026-02-18 00:07:00.711
1771391220760,837.0,2026-02-18 00:07:00.760
1771391220810,837.0,2026-02-18 00:07:00.810
1771391220863,837.0,2026-02-18 00:07:00.863
1771391220912,838.0,2026-02-18 00:07:00.912
1771391220961,837.0,2026-02-18 00:07:00.961
1771391221010,838.0,2026-02-18 00:07:01.010
1771391221064,837.0,2026-02-18 00:07:01.064
1771391221113,837.0,2026-02-18 00:07:01.113
1771391221162,837.0,2026-02-18 00:07:01.162
1771391221215,838.0,2026-02-18 00:07:01.215
1771391221264,838.0,2026-02-18 00:07:01.264
1771391221313,838.0,2026-02-18 00:07:01.313
1771391221363,838.0,2026-02-18 00:07:01.363
1771391221416,838.0,2026-02-18 00:07:01.416
1771391221465,838.0,2026-02-18 00:07:01.465
1771391221514,838.0,2026-02-18 00:07:01.514
1771391221567,839.0,2026-02-18 00:07:01.567
1771391221616,839.0,2026-02-18 00:07:01.616
1771391221666,840.0,2026-02-18 00:07:01.666
1771391221715,840.0,2026-02-18 00:07:01.715
1771391221768,840.0,2026-02-18 00:07:01.768
1771391221817,840.0,2026-02-18 00:07:01.817
1771391221866,840.0,2026-02-18 00:07:01.866
1771391221920,840.0,2026-02-18 00:07:01.920
1771391221969,840.0,2026-02-18 00:07:01.969
1771391222018,840.0,2026-02-18 00:07:02.018
1771391222067,840.0,2026-02-18 00:07:02.067
1771391222121,840.0,2026-02-18 00:07:02.121
1771391222170,840.0,2026-02-18 00:07:02.170
1771391222219,840.0,2026-02-18 00:07:02.219
1771391222268,840.0,2026-02-18 00:07:02.268
1771391222321,839.0,2026-02-18 00:07:02.321
1771391222370,839.0,2026-02-18 00:07:02.370
1771391222420,839.0,2026-02-18 00:07:02.420
1771391222473,838.0,2026-02-18 00:07:02.473
1771391222522,838.0,2026-02-18 00:07:02.522
1771391222571,837.0,2026-02-18 00:07:02.571
1771391222620,837.0,2026-02-18 00:07:02.620
1771391222673,836.0,2026-02-18 00:07:02.673
1771391222723,836.0,2026-02-18 00:07:02.723
1771391222772,835.0,2026-02-18 00:07:02.772
1771391222825,835.0,2026-02-18 00:07:02.825
1771391222874,835.0,2026-02-18 00:07:02.874
1771391222923,835.0,2026-02-18 00:07:02.923
1771391222972,835.0,2026-02-18 00:07:02.972
1771391223026,834.0,2026-02-18 00:07:03.026
1771391223075,835.0,2026-02-18 00:07:03.075
1771391223124,835.0,2026-02-18 00:07:03.124
1771391223177,834.0,2026-02-18 00:07:03.177
1771391223226,835.0,2026-02-18 00:07:03.226
1771391223275,834.0,2026-02-18 00:07:03.275
1771391223325,834.0,2026-02-18 00:07:03.325
1771391223378,834.0,2026-02-18 00:07:03.378
1771391223427,834.0,2026-02-18 00:07:03.427
1771391223476,834.0,2026-02-18 00:07:03.476
1771391223525,834.0,2026-02-18 00:07:03.525
1771391223578,834.0,2026-02-18 00:07:03.578
1771391223628,834.0,2026-02-18 00:07:03.628
1771391223677,834.0,2026-02-18 00:07:03.677
1771391223730,834.0,2026-02-18 00:07:03.730
1771391223779,835.0,2026-02-18 00:07:03.779
1771391223828,834.0,2026-02-18 00:07:03.828
1771391223878,835.0,2026-02-18 00:07:03.878
1771391223931,835.0,2026-02-18 00:07:03.931
1771391223980,835.0,2026-02-18 00:07:03.980
1771391224029,835.0,2026-02-18 00:07:04.029
1771391224082,835.0,2026-02-18 00:07:04.082
1771391224131,835.0,2026-02-18 00:07:04.131
1771391224181,835.0,2026-02-18 00:07:04.181
1771391224230,835.0,2026-02-18 00:07:04.230
1771391224283,836.0,2026-02-18 00:07:04.283
1771391224332,836.0,2026-02-18 00:07:04.332
1771391224381,836.0,2026-02-18 00:07:04.381
1771391224434,837.0,2026-02-18 00:07:04.434
1771391224484,837.0,2026-02-18 00:07:04.484
1771391224533,837.0,2026-02-18 00:07:04.533
1771391224582,837.0,2026-02-18 00:07:04.582
1771391224635,838.0,2026-02-18 00:07:04.635
1771391224684,838.0,2026-02-18 00:07:04.684
1771391224733,838.0,2026-02-18 00:07:04.733
1771391224783,837.0,2026-02-18 00:07:04.783
1771391224836,838.0,2026-02-18 00:07:04.836
1771391224885,837.0,2026-02-18 00:07:04.885
1771391224934,837.0,2026-02-18 00:07:04.934
1771391224987,837.0,2026-02-18 00:07:04.987
1771391225037,837.0,2026-02-18 00:07:05.037
1771391225086,837.0,2026-02-18 00:07:05.086
1771391225135,837.0,2026-02-18 00:07:05.135
1771391225188,836.0,2026-02-18 00:07:05.188
1771391225237,836.0,2026-02-18 00:07:05.237
1771391225286,836.0,2026-02-18 00:07:05.286
1771391225340,835.0,2026-02-18 00:07:05.340
1771391225389,835.0,2026-02-18 00:07:05.389
1771391225438,834.0,2026-02-18 00:07:05.438
1771391225487,834.0,2026-02-18 00:07:05.487
1771391225540,834.0,2026-02-18 00:07:05.540
1771391225590,833.0,2026-02-18 00:07:05.590
1771391225639,832.0,2026-02-18 00:07:05.639
1771391225692,832.0,2026-02-18 00:07:05.692
1771391225741,832.0,2026-02-18 00:07:05.741
1771391225790,832.0,2026-02-18 00:07:05.790
1771391225840,832.0,2026-02-18 00:07:05.840
1771391225893,832.0,2026-02-18 00:07:05.893
1771391225942,832.0,2026-02-18 00:07:05.942
1771391225991,832.0,2026-02-18 00:07:05.991
1771391226040,832.0,2026-02-18 00:07:06.040
1771391226093,832.0,2026-02-18 00:07:06.093
1771391226143,832.0,2026-02-18 00:07:06.143
1771391226192,832.0,2026-02-18 00:07:06.192
1771391226245,832.0,2026-02-18 00:07:06.245
1771391226294,832.0,2026-02-18 00:07:06.294
1771391226343,832.0,2026-02-18 00:07:06.343
1771391226392,832.0,2026-02-18 00:07:06.392
1771391226446,832.0,2026-02-18 00:07:06.446
1771391226495,832.0,2026-02-18 00:07:06.495
1771391226544,832.0,2026-02-18 00:07:06.544
1771391226597,832.0,2026-02-18 00:07:06.597
1771391226646,832.0,2026-02-18 00:07:06.646
1771391226695,832.0,2026-02-18 00:07:06.695
1771391226745,832.0,2026-02-18 00:07:06.745
1771391226798,833.0,2026-02-18 00:07:06.798
1771391226847,833.0,2026-02-18 00:07:06.847
1771391226896,833.0,2026-02-18 00:07:06.896
1771391226949,833.0,2026-02-18 00:07:06.949
1771391226998,833.0,2026-02-18 00:07:06.998
1771391227048,833.0,2026-02-18 00:07:07.048
1771391227097,834.0,2026-02-18 00:07:07.097
1771391227150,834.0,2026-02-18 00:07:07.150
1771391227199,834.0,2026-02-18 00:07:07.199
1771391227248,834.0,2026-02-18 00:07:07.248
1771391227297,835.0,2026-02-18 00:07:07.297
1771391227351,835.0,2026-02-18 00:07:07.351
1771391227400,835.0,2026-02-18 00:07:07.400
1771391227449,836.0,2026-02-18 00:07:07.449
1771391227502,836.0,2026-02-18 00:07:07.502
1771391227551,836.0,2026-02-18 00:07:07.551
1771391227601,836.0,2026-02-18 00:07:07.601
1771391227650,835.0,2026-02-18 00:07:07.650
1771391227703,835.0,2026-02-18 00:07:07.703
1771391227752,835.0,2026-02-18 00:07:07.752
1771391227801,835.0,2026-02-18 00:07:07.801
1771391227854,835.0,2026-02-18 00:07:07.854
1771391227904,835.0,2026-02-18 00:07:07.904
1771391227953,835.0,2026-02-18 00:07:07.953
1771391228002,834.0,2026-02-18 00:07:08.002
1771391228055,834.0,2026-02-18 00:07:08.055
1771391228108,833.0,2026-02-18 00:07:08.108
1771391228155,833.0,2026-02-18 00:07:08.155
1771391228207,833.0,2026-02-18 00:07:08.207
1771391228256,832.0,2026-02-18 00:07:08.256
1771391228305,832.0,2026-02-18 00:07:08.305
1771391228354,831.0,2026-02-18 00:07:08.354
1771391228408,831.0,2026-02-18 00:07:08.408
1771391228457,830.0,2026-02-18 00:07:08.457
1771391228506,830.0,2026-02-18 00:07:08.506
1771391228555,830.0,2026-02-18 00:07:08.555
1771391228608,830.0,2026-02-18 00:07:08.608
1771391228657,830.0,2026-02-18 00:07:08.657
1771391228707,830.0,2026-02-18 00:07:08.707
1771391228760,830.0,2026-02-18 00:07:08.760
1771391228809,830.0,2026-02-18 00:07:08.809
1771391228858,830.0,2026-02-18 00:07:08.858
1771391228907,830.0,2026-02-18 00:07:08.907
1771391228960,830.0,2026-02-18 00:07:08.960
1771391229010,830.0,2026-02-18 00:07:09.010
1771391229059,830.0,2026-02-18 00:07:09.059
1771391229112,830.0,2026-02-18 00:07:09.112
1771391229161,830.0,2026-02-18 00:07:09.161
1771391229210,830.0,2026-02-18 00:07:09.210
1771391229260,830.0,2026-02-18 00:07:09.260
1771391229313,830.0,2026-02-18 00:07:09.313
1771391229362,831.0,2026-02-18 00:07:09.362
1771391229411,830.0,2026-02-18 00:07:09.411
1771391229464,831.0,2026-02-18 00:07:09.464
1771391229513,831.0,2026-02-18 00:07:09.513
1771391229563,831.0,2026-02-18 00:07:09.563
1771391229612,831.0,2026-02-18 00:07:09.612
1771391229665,831.0,2026-02-18 00:07:09.665
1771391229714,831.0,2026-02-18 00:07:09.714
1771391229763,831.0,2026-02-18 00:07:09.763
1771391229816,831.0,2026-02-18 00:07:09.816
1771391229866,831.0,2026-02-18 00:07:09.866
1771391229915,832.0,2026-02-18 00:07:09.915
1771391229964,832.0,2026-02-18 00:07:09.964
1771391230017,832.0,2026-02-18 00:07:10.017
1771391230067,833.0,2026-02-18 00:07:10.067
1771391230115,833.0,2026-02-18 00:07:10.115
1771391230165,833.0,2026-02-18 00:07:10.165
1771391230218,833.0,2026-02-18 00:07:10.218
1771391230267,834.0,2026-02-18 00:07:10.267
1771391230316,834.0,2026-02-18 00:07:10.316
1771391230369,834.0,2026-02-18 00:07:10.369
1771391230419,834.0,2026-02-18 00:07:10.419
1771391230468,834.0,2026-02-18 00:07:10.468
1771391230517,833.0,2026-02-18 00:07:10.517
1771391230570,834.0,2026-02-18 00:07:10.570
1771391230619,833.0,2026-02-18 00:07:10.619
1771391230669,833.0,2026-02-18 00:07:10.669
1771391230723,833.0,2026-02-18 00:07:10.723
1771391230771,833.0,2026-02-18 00:07:10.771
1771391230820,833.0,2026-02-18 00:07:10.820
1771391230869,832.0,2026-02-18 00:07:10.869
1771391230922,832.0,2026-02-18 00:07:10.922
1771391230971,832.0,2026-02-18 00:07:10.971
1771391231021,831.0,2026-02-18 00:07:11.021
1771391231074,831.0,2026-02-18 00:07:11.074
1771391231123,830.0,2026-02-18 00:07:11.123
1771391231172,830.0,2026-02-18 00:07:11.172
1771391231221,829.0,2026-02-18 00:07:11.221
1771391231275,829.0,2026-02-18 00:07:11.275
1771391231324,829.0,2026-02-18 00:07:11.324
1771391231373,829.0,2026-02-18 00:07:11.373
1771391231422,828.0,2026-02-18 00:07:11.422
1771391231475,828.0,2026-02-18 00:07:11.475
1771391231524,829.0,2026-02-18 00:07:11.524
1771391231574,829.0,2026-02-18 00:07:11.574
1771391231627,829.0,2026-02-18 00:07:11.627
1771391231676,829.0,2026-02-18 00:07:11.676
1771391231726,829.0,2026-02-18 00:07:11.726
1771391231779,829.0,2026-02-18 00:07:11.779
1771391231828,829.0,2026-02-18 00:07:11.828
1771391231877,829.0,2026-02-18 00:07:11.877
1771391231926,829.0,2026-02-18 00:07:11.926
1771391231979,829.0,2026-02-18 00:07:11.979
1771391232028,829.0,2026-02-18 00:07:12.028
1771391232077,829.0,2026-02-18 00:07:12.077
1771391232127,829.0,2026-02-18 00:07:12.127
1771391232180,829.0,2026-02-18 00:07:12.180
1771391232229,829.0,2026-02-18 00:07:12.229
1771391232278,829.0,2026-02-18 00:07:12.278
1771391232331,829.0,2026-02-18 00:07:12.331
1771391232380,829.0,2026-02-18 00:07:12.380
1771391232430,829.0,2026-02-18 00:07:12.430
1771391232479,829.0,2026-02-18 00:07:12.479
1771391232532,829.0,2026-02-18 00:07:12.532
1771391232581,829.0,2026-02-18 00:07:12.581
1771391232630,829.0,2026-02-18 00:07:12.630
1771391232679,830.0,2026-02-18 00:07:12.679
1771391232733,830.0,2026-02-18 00:07:12.733
1771391232782,830.0,2026-02-18 00:07:12.782
1771391232831,831.0,2026-02-18 00:07:12.831
1771391232884,831.0,2026-02-18 00:07:12.884
1771391232933,831.0,2026-02-18 00:07:12.933
1771391232983,832.0,2026-02-18 00:07:12.983
1771391233032,832.0,2026-02-18 00:07:13.032
1771391233085,832.0,2026-02-18 00:07:13.085
1771391233134,832.0,2026-02-18 00:07:13.134
1771391233183,832.0,2026-02-18 00:07:13.183
1771391233236,832.0,2026-02-18 00:07:13.236
1771391233286,832.0,2026-02-18 00:07:13.286
1771391233335,832.0,2026-02-18 00:07:13.335
1771391233384,832.0,2026-02-18 00:07:13.384
1771391233437,832.0,2026-02-18 00:07:13.437
1771391233486,832.0,2026-02-18 00:07:13.486
1771391233535,832.0,2026-02-18 00:07:13.535
1771391233589,831.0,2026-02-18 00:07:13.589
1771391233638,831.0,2026-02-18 00:07:13.638
1771391233687,831.0,2026-02-18 00:07:13.687
1771391233736,830.0,2026-02-18 00:07:13.736
1771391233790,830.0,2026-02-18 00:07:13.790
1771391233839,830.0,2026-02-18 00:07:13.839
1771391233888,829.0,2026-02-18 00:07:13.888
1771391233937,829.0,2026-02-18 00:07:13.937
1771391233991,828.0,2026-02-18 00:07:13.991
1771391234040,828.0,2026-02-18 00:07:14.040
1771391234088,828.0,2026-02-18 00:07:14.088
1771391234142,827.0,2026-02-18 00:07:14.142
1771391234191,827.0,2026-02-18 00:07:14.191
1771391234240,827.0,2026-02-18 00:07:14.240
1771391234289,827.0,2026-02-18 00:07:14.289
1771391234342,827.0,2026-02-18 00:07:14.342
1771391234391,827.0,2026-02-18 00:07:14.391
1771391234441,827.0,2026-02-18 00:07:14.441
1771391234494,827.0,2026-02-18 00:07:14.494
1771391234543,828.0,2026-02-18 00:07:14.543
1771391234592,827.0,2026-02-18 00:07:14.592
1771391234641,827.0,2026-02-18 00:07:14.641
1771391234695,827.0,2026-02-18 00:07:14.695
1771391234744,827.0,2026-02-18 00:07:14.744
1771391234793,827.0,2026-02-18 00:07:14.793
1771391234846,827.0,2026-02-18 00:07:14.846
1771391234895,828.0,2026-02-18 00:07:14.895
1771391234944,828.0,2026-02-18 00:07:14.944
1771391234994,828.0,2026-02-18 00:07:14.994
1771391235047,828.0,2026-02-18 00:07:15.047
1771391235096,828.0,2026-02-18 00:07:15.096
1771391235145,828.0,2026-02-18 00:07:15.145
1771391235194,828.0,2026-02-18 00:07:15.194
1771391235248,828.0,2026-02-18 00:07:15.248
1771391235297,828.0,2026-02-18 00:07:15.297
1771391235346,828.0,2026-02-18 00:07:15.346
1771391235399,828.0,2026-02-18 00:07:15.399
1771391235448,829.0,2026-02-18 00:07:15.448
1771391235497,829.0,2026-02-18 00:07:15.497
1771391235547,829.0,2026-02-18 00:07:15.547
1771391235600,830.0,2026-02-18 00:07:15.600
1771391235649,830.0,2026-02-18 00:07:15.649
1771391235698,831.0,2026-02-18 00:07:15.698
1771391235751,831.0,2026-02-18 00:07:15.751
1771391235801,831.0,2026-02-18 00:07:15.801
1771391235850,831.0,2026-02-18 00:07:15.850
1771391235899,832.0,2026-02-18 00:07:15.899
1771391235952,832.0,2026-02-18 00:07:15.952
1771391236001,832.0,2026-02-18 00:07:16.001
1771391236050,832.0,2026-02-18 00:07:16.050
1771391236103,832.0,2026-02-18 00:07:16.103
1771391236153,832.0,2026-02-18 00:07:16.153
1771391236202,832.0,2026-02-18 00:07:16.202
1771391236251,832.0,2026-02-18 00:07:16.251
1771391236304,832.0,2026-02-18 00:07:16.304
1771391236353,832.0,2026-02-18 00:07:16.353
1771391236403,831.0,2026-02-18 00:07:16.403
1771391236452,831.0,2026-02-18 00:07:16.452
1771391236505,831.0,2026-02-18 00:07:16.505
1771391236555,830.0,2026-02-18 00:07:16.555
1771391236603,830.0,2026-02-18 00:07:16.603
1771391236657,830.0,2026-02-18 00:07:16.657
1771391236706,829.0,2026-02-18 00:07:16.706
1771391236755,829.0,2026-02-18 00:07:16.755
1771391236805,828.0,2026-02-18 00:07:16.805
1771391236857,828.0,2026-02-18 00:07:16.857
1771391236907,827.0,2026-02-18 00:07:16.907
1771391236956,827.0,2026-02-18 00:07:16.956
1771391237009,827.0,2026-02-18 00:07:17.009
1771391237058,827.0,2026-02-18 00:07:17.058
1771391237107,827.0,2026-02-18 00:07:17.107
1771391237157,827.0,2026-02-18 00:07:17.157
1771391237209,827.0,2026-02-18 00:07:17.209
1771391237259,828.0,2026-02-18 00:07:17.259
1771391237308,828.0,2026-02-18 00:07:17.308
1771391237361,827.0,2026-02-18 00:07:17.361
1771391237410,828.0,2026-02-18 00:07:17.410
1771391237459,827.0,2026-02-18 00:07:17.459
1771391237509,827.0,2026-02-18 00:07:17.509
1771391237562,828.0,2026-02-18 00:07:17.562
1771391237611,828.0,2026-02-18 00:07:17.611
1771391237660,828.0,2026-02-18 00:07:17.660
1771391237713,828.0,2026-02-18 00:07:17.713
1771391237763,828.0,2026-02-18 00:07:17.763
1771391237812,828.0,2026-02-18 00:07:17.812
1771391237861,828.0,2026-02-18 00:07:17.861
1771391237914,828.0,2026-02-18 00:07:17.914
1771391237963,828.0,2026-02-18 00:07:17.963
1771391238012,828.0,2026-02-18 00:07:18.012
1771391238061,828.0,2026-02-18 00:07:18.061
1771391238115,828.0,2026-02-18 00:07:18.115
1771391238164,828.0,2026-02-18 00:07:18.164
1771391238216,828.0,2026-02-18 00:07:18.216
1771391238266,829.0,2026-02-18 00:07:18.266
1771391238315,829.0,2026-02-18 00:07:18.315
1771391238365,829.0,2026-02-18 00:07:18.365
1771391238414,830.0,2026-02-18 00:07:18.414
1771391238467,830.0,2026-02-18 00:07:18.467
1771391238516,830.0,2026-02-18 00:07:18.516
1771391238565,831.0,2026-02-18 00:07:18.565
1771391238618,831.0,2026-02-18 00:07:18.618
1771391238667,831.0,2026-02-18 00:07:18.667
1771391238717,831.0,2026-02-18 00:07:18.717
1771391238766,831.0,2026-02-18 00:07:18.766
1771391238819,831.0,2026-02-18 00:07:18.819
1771391238868,831.0,2026-02-18 00:07:18.868
1771391238917,831.0,2026-02-18 00:07:18.917
1771391238971,831.0,2026-02-18 00:07:18.971
1771391239020,831.0,2026-02-18 00:07:19.020
1771391239069,831.0,2026-02-18 00:07:19.069
1771391239118,831.0,2026-02-18 00:07:19.118
1771391239171,831.0,2026-02-18 00:07:19.171
1771391239221,831.0,2026-02-18 00:07:19.221
1771391239270,830.0,2026-02-18 00:07:19.270
1771391239319,830.0,2026-02-18 00:07:19.319
1771391239372,830.0,2026-02-18 00:07:19.372
1771391239421,830.0,2026-02-18 00:07:19.421
1771391239471,829.0,2026-02-18 00:07:19.471
1771391239524,829.0,2026-02-18 00:07:19.524
1771391239573,829.0,2026-02-18 00:07:19.573
1771391239622,828.0,2026-02-18 00:07:19.622
1771391239671,828.0,2026-02-18 00:07:19.671
1771391239724,828.0,2026-02-18 00:07:19.724
1771391239773,828.0,2026-02-18 00:07:19.773
1771391239823,828.0,2026-02-18 00:07:19.823
1771391239876,828.0,2026-02-18 00:07:19.876
1771391239925,828.0,2026-02-18 00:07:19.925
1771391239974,828.0,2026-02-18 00:07:19.974
1771391240023,828.0,2026-02-18 00:07:20.023
1771391240077,828.0,2026-02-18 00:07:20.077
1771391240126,828.0,2026-02-18 00:07:20.126
1771391240175,828.0,2026-02-18 00:07:20.175
1771391240228,828.0,2026-02-18 00:07:20.228
1771391240277,829.0,2026-02-18 00:07:20.277
1771391240327,829.0,2026-02-18 00:07:20.327
1771391240376,829.0,2026-02-18 00:07:20.376
1771391240429,829.0,2026-02-18 00:07:20.429
1771391240478,829.0,2026-02-18 00:07:20.478
1771391240527,829.0,2026-02-18 00:07:20.527
1771391240576,829.0,2026-02-18 00:07:20.576
1771391240630,829.0,2026-02-18 00:07:20.630
1771391240679,830.0,2026-02-18 00:07:20.679
1771391240728,829.0,2026-02-18 00:07:20.728
1771391240781,830.0,2026-02-18 00:07:20.781
1771391240830,830.0,2026-02-18 00:07:20.830
1771391240879,830.0,2026-02-18 00:07:20.879
1771391240928,830.0,2026-02-18 00:07:20.928
1771391240982,830.0,2026-02-18 00:07:20.982
1771391241031,830.0,2026-02-18 00:07:21.031
1771391241080,830.0,2026-02-18 00:07:21.080
1771391241133,831.0,2026-02-18 00:07:21.133
1771391241182,831.0,2026-02-18 00:07:21.182
1771391241232,832.0,2026-02-18 00:07:21.232
1771391241281,832.0,2026-02-18 00:07:21.281
1771391241334,833.0,2026-02-18 00:07:21.334
1771391241383,833.0,2026-02-18 00:07:21.383
1771391241432,833.0,2026-02-18 00:07:21.432
1771391241485,834.0,2026-02-18 00:07:21.485
1771391241535,834.0,2026-02-18 00:07:21.535
1771391241584,834.0,2026-02-18 00:07:21.584
1771391241633,834.0,2026-02-18 00:07:21.633
1771391241686,834.0,2026-02-18 00:07:21.686
1771391241735,834.0,2026-02-18 00:07:21.735
1771391241785,834.0,2026-02-18 00:07:21.785
1771391241834,835.0,2026-02-18 00:07:21.834
1771391241887,835.0,2026-02-18 00:07:21.887
1771391241936,835.0,2026-02-18 00:07:21.936
1771391241985,834.0,2026-02-18 00:07:21.985
1771391242038,834.0,2026-02-18 00:07:22.038
1771391242088,834.0,2026-02-18 00:07:22.088
1771391242137,834.0,2026-02-18 00:07:22.137
1771391242186,834.0,2026-02-18 00:07:22.186
1771391242239,833.0,2026-02-18 00:07:22.239
1771391242288,833.0,2026-02-18 00:07:22.288
1771391242337,833.0,2026-02-18 00:07:22.337
1771391242391,832.0,2026-02-18 00:07:22.391
1771391242441,832.0,2026-02-18 00:07:22.441
1771391242489,832.0,2026-02-18 00:07:22.489
1771391242538,832.0,2026-02-18 00:07:22.538
1771391242591,832.0,2026-02-18 00:07:22.591
1771391242640,831.0,2026-02-18 00:07:22.640
1771391242690,832.0,2026-02-18 00:07:22.690
1771391242743,832.0,2026-02-18 00:07:22.743
1771391242792,832.0,2026-02-18 00:07:22.792
1771391242841,832.0,2026-02-18 00:07:22.841
1771391242891,832.0,2026-02-18 00:07:22.891
1771391242944,832.0,2026-02-18 00:07:22.944
1771391242993,832.0,2026-02-18 00:07:22.993
1771391243042,832.0,2026-02-18 00:07:23.042
1771391243095,832.0,2026-02-18 00:07:23.095
1771391243144,832.0,2026-02-18 00:07:23.144
1771391243193,832.0,2026-02-18 00:07:23.193
1771391243243,832.0,2026-02-18 00:07:23.243
1771391243296,832.0,2026-02-18 00:07:23.296
1771391243345,832.0,2026-02-18 00:07:23.345
1771391243394,833.0,2026-02-18 00:07:23.394
1771391243443,832.0,2026-02-18 00:07:23.443
1771391243497,832.0,2026-02-18 00:07:23.497
1771391243546,833.0,2026-02-18 00:07:23.546
1771391243595,833.0,2026-02-18 00:07:23.595
1771391243648,833.0,2026-02-18 00:07:23.648
1771391243697,833.0,2026-02-18 00:07:23.697
1771391243746,833.0,2026-02-18 00:07:23.746
1771391243796,833.0,2026-02-18 00:07:23.796
1771391243849,833.0,2026-02-18 00:07:23.849
1771391243898,833.0,2026-02-18 00:07:23.898
1771391243947,834.0,2026-02-18 00:07:23.947
1771391244000,834.0,2026-02-18 00:07:24.000
1771391244050,834.0,2026-02-18 00:07:24.050
1771391244099,835.0,2026-02-18 00:07:24.099
1771391244148,835.0,2026-02-18 00:07:24.148
1771391244201,835.0,2026-02-18 00:07:24.201
1771391244250,835.0,2026-02-18 00:07:24.250
1771391244299,835.0,2026-02-18 00:07:24.299
1771391244353,835.0,2026-02-18 00:07:24.353
1771391244402,835.0,2026-02-18 00:07:24.402
1771391244451,836.0,2026-02-18 00:07:24.451
1771391244500,835.0,2026-02-18 00:07:24.500
1771391244553,836.0,2026-02-18 00:07:24.553
1771391244602,835.0,2026-02-18 00:07:24.602
1771391244652,835.0,2026-02-18 00:07:24.652
1771391244701,835.0,2026-02-18 00:07:24.701
1771391244754,835.0,2026-02-18 00:07:24.754
1771391244803,834.0,2026-02-18 00:07:24.803
1771391244852,834.0,2026-02-18 00:07:24.852
1771391244906,834.0,2026-02-18 00:07:24.906
1771391244955,833.0,2026-02-18 00:07:24.955
1771391245004,833.0,2026-02-18 00:07:25.004
1771391245053,832.0,2026-02-18 00:07:25.053
1771391245106,832.0,2026-02-18 00:07:25.106
1771391245155,831.0,2026-02-18 00:07:25.155
1771391245204,831.0,2026-02-18 00:07:25.204
1771391245258,831.0,2026-02-18 00:07:25.258
1771391245307,830.0,2026-02-18 00:07:25.307
1771391245356,830.0,2026-02-18 00:07:25.356
1771391245405,830.0,2026-02-18 00:07:25.405
1771391245458,830.0,2026-02-18 00:07:25.458
1771391245508,830.0,2026-02-18 00:07:25.508
1771391245557,830.0,2026-02-18 00:07:25.557
1771391245610,830.0,2026-02-18 00:07:25.610
1771391245659,830.0,2026-02-18 00:07:25.659
1771391245708,830.0,2026-02-18 00:07:25.708
1771391245758,830.0,2026-02-18 00:07:25.758
1771391245811,830.0,2026-02-18 00:07:25.811
1771391245860,830.0,2026-02-18 00:07:25.860
1771391245909,830.0,2026-02-18 00:07:25.909
1771391245958,830.0,2026-02-18 00:07:25.958
1771391246011,830.0,2026-02-18 00:07:26.011
1771391246061,830.0,2026-02-18 00:07:26.061
1771391246110,830.0,2026-02-18 00:07:26.110
1771391246163,830.0,2026-02-18 00:07:26.163
1771391246212,830.0,2026-02-18 00:07:26.212
1771391246261,830.0,2026-02-18 00:07:26.261
1771391246310,830.0,2026-02-18 00:07:26.310
1771391246364,830.0,2026-02-18 00:07:26.364
1771391246413,830.0,2026-02-18 00:07:26.413
1771391246462,830.0,2026-02-18 00:07:26.462
1771391246515,830.0,2026-02-18 00:07:26.515
1771391246564,830.0,2026-02-18 00:07:26.564
1771391246614,830.0,2026-02-18 00:07:26.614
1771391246663,830.0,2026-02-18 00:07:26.663
1771391246716,831.0,2026-02-18 00:07:26.716
1771391246765,831.0,2026-02-18 00:07:26.765
1771391246814,831.0,2026-02-18 00:07:26.814
1771391246867,831.0,2026-02-18 00:07:26.867
1771391246917,832.0,2026-02-18 00:07:26.917
1771391246966,832.0,2026-02-18 00:07:26.966
1771391247015,832.0,2026-02-18 00:07:27.015
1771391247068,832.0,2026-02-18 00:07:27.068
1771391247117,833.0,2026-02-18 00:07:27.117
1771391247166,833.0,2026-02-18 00:07:27.166
1771391247216,833.0,2026-02-18 00:07:27.216
1771391247269,833.0,2026-02-18 00:07:27.269
1771391247318,832.0,2026-02-18 00:07:27.318
1771391247367,832.0,2026-02-18 00:07:27.367
1771391247420,832.0,2026-02-18 00:07:27.420
1771391247469,832.0,2026-02-18 00:07:27.469
1771391247519,832.0,2026-02-18 00:07:27.519
1771391247568,831.0,2026-02-18 00:07:27.568
1771391247621,831.0,2026-02-18 00:07:27.621
1771391247670,831.0,2026-02-18 00:07:27.670
1771391247719,831.0,2026-02-18 00:07:27.719
1771391247773,830.0,2026-02-18 00:07:27.773
1771391247822,830.0,2026-02-18 00:07:27.822
1771391247871,829.0,2026-02-18 00:07:27.871
1771391247920,829.0,2026-02-18 00:07:27.920
1771391247973,828.0,2026-02-18 00:07:27.973
1771391248023,828.0,2026-02-18 00:07:28.023
1771391248072,827.0,2026-02-18 00:07:28.072
1771391248125,827.0,2026-02-18 00:07:28.125
1771391248174,827.0,2026-02-18 00:07:28.174
1771391248223,827.0,2026-02-18 00:07:28.223
1771391248273,827.0,2026-02-18 00:07:28.273
1771391248326,827.0,2026-02-18 00:07:28.326
1771391248375,827.0,2026-02-18 00:07:28.375
1771391248424,827.0,2026-02-18 00:07:28.424
1771391248477,828.0,2026-02-18 00:07:28.477
1771391248526,828.0,2026-02-18 00:07:28.526
1771391248575,828.0,2026-02-18 00:07:28.575
1771391248625,828.0,2026-02-18 00:07:28.625
1771391248684,828.0,2026-02-18 00:07:28.684
1771391248727,829.0,2026-02-18 00:07:28.727
1771391248776,829.0,2026-02-18 00:07:28.776
1771391248825,829.0,2026-02-18 00:07:28.825
1771391248878,830.0,2026-02-18 00:07:28.878
1771391248928,830.0,2026-02-18 00:07:28.928
1771391248977,830.0,2026-02-18 00:07:28.977
1771391249030,831.0,2026-02-18 00:07:29.030
1771391249079,831.0,2026-02-18 00:07:29.079
1771391249129,832.0,2026-02-18 00:07:29.129
1771391249178,832.0,2026-02-18 00:07:29.178
1771391249231,833.0,2026-02-18 00:07:29.231
1771391249280,833.0,2026-02-18 00:07:29.280
1771391249329,834.0,2026-02-18 00:07:29.329
1771391249382,834.0,2026-02-18 00:07:29.382
1771391249431,835.0,2026-02-18 00:07:29.431
1771391249481,836.0,2026-02-18 00:07:29.481
1771391249530,837.0,2026-02-18 00:07:29.530
1771391249583,837.0,2026-02-18 00:07:29.583
1771391249632,838.0,2026-02-18 00:07:29.632
1771391249681,839.0,2026-02-18 00:07:29.681
1771391249734,839.0,2026-02-18 00:07:29.734
1771391249784,840.0,2026-02-18 00:07:29.784
1771391249833,840.0,2026-02-18 00:07:29.833
1771391249882,841.0,2026-02-18 00:07:29.882
1771391249935,841.0,2026-02-18 00:07:29.935
1771391249984,841.0,2026-02-18 00:07:29.984
1771391250035,841.0,2026-02-18 00:07:30.035
1771391250083,842.0,2026-02-18 00:07:30.083
1771391250136,842.0,2026-02-18 00:07:30.136
1771391250185,842.0,2026-02-18 00:07:30.185
1771391250234,842.0,2026-02-18 00:07:30.234
1771391250287,842.0,2026-02-18 00:07:30.287
1771391250337,841.0,2026-02-18 00:07:30.337
1771391250386,841.0,2026-02-18 00:07:30.386
1771391250435,841.0,2026-02-18 00:07:30.435
1771391250488,841.0,2026-02-18 00:07:30.488
1771391250537,840.0,2026-02-18 00:07:30.537
1771391250586,840.0,2026-02-18 00:07:30.586
1771391250640,839.0,2026-02-18 00:07:30.640
1771391250689,839.0,2026-02-18 00:07:30.689
1771391250738,838.0,2026-02-18 00:07:30.738
1771391250787,838.0,2026-02-18 00:07:30.787
1771391250840,837.0,2026-02-18 00:07:30.840
1771391250890,837.0,2026-02-18 00:07:30.890
1771391250939,837.0,2026-02-18 00:07:30.939
1771391250992,837.0,2026-02-18 00:07:30.992
1771391251041,837.0,2026-02-18 00:07:31.041
1771391251091,837.0,2026-02-18 00:07:31.091
1771391251140,837.0,2026-02-18 00:07:31.140
1771391251193,837.0,2026-02-18 00:07:31.193
1771391251242,837.0,2026-02-18 00:07:31.242
1771391251291,837.0,2026-02-18 00:07:31.291
1771391251340,836.0,2026-02-18 00:07:31.340
1771391251393,836.0,2026-02-18 00:07:31.393
1771391251443,836.0,2026-02-18 00:07:31.443
1771391251492,836.0,2026-02-18 00:07:31.492
1771391251545,836.0,2026-02-18 00:07:31.545
1771391251594,836.0,2026-02-18 00:07:31.594
1771391251643,836.0,2026-02-18 00:07:31.643
1771391251692,836.0,2026-02-18 00:07:31.692
1771391251746,836.0,2026-02-18 00:07:31.746
1771391251795,836.0,2026-02-18 00:07:31.795
1771391251844,836.0,2026-02-18 00:07:31.844
1771391251897,836.0,2026-02-18 00:07:31.897
1771391251946,836.0,2026-02-18 00:07:31.946
1771391251995,836.0,2026-02-18 00:07:31.995
1771391252045,836.0,2026-02-18 00:07:32.045
1771391252098,836.0,2026-02-18 00:07:32.098
1771391252147,836.0,2026-02-18 00:07:32.147
1771391252197,836.0,2026-02-18 00:07:32.197
1771391252249,836.0,2026-02-18 00:07:32.249
1771391252299,837.0,2026-02-18 00:07:32.299
1771391252348,837.0,2026-02-18 00:07:32.348
1771391252397,838.0,2026-02-18 00:07:32.397
1771391252450,838.0,2026-02-18 00:07:32.450
1771391252499,838.0,2026-02-18 00:07:32.499
1771391252548,838.0,2026-02-18 00:07:32.548
1771391252598,839.0,2026-02-18 00:07:32.598
1771391252651,839.0,2026-02-18 00:07:32.651
1771391252700,839.0,2026-02-18 00:07:32.700
1771391252749,839.0,2026-02-18 00:07:32.749
1771391252802,839.0,2026-02-18 00:07:32.802
1771391252852,839.0,2026-02-18 00:07:32.852
1771391252901,839.0,2026-02-18 00:07:32.901
1771391252950,838.0,2026-02-18 00:07:32.950
1771391253003,838.0,2026-02-18 00:07:33.003
1771391253052,838.0,2026-02-18 00:07:33.052
1771391253101,838.0,2026-02-18 00:07:33.101
1771391253155,838.0,2026-02-18 00:07:33.155
1771391253204,837.0,2026-02-18 00:07:33.204
1771391253253,837.0,2026-02-18 00:07:33.253
1771391253302,836.0,2026-02-18 00:07:33.302
1771391253356,836.0,2026-02-18 00:07:33.356
1771391253404,835.0,2026-02-18 00:07:33.404
1771391253454,835.0,2026-02-18 00:07:33.454
1771391253507,834.0,2026-02-18 00:07:33.507
1771391253557,834.0,2026-02-18 00:07:33.557
1771391253605,833.0,2026-02-18 00:07:33.605
1771391253654,833.0,2026-02-18 00:07:33.654
1771391253707,833.0,2026-02-18 00:07:33.707
1771391253757,833.0,2026-02-18 00:07:33.757
1771391253806,833.0,2026-02-18 00:07:33.806
1771391253855,833.0,2026-02-18 00:07:33.855
1771391253908,833.0,2026-02-18 00:07:33.908
1771391253958,833.0,2026-02-18 00:07:33.958
1771391254007,833.0,2026-02-18 00:07:34.007
1771391254060,833.0,2026-02-18 00:07:34.060
1771391254109,833.0,2026-02-18 00:07:34.109
1771391254158,832.0,2026-02-18 00:07:34.158
1771391254207,832.0,2026-02-18 00:07:34.207
1771391254260,833.0,2026-02-18 00:07:34.260
1771391254310,833.0,2026-02-18 00:07:34.310
1771391254359,833.0,2026-02-18 00:07:34.359
1771391254412,833.0,2026-02-18 00:07:34.412
1771391254461,833.0,2026-02-18 00:07:34.461
1771391254510,833.0,2026-02-18 00:07:34.510
1771391254560,833.0,2026-02-18 00:07:34.560
1771391254613,833.0,2026-02-18 00:07:34.613
1771391254662,833.0,2026-02-18 00:07:34.662
1771391254711,833.0,2026-02-18 00:07:34.711
1771391254764,833.0,2026-02-18 00:07:34.764
1771391254813,833.0,2026-02-18 00:07:34.813
1771391254863,833.0,2026-02-18 00:07:34.863
1771391254912,833.0,2026-02-18 00:07:34.912
1771391254965,833.0,2026-02-18 00:07:34.965
1771391255014,833.0,2026-02-18 00:07:35.014
1771391255063,834.0,2026-02-18 00:07:35.063
1771391255116,834.0,2026-02-18 00:07:35.116
1771391255166,834.0,2026-02-18 00:07:35.166
1771391255215,835.0,2026-02-18 00:07:35.215
1771391255264,835.0,2026-02-18 00:07:35.264
1771391255317,835.0,2026-02-18 00:07:35.317
1771391255366,836.0,2026-02-18 00:07:35.366
1771391255416,836.0,2026-02-18 00:07:35.416
1771391255465,836.0,2026-02-18 00:07:35.465
1771391255518,836.0,2026-02-18 00:07:35.518
1771391255567,836.0,2026-02-18 00:07:35.567
1771391255616,836.0,2026-02-18 00:07:35.616
1771391255669,835.0,2026-02-18 00:07:35.669
1771391255719,835.0,2026-02-18 00:07:35.719
1771391255768,835.0,2026-02-18 00:07:35.768
1771391255817,835.0,2026-02-18 00:07:35.817
1771391255870,835.0,2026-02-18 00:07:35.870
1771391255919,834.0,2026-02-18 00:07:35.919
1771391255968,834.0,2026-02-18 00:07:35.968
1771391256022,833.0,2026-02-18 00:07:36.022
1771391256071,833.0,2026-02-18 00:07:36.071
1771391256120,832.0,2026-02-18 00:07:36.120
1771391256169,832.0,2026-02-18 00:07:36.169
1771391256222,831.0,2026-02-18 00:07:36.222
1771391256272,831.0,2026-02-18 00:07:36.272
1771391256321,831.0,2026-02-18 00:07:36.321
1771391256374,830.0,2026-02-18 00:07:36.374
1771391256423,830.0,2026-02-18 00:07:36.423
1771391256472,830.0,2026-02-18 00:07:36.472
1771391256521,830.0,2026-02-18 00:07:36.521
1771391256575,830.0,2026-02-18 00:07:36.575
1771391256624,830.0,2026-02-18 00:07:36.624
1771391256673,830.0,2026-02-18 00:07:36.673
1771391256722,830.0,2026-02-18 00:07:36.722
1771391256775,830.0,2026-02-18 00:07:36.775
1771391256824,830.0,2026-02-18 00:07:36.824
1771391256874,830.0,2026-02-18 00:07:36.874
1771391256927,830.0,2026-02-18 00:07:36.927
1771391256976,830.0,2026-02-18 00:07:36.976
1771391257025,830.0,2026-02-18 00:07:37.025
1771391257075,830.0,2026-02-18 00:07:37.075
1771391257127,830.0,2026-02-18 00:07:37.127
1771391257177,830.0,2026-02-18 00:07:37.177
1771391257226,830.0,2026-02-18 00:07:37.226
1771391257279,830.0,2026-02-18 00:07:37.279
1771391257328,830.0,2026-02-18 00:07:37.328
1771391257377,830.0,2026-02-18 00:07:37.377
1771391257427,830.0,2026-02-18 00:07:37.427
1771391257480,830.0,2026-02-18 00:07:37.480
1771391257529,830.0,2026-02-18 00:07:37.529
1771391257578,830.0,2026-02-18 00:07:37.578
1771391257631,831.0,2026-02-18 00:07:37.631
1771391257681,830.0,2026-02-18 00:07:37.681
1771391257730,831.0,2026-02-18 00:07:37.730
1771391257779,831.0,2026-02-18 00:07:37.779
1771391257832,832.0,2026-02-18 00:07:37.832
1771391257881,832.0,2026-02-18 00:07:37.881
1771391257930,832.0,2026-02-18 00:07:37.930
1771391257980,833.0,2026-02-18 00:07:37.980
1771391258033,833.0,2026-02-18 00:07:38.033
1771391258082,833.0,2026-02-18 00:07:38.082
1771391258131,833.0,2026-02-18 00:07:38.131
1771391258184,833.0,2026-02-18 00:07:38.184
1771391258233,833.0,2026-02-18 00:07:38.233
1771391258283,833.0,2026-02-18 00:07:38.283
1771391258332,833.0,2026-02-18 00:07:38.332
1771391258385,833.0,2026-02-18 00:07:38.385
1771391258434,833.0,2026-02-18 00:07:38.434
1771391258483,833.0,2026-02-18 00:07:38.483
1771391258536,833.0,2026-02-18 00:07:38.536
1771391258586,832.0,2026-02-18 00:07:38.586
1771391258635,832.0,2026-02-18 00:07:38.635
1771391258684,832.0,2026-02-18 00:07:38.684
1771391258737,831.0,2026-02-18 00:07:38.737
1771391258786,831.0,2026-02-18 00:07:38.786
1771391258835,831.0,2026-02-18 00:07:38.835
1771391258889,830.0,2026-02-18 00:07:38.889
1771391258938,830.0,2026-02-18 00:07:38.938
1771391258987,829.0,2026-02-18 00:07:38.987
1771391259036,829.0,2026-02-18 00:07:39.036
1771391259089,828.0,2026-02-18 00:07:39.089
1771391259139,828.0,2026-02-18 00:07:39.139
1771391259188,828.0,2026-02-18 00:07:39.188
1771391259237,828.0,2026-02-18 00:07:39.237
1771391259290,828.0,2026-02-18 00:07:39.290
1771391259340,828.0,2026-02-18 00:07:39.340
1771391259389,828.0,2026-02-18 00:07:39.389
1771391259442,828.0,2026-02-18 00:07:39.442
1771391259491,828.0,2026-02-18 00:07:39.491
1771391259540,828.0,2026-02-18 00:07:39.540
1771391259589,828.0,2026-02-18 00:07:39.589
1771391259642,828.0,2026-02-18 00:07:39.642
1771391259692,828.0,2026-02-18 00:07:39.692
1771391259741,828.0,2026-02-18 00:07:39.741
1771391259794,828.0,2026-02-18 00:07:39.794
1771391259843,828.0,2026-02-18 00:07:39.843
1771391259892,828.0,2026-02-18 00:07:39.892
1771391259941,828.0,2026-02-18 00:07:39.941
1771391259995,828.0,2026-02-18 00:07:39.995
1771391260044,828.0,2026-02-18 00:07:40.044
1771391260093,828.0,2026-02-18 00:07:40.093
1771391260146,828.0,2026-02-18 00:07:40.146
1771391260195,828.0,2026-02-18 00:07:40.195
1771391260244,828.0,2026-02-18 00:07:40.244
1771391260294,828.0,2026-02-18 00:07:40.294
1771391260347,828.0,2026-02-18 00:07:40.347
1771391260396,828.0,2026-02-18 00:07:40.396
1771391260445,829.0,2026-02-18 00:07:40.445
1771391260494,829.0,2026-02-18 00:07:40.494
1771391260548,829.0,2026-02-18 00:07:40.548
1771391260597,830.0,2026-02-18 00:07:40.597
1771391260646,830.0,2026-02-18 00:07:40.646
1771391260699,831.0,2026-02-18 00:07:40.699
1771391260748,831.0,2026-02-18 00:07:40.748
1771391260797,831.0,2026-02-18 00:07:40.797
1771391260847,831.0,2026-02-18 00:07:40.847
1771391260900,831.0,2026-02-18 00:07:40.900
1771391260949,831.0,2026-02-18 00:07:40.949
1771391260998,831.0,2026-02-18 00:07:40.998
1771391261051,831.0,2026-02-18 00:07:41.051
1771391261101,831.0,2026-02-18 00:07:41.101
1771391261150,831.0,2026-02-18 00:07:41.150
1771391261199,831.0,2026-02-18 00:07:41.199
1771391261252,831.0,2026-02-18 00:07:41.252
1771391261301,830.0,2026-02-18 00:07:41.301
1771391261351,830.0,2026-02-18 00:07:41.351
1771391261404,830.0,2026-02-18 00:07:41.404
1771391261453,829.0,2026-02-18 00:07:41.453
1771391261502,829.0,2026-02-18 00:07:41.502
1771391261551,829.0,2026-02-18 00:07:41.551
1771391261604,828.0,2026-02-18 00:07:41.604
1771391261654,828.0,2026-02-18 00:07:41.654
1771391261703,827.0,2026-02-18 00:07:41.703
1771391261756,827.0,2026-02-18 00:07:41.756
1771391261806,826.0,2026-02-18 00:07:41.806
1771391261854,826.0,2026-02-18 00:07:41.854
1771391261904,826.0,2026-02-18 00:07:41.904
1771391261957,826.0,2026-02-18 00:07:41.957
1771391262006,826.0,2026-02-18 00:07:42.006
1771391262055,826.0,2026-02-18 00:07:42.055
1771391262104,826.0,2026-02-18 00:07:42.104
1771391262157,826.0,2026-02-18 00:07:42.157
1771391262207,826.0,2026-02-18 00:07:42.207
1771391262255,826.0,2026-02-18 00:07:42.255
1771391262309,826.0,2026-02-18 00:07:42.309
1771391262358,826.0,2026-02-18 00:07:42.358
1771391262407,826.0,2026-02-18 00:07:42.407
1771391262457,826.0,2026-02-18 00:07:42.457
1771391262510,826.0,2026-02-18 00:07:42.510
1771391262559,826.0,2026-02-18 00:07:42.559
1771391262608,826.0,2026-02-18 00:07:42.608
1771391262661,826.0,2026-02-18 00:07:42.661
1771391262710,826.0,2026-02-18 00:07:42.710
1771391262760,826.0,2026-02-18 00:07:42.760
1771391262809,826.0,2026-02-18 00:07:42.809
1771391262862,827.0,2026-02-18 00:07:42.862
1771391262911,827.0,2026-02-18 00:07:42.911
1771391262960,827.0,2026-02-18 00:07:42.960
1771391263013,827.0,2026-02-18 00:07:43.013
1771391263062,827.0,2026-02-18 00:07:43.062
1771391263112,827.0,2026-02-18 00:07:43.112
1771391263161,827.0,2026-02-18 00:07:43.161
1771391263214,828.0,2026-02-18 00:07:43.214
1771391263263,828.0,2026-02-18 00:07:43.263
1771391263312,828.0,2026-02-18 00:07:43.312
1771391263361,829.0,2026-02-18 00:07:43.361
1771391263415,829.0,2026-02-18 00:07:43.415
1771391263464,830.0,2026-02-18 00:07:43.464
1771391263513,830.0,2026-02-18 00:07:43.513
1771391263566,830.0,2026-02-18 00:07:43.566
1771391263615,830.0,2026-02-18 00:07:43.615
1771391263665,830.0,2026-02-18 00:07:43.665
1771391263714,831.0,2026-02-18 00:07:43.714
1771391263767,831.0,2026-02-18 00:07:43.767
1771391263816,831.0,2026-02-18 00:07:43.816
1771391263865,831.0,2026-02-18 00:07:43.865
1771391263918,831.0,2026-02-18 00:07:43.918
1771391263968,831.0,2026-02-18 00:07:43.968
1771391264017,831.0,2026-02-18 00:07:44.017
1771391264066,830.0,2026-02-18 00:07:44.066
1771391264119,830.0,2026-02-18 00:07:44.119
1771391264168,830.0,2026-02-18 00:07:44.168
1771391264217,830.0,2026-02-18 00:07:44.217
1771391264271,830.0,2026-02-18 00:07:44.271
1771391264320,830.0,2026-02-18 00:07:44.320
1771391264369,830.0,2026-02-18 00:07:44.369
1771391264419,830.0,2026-02-18 00:07:44.419
1771391264471,830.0,2026-02-18 00:07:44.471
1771391264521,830.0,2026-02-18 00:07:44.521
1771391264570,831.0,2026-02-18 00:07:44.570
1771391264619,831.0,2026-02-18 00:07:44.619
1771391264672,832.0,2026-02-18 00:07:44.672
1771391264721,833.0,2026-02-18 00:07:44.721
1771391264770,833.0,2026-02-18 00:07:44.770
1771391264824,834.0,2026-02-18 00:07:44.824
1771391264873,835.0,2026-02-18 00:07:44.873
1771391264922,836.0,2026-02-18 00:07:44.922
1771391264971,836.0,2026-02-18 00:07:44.971
1771391265024,837.0,2026-02-18 00:07:45.024
1771391265074,837.0,2026-02-18 00:07:45.074
1771391265123,838.0,2026-02-18 00:07:45.123
1771391265176,839.0,2026-02-18 00:07:45.176
1771391265225,840.0,2026-02-18 00:07:45.225
1771391265274,840.0,2026-02-18 00:07:45.274
1771391265324,841.0,2026-02-18 00:07:45.324
1771391265377,842.0,2026-02-18 00:07:45.377
1771391265426,843.0,2026-02-18 00:07:45.426
1771391265475,843.0,2026-02-18 00:07:45.475
1771391265528,844.0,2026-02-18 00:07:45.528
1771391265577,844.0,2026-02-18 00:07:45.577
1771391265626,845.0,2026-02-18 00:07:45.626
1771391265676,846.0,2026-02-18 00:07:45.676
1771391265729,846.0,2026-02-18 00:07:45.729
1771391265778,847.0,2026-02-18 00:07:45.778
1771391265827,847.0,2026-02-18 00:07:45.827
1771391265876,848.0,2026-02-18 00:07:45.876
1771391265929,849.0,2026-02-18 00:07:45.929
1771391265979,850.0,2026-02-18 00:07:45.979
1771391266028,850.0,2026-02-18 00:07:46.028
1771391266083,851.0,2026-02-18 00:07:46.083
1771391266130,852.0,2026-02-18 00:07:46.130
1771391266179,852.0,2026-02-18 00:07:46.179
1771391266228,852.0,2026-02-18 00:07:46.228
1771391266282,853.0,2026-02-18 00:07:46.282
1771391266331,853.0,2026-02-18 00:07:46.331
1771391266380,853.0,2026-02-18 00:07:46.380
1771391266433,854.0,2026-02-18 00:07:46.433
1771391266482,854.0,2026-02-18 00:07:46.482
1771391266532,854.0,2026-02-18 00:07:46.532
1771391266581,854.0,2026-02-18 00:07:46.581
1771391266634,854.0,2026-02-18 00:07:46.634
1771391266683,854.0,2026-02-18 00:07:46.683
1771391266732,854.0,2026-02-18 00:07:46.732
1771391266785,853.0,2026-02-18 00:07:46.785
1771391266835,853.0,2026-02-18 00:07:46.835
1771391266884,853.0,2026-02-18 00:07:46.884
1771391266933,853.0,2026-02-18 00:07:46.933
1771391266986,852.0,2026-02-18 00:07:46.986
1771391267035,852.0,2026-02-18 00:07:47.035
1771391267085,852.0,2026-02-18 00:07:47.085
1771391267138,851.0,2026-02-18 00:07:47.138
1771391267187,851.0,2026-02-18 00:07:47.187
1771391267236,851.0,2026-02-18 00:07:47.236
1771391267285,851.0,2026-02-18 00:07:47.285
1771391267338,850.0,2026-02-18 00:07:47.338
1771391267388,851.0,2026-02-18 00:07:47.388
1771391267437,851.0,2026-02-18 00:07:47.437
1771391267486,851.0,2026-02-18 00:07:47.486
1771391267539,851.0,2026-02-18 00:07:47.539
1771391267588,851.0,2026-02-18 00:07:47.588
1771391267637,851.0,2026-02-18 00:07:47.637
1771391267691,851.0,2026-02-18 00:07:47.691
1771391267740,851.0,2026-02-18 00:07:47.740
1771391267789,851.0,2026-02-18 00:07:47.789
1771391267838,851.0,2026-02-18 00:07:47.838
1771391267891,852.0,2026-02-18 00:07:47.891
1771391267941,852.0,2026-02-18 00:07:47.941
1771391267990,852.0,2026-02-18 00:07:47.990
1771391268043,852.0,2026-02-18 00:07:48.043
1771391268092,853.0,2026-02-18 00:07:48.092
1771391268141,853.0,2026-02-18 00:07:48.141
1771391268191,853.0,2026-02-18 00:07:48.191
1771391268244,853.0,2026-02-18 00:07:48.244
1771391268293,853.0,2026-02-18 00:07:48.293
1771391268342,853.0,2026-02-18 00:07:48.342
1771391268395,853.0,2026-02-18 00:07:48.395
1771391268444,854.0,2026-02-18 00:07:48.444
1771391268494,854.0,2026-02-18 00:07:48.494
1771391268543,854.0,2026-02-18 00:07:48.543
1771391268596,854.0,2026-02-18 00:07:48.596
1771391268645,855.0,2026-02-18 00:07:48.645
1771391268694,855.0,2026-02-18 00:07:48.694
1771391268743,855.0,2026-02-18 00:07:48.743
1771391268797,856.0,2026-02-18 00:07:48.797
1771391268846,856.0,2026-02-18 00:07:48.846
1771391268895,856.0,2026-02-18 00:07:48.895
1771391268948,857.0,2026-02-18 00:07:48.948
1771391268997,857.0,2026-02-18 00:07:48.997
1771391269046,857.0,2026-02-18 00:07:49.046
1771391269096,857.0,2026-02-18 00:07:49.096
1771391269149,856.0,2026-02-18 00:07:49.149
1771391269198,856.0,2026-02-18 00:07:49.198
1771391269247,856.0,2026-02-18 00:07:49.247
1771391269300,856.0,2026-02-18 00:07:49.300
1771391269350,856.0,2026-02-18 00:07:49.350
1771391269399,855.0,2026-02-18 00:07:49.399
1771391269448,855.0,2026-02-18 00:07:49.448
1771391269501,855.0,2026-02-18 00:07:49.501
1771391269550,854.0,2026-02-18 00:07:49.550
1771391269599,854.0,2026-02-18 00:07:49.599
1771391269653,853.0,2026-02-18 00:07:49.653
1771391269702,853.0,2026-02-18 00:07:49.702
1771391269751,852.0,2026-02-18 00:07:49.751
1771391269800,851.0,2026-02-18 00:07:49.800
1771391269853,851.0,2026-02-18 00:07:49.853
1771391269903,850.0,2026-02-18 00:07:49.903
1771391269952,850.0,2026-02-18 00:07:49.952
1771391270001,849.0,2026-02-18 00:07:50.001
1771391270054,849.0,2026-02-18 00:07:50.054
1771391270103,849.0,2026-02-18 00:07:50.103
1771391270152,849.0,2026-02-18 00:07:50.152
1771391270206,849.0,2026-02-18 00:07:50.206
1771391270255,849.0,2026-02-18 00:07:50.255
1771391270304,848.0,2026-02-18 00:07:50.304
1771391270353,848.0,2026-02-18 00:07:50.353
1771391270406,848.0,2026-02-18 00:07:50.406
1771391270456,848.0,2026-02-18 00:07:50.456
1771391270505,848.0,2026-02-18 00:07:50.505
1771391270558,847.0,2026-02-18 00:07:50.558
1771391270607,847.0,2026-02-18 00:07:50.607
1771391270656,847.0,2026-02-18 00:07:50.656
1771391270705,847.0,2026-02-18 00:07:50.705
1771391270759,847.0,2026-02-18 00:07:50.759
1771391270808,847.0,2026-02-18 00:07:50.808
1771391270857,847.0,2026-02-18 00:07:50.857
1771391270910,847.0,2026-02-18 00:07:50.910
1771391270959,847.0,2026-02-18 00:07:50.959
1771391271009,848.0,2026-02-18 00:07:51.009
1771391271058,847.0,2026-02-18 00:07:51.058
1771391271111,848.0,2026-02-18 00:07:51.111
1771391271160,848.0,2026-02-18 00:07:51.160
1771391271209,848.0,2026-02-18 00:07:51.209
1771391271258,849.0,2026-02-18 00:07:51.258
1771391271311,849.0,2026-02-18 00:07:51.311
1771391271361,850.0,2026-02-18 00:07:51.361
1771391271410,851.0,2026-02-18 00:07:51.410
1771391271463,851.0,2026-02-18 00:07:51.463
1771391271512,852.0,2026-02-18 00:07:51.512
1771391271561,853.0,2026-02-18 00:07:51.561
1771391271610,853.0,2026-02-18 00:07:51.610
1771391271664,854.0,2026-02-18 00:07:51.664
1771391271713,854.0,2026-02-18 00:07:51.713
1771391271762,855.0,2026-02-18 00:07:51.762
1771391271815,855.0,2026-02-18 00:07:51.815
1771391271864,855.0,2026-02-18 00:07:51.864
1771391271914,855.0,2026-02-18 00:07:51.914
1771391271963,856.0,2026-02-18 00:07:51.963
1771391272019,856.0,2026-02-18 00:07:52.019
1771391272065,856.0,2026-02-18 00:07:52.065
1771391272114,856.0,2026-02-18 00:07:52.114
1771391272167,856.0,2026-02-18 00:07:52.167
1771391272217,855.0,2026-02-18 00:07:52.217
1771391272266,855.0,2026-02-18 00:07:52.266
1771391272315,855.0,2026-02-18 00:07:52.315
1771391272368,855.0,2026-02-18 00:07:52.368
1771391272418,854.0,2026-02-18 00:07:52.418
1771391272467,854.0,2026-02-18 00:07:52.467
1771391272516,853.0,2026-02-18 00:07:52.516
1771391272569,853.0,2026-02-18 00:07:52.569
1771391272618,852.0,2026-02-18 00:07:52.618
1771391272667,852.0,2026-02-18 00:07:52.667
1771391272721,852.0,2026-02-18 00:07:52.721
1771391272770,851.0,2026-02-18 00:07:52.770
1771391272819,852.0,2026-02-18 00:07:52.819
1771391272868,851.0,2026-02-18 00:07:52.868
1771391272921,852.0,2026-02-18 00:07:52.921
1771391272970,851.0,2026-02-18 00:07:52.970
1771391273019,851.0,2026-02-18 00:07:53.019
1771391273073,851.0,2026-02-18 00:07:53.073
1771391273122,851.0,2026-02-18 00:07:53.122
1771391273171,851.0,2026-02-18 00:07:53.171
1771391273221,851.0,2026-02-18 00:07:53.221
1771391273273,851.0,2026-02-18 00:07:53.273
1771391273323,851.0,2026-02-18 00:07:53.323
1771391273372,850.0,2026-02-18 00:07:53.372
1771391273425,851.0,2026-02-18 00:07:53.425
1771391273474,850.0,2026-02-18 00:07:53.474
1771391273523,850.0,2026-02-18 00:07:53.523
1771391273573,850.0,2026-02-18 00:07:53.573
1771391273626,850.0,2026-02-18 00:07:53.626
1771391273675,850.0,2026-02-18 00:07:53.675
1771391273724,850.0,2026-02-18 00:07:53.724
1771391273773,850.0,2026-02-18 00:07:53.773
1771391273826,850.0,2026-02-18 00:07:53.826
1771391273875,850.0,2026-02-18 00:07:53.875
1771391273925,850.0,2026-02-18 00:07:53.925
1771391273978,850.0,2026-02-18 00:07:53.978
1771391274027,850.0,2026-02-18 00:07:54.027
1771391274076,851.0,2026-02-18 00:07:54.076
1771391274126,851.0,2026-02-18 00:07:54.126
1771391274179,851.0,2026-02-18 00:07:54.179
1771391274228,851.0,2026-02-18 00:07:54.228
1771391274277,852.0,2026-02-18 00:07:54.277
1771391274330,852.0,2026-02-18 00:07:54.330
1771391274379,852.0,2026-02-18 00:07:54.379
1771391274428,852.0,2026-02-18 00:07:54.428
1771391274478,852.0,2026-02-18 00:07:54.478
1771391274531,852.0,2026-02-18 00:07:54.531
1771391274580,852.0,2026-02-18 00:07:54.580
1771391274629,852.0,2026-02-18 00:07:54.629
1771391274682,852.0,2026-02-18 00:07:54.682
1771391274731,851.0,2026-02-18 00:07:54.731
1771391274781,851.0,2026-02-18 00:07:54.781
1771391274830,851.0,2026-02-18 00:07:54.830
1771391274883,851.0,2026-02-18 00:07:54.883
1771391274932,850.0,2026-02-18 00:07:54.932
1771391274981,850.0,2026-02-18 00:07:54.981
1771391275031,850.0,2026-02-18 00:07:55.031
1771391275084,849.0,2026-02-18 00:07:55.084
1771391275133,848.0,2026-02-18 00:07:55.133
1771391275182,848.0,2026-02-18 00:07:55.182
1771391275235,848.0,2026-02-18 00:07:55.235
1771391275284,847.0,2026-02-18 00:07:55.284
1771391275333,847.0,2026-02-18 00:07:55.333
1771391275383,847.0,2026-02-18 00:07:55.383
1771391275436,847.0,2026-02-18 00:07:55.436
1771391275485,847.0,2026-02-18 00:07:55.485
1771391275534,847.0,2026-02-18 00:07:55.534
1771391275587,847.0,2026-02-18 00:07:55.587
1771391275637,847.0,2026-02-18 00:07:55.637
1771391275686,847.0,2026-02-18 00:07:55.686
1771391275735,847.0,2026-02-18 00:07:55.735
1771391275788,847.0,2026-02-18 00:07:55.788
1771391275837,847.0,2026-02-18 00:07:55.837
1771391275887,847.0,2026-02-18 00:07:55.887
1771391275940,848.0,2026-02-18 00:07:55.940
1771391275989,848.0,2026-02-18 00:07:55.989
1771391276038,848.0,2026-02-18 00:07:56.038
1771391276087,848.0,2026-02-18 00:07:56.087
1771391276141,848.0,2026-02-18 00:07:56.141
1771391276190,848.0,2026-02-18 00:07:56.190
1771391276239,848.0,2026-02-18 00:07:56.239
1771391276292,848.0,2026-02-18 00:07:56.292
1771391276341,848.0,2026-02-18 00:07:56.341
1771391276390,848.0,2026-02-18 00:07:56.390
1771391276439,848.0,2026-02-18 00:07:56.439
1771391276493,848.0,2026-02-18 00:07:56.493
1771391276542,848.0,2026-02-18 00:07:56.542
1771391276591,848.0,2026-02-18 00:07:56.591
1771391276640,848.0,2026-02-18 00:07:56.640
1771391276693,849.0,2026-02-18 00:07:56.693
1771391276743,849.0,2026-02-18 00:07:56.743
1771391276792,850.0,2026-02-18 00:07:56.792
1771391276845,850.0,2026-02-18 00:07:56.845
1771391276894,850.0,2026-02-18 00:07:56.894
1771391276944,851.0,2026-02-18 00:07:56.944
1771391276992,850.0,2026-02-18 00:07:56.992
1771391277046,851.0,2026-02-18 00:07:57.046
1771391277095,851.0,2026-02-18 00:07:57.095
1771391277144,851.0,2026-02-18 00:07:57.144
1771391277197,851.0,2026-02-18 00:07:57.197
1771391277246,851.0,2026-02-18 00:07:57.246
1771391277295,850.0,2026-02-18 00:07:57.295
1771391277345,850.0,2026-02-18 00:07:57.345
1771391277398,850.0,2026-02-18 00:07:57.398
1771391277447,850.0,2026-02-18 00:07:57.447
1771391277496,850.0,2026-02-18 00:07:57.496
1771391277549,849.0,2026-02-18 00:07:57.549
1771391277599,849.0,2026-02-18 00:07:57.599
1771391277648,848.0,2026-02-18 00:07:57.648
1771391277697,848.0,2026-02-18 00:07:57.697
1771391277750,847.0,2026-02-18 00:07:57.750
1771391277799,847.0,2026-02-18 00:07:57.799
1771391277849,846.0,2026-02-18 00:07:57.849
1771391277898,846.0,2026-02-18 00:07:57.898
1771391277951,845.0,2026-02-18 00:07:57.951
1771391278000,845.0,2026-02-18 00:07:58.000
1771391278049,845.0,2026-02-18 00:07:58.049
1771391278102,845.0,2026-02-18 00:07:58.102
1771391278152,844.0,2026-02-18 00:07:58.152
1771391278201,844.0,2026-02-18 00:07:58.201
1771391278250,845.0,2026-02-18 00:07:58.250
1771391278303,845.0,2026-02-18 00:07:58.303
1771391278352,845.0,2026-02-18 00:07:58.352
1771391278401,845.0,2026-02-18 00:07:58.401
1771391278455,844.0,2026-02-18 00:07:58.455
1771391278504,844.0,2026-02-18 00:07:58.504
1771391278553,844.0,2026-02-18 00:07:58.553
1771391278602,844.0,2026-02-18 00:07:58.602
1771391278655,844.0,2026-02-18 00:07:58.655
1771391278705,844.0,2026-02-18 00:07:58.705
1771391278754,844.0,2026-02-18 00:07:58.754
1771391278807,844.0,2026-02-18 00:07:58.807
1771391278856,844.0,2026-02-18 00:07:58.856
1771391278905,844.0,2026-02-18 00:07:58.905
1771391278954,844.0,2026-02-18 00:07:58.954
1771391279008,844.0,2026-02-18 00:07:59.008
1771391279057,845.0,2026-02-18 00:07:59.057
1771391279108,844.0,2026-02-18 00:07:59.108
1771391279155,844.0,2026-02-18 00:07:59.155
1771391279208,844.0,2026-02-18 00:07:59.208
1771391279257,845.0,2026-02-18 00:07:59.257
1771391279307,845.0,2026-02-18 00:07:59.307
1771391279360,845.0,2026-02-18 00:07:59.360
1771391279409,845.0,2026-02-18 00:07:59.409
1771391279458,846.0,2026-02-18 00:07:59.458
1771391279508,846.0,2026-02-18 00:07:59.508
1771391279560,847.0,2026-02-18 00:07:59.560
1771391279610,847.0,2026-02-18 00:07:59.610
1771391279659,847.0,2026-02-18 00:07:59.659
1771391279712,847.0,2026-02-18 00:07:59.712
1771391279761,847.0,2026-02-18 00:07:59.761
1771391279810,847.0,2026-02-18 00:07:59.810
1771391279860,847.0,2026-02-18 00:07:59.860
1771391279913,847.0,2026-02-18 00:07:59.913
1771391279962,847.0,2026-02-18 00:07:59.962
1771391280014,847.0,2026-02-18 00:08:00.014
1771391280064,847.0,2026-02-18 00:08:00.064
1771391280113,846.0,2026-02-18 00:08:00.113
1771391280163,846.0,2026-02-18 00:08:00.163
1771391280212,846.0,2026-02-18 00:08:00.212
1771391280265,845.0,2026-02-18 00:08:00.265
1771391280314,845.0,2026-02-18 00:08:00.314
1771391280363,845.0,2026-02-18 00:08:00.363
1771391280416,844.0,2026-02-18 00:08:00.416
1771391280466,843.0,2026-02-18 00:08:00.466
1771391280515,843.0,2026-02-18 00:08:00.515
1771391280564,842.0,2026-02-18 00:08:00.564
1771391280617,842.0,2026-02-18 00:08:00.617
1771391280666,842.0,2026-02-18 00:08:00.666
1771391280716,842.0,2026-02-18 00:08:00.716
1771391280765,842.0,2026-02-18 00:08:00.765
1771391280818,841.0,2026-02-18 00:08:00.818
1771391280867,841.0,2026-02-18 00:08:00.867
1771391280916,842.0,2026-02-18 00:08:00.916
1771391280969,841.0,2026-02-18 00:08:00.969
1771391281019,842.0,2026-02-18 00:08:01.019
1771391281068,842.0,2026-02-18 00:08:01.068
1771391281117,842.0,2026-02-18 00:08:01.117
1771391281170,842.0,2026-02-18 00:08:01.170
1771391281219,842.0,2026-02-18 00:08:01.219
1771391281269,842.0,2026-02-18 00:08:01.269
1771391281322,842.0,2026-02-18 00:08:01.322
1771391281371,842.0,2026-02-18 00:08:01.371
1771391281420,842.0,2026-02-18 00:08:01.420
1771391281469,842.0,2026-02-18 00:08:01.469
1771391281522,842.0,2026-02-18 00:08:01.522
1771391281572,843.0,2026-02-18 00:08:01.572
1771391281621,843.0,2026-02-18 00:08:01.621
1771391281674,842.0,2026-02-18 00:08:01.674
1771391281723,843.0,2026-02-18 00:08:01.723
1771391281772,843.0,2026-02-18 00:08:01.772
1771391281822,843.0,2026-02-18 00:08:01.822
1771391281875,843.0,2026-02-18 00:08:01.875
1771391281924,844.0,2026-02-18 00:08:01.924
1771391281973,844.0,2026-02-18 00:08:01.973
1771391282022,845.0,2026-02-18 00:08:02.022
1771391282075,845.0,2026-02-18 00:08:02.075
1771391282125,846.0,2026-02-18 00:08:02.125
1771391282174,846.0,2026-02-18 00:08:02.174
1771391282227,847.0,2026-02-18 00:08:02.227
1771391282276,848.0,2026-02-18 00:08:02.276
1771391282326,848.0,2026-02-18 00:08:02.326
1771391282375,849.0,2026-02-18 00:08:02.375
1771391282428,849.0,2026-02-18 00:08:02.428
1771391282477,849.0,2026-02-18 00:08:02.477
1771391282526,850.0,2026-02-18 00:08:02.526
1771391282579,850.0,2026-02-18 00:08:02.579
1771391282628,850.0,2026-02-18 00:08:02.628
1771391282678,850.0,2026-02-18 00:08:02.678
1771391282727,850.0,2026-02-18 00:08:02.727
1771391282780,851.0,2026-02-18 00:08:02.780
1771391282829,851.0,2026-02-18 00:08:02.829
1771391282878,850.0,2026-02-18 00:08:02.878
1771391282931,850.0,2026-02-18 00:08:02.931
1771391282981,850.0,2026-02-18 00:08:02.981
1771391283030,850.0,2026-02-18 00:08:03.030
1771391283079,850.0,2026-02-18 00:08:03.079
1771391283132,850.0,2026-02-18 00:08:03.132
1771391283181,849.0,2026-02-18 00:08:03.181
1771391283230,849.0,2026-02-18 00:08:03.230
1771391283280,849.0,2026-02-18 00:08:03.280
1771391283333,848.0,2026-02-18 00:08:03.333
1771391283382,848.0,2026-02-18 00:08:03.382
1771391283431,848.0,2026-02-18 00:08:03.431
1771391283484,848.0,2026-02-18 00:08:03.484
1771391283533,848.0,2026-02-18 00:08:03.533
1771391283583,848.0,2026-02-18 00:08:03.583
1771391283632,849.0,2026-02-18 00:08:03.632
1771391283685,849.0,2026-02-18 00:08:03.685
1771391283734,849.0,2026-02-18 00:08:03.734
1771391283783,849.0,2026-02-18 00:08:03.783
1771391283836,849.0,2026-02-18 00:08:03.836
1771391283886,848.0,2026-02-18 00:08:03.886
1771391283935,849.0,2026-02-18 00:08:03.935
1771391283984,849.0,2026-02-18 00:08:03.984
1771391284037,849.0,2026-02-18 00:08:04.037
1771391284086,849.0,2026-02-18 00:08:04.086
1771391284136,849.0,2026-02-18 00:08:04.136
1771391284189,849.0,2026-02-18 00:08:04.189
1771391284238,849.0,2026-02-18 00:08:04.238
1771391284287,849.0,2026-02-18 00:08:04.287
1771391284336,849.0,2026-02-18 00:08:04.336
1771391284389,849.0,2026-02-18 00:08:04.389
1771391284439,849.0,2026-02-18 00:08:04.439
1771391284488,849.0,2026-02-18 00:08:04.488
1771391284538,849.0,2026-02-18 00:08:04.538
1771391284590,849.0,2026-02-18 00:08:04.590
1771391284640,850.0,2026-02-18 00:08:04.640
1771391284689,850.0,2026-02-18 00:08:04.689
1771391284742,850.0,2026-02-18 00:08:04.742
1771391284791,851.0,2026-02-18 00:08:04.791
1771391284840,851.0,2026-02-18 00:08:04.840
1771391284890,851.0,2026-02-18 00:08:04.890
1771391284943,851.0,2026-02-18 00:08:04.943
1771391284992,852.0,2026-02-18 00:08:04.992
1771391285041,852.0,2026-02-18 00:08:05.041
1771391285094,852.0,2026-02-18 00:08:05.094
1771391285143,852.0,2026-02-18 00:08:05.143
1771391285192,852.0,2026-02-18 00:08:05.192
1771391285242,852.0,2026-02-18 00:08:05.242
1771391285295,852.0,2026-02-18 00:08:05.295
1771391285344,852.0,2026-02-18 00:08:05.344
1771391285393,852.0,2026-02-18 00:08:05.393
1771391285446,851.0,2026-02-18 00:08:05.446
1771391285495,851.0,2026-02-18 00:08:05.495
1771391285545,851.0,2026-02-18 00:08:05.545
1771391285594,850.0,2026-02-18 00:08:05.594
1771391285647,850.0,2026-02-18 00:08:05.647
1771391285696,850.0,2026-02-18 00:08:05.696
1771391285745,849.0,2026-02-18 00:08:05.745
1771391285794,849.0,2026-02-18 00:08:05.794
1771391285848,849.0,2026-02-18 00:08:05.848
1771391285897,848.0,2026-02-18 00:08:05.897
1771391285946,848.0,2026-02-18 00:08:05.946
1771391285999,847.0,2026-02-18 00:08:05.999
1771391286048,847.0,2026-02-18 00:08:06.048
1771391286097,847.0,2026-02-18 00:08:06.097
1771391286147,847.0,2026-02-18 00:08:06.147
1771391286200,847.0,2026-02-18 00:08:06.200
1771391286249,847.0,2026-02-18 00:08:06.249
1771391286298,847.0,2026-02-18 00:08:06.298
1771391286351,847.0,2026-02-18 00:08:06.351
1771391286401,847.0,2026-02-18 00:08:06.401
1771391286450,847.0,2026-02-18 00:08:06.450
1771391286499,847.0,2026-02-18 00:08:06.499
1771391286552,847.0,2026-02-18 00:08:06.552
1771391286601,847.0,2026-02-18 00:08:06.601
1771391286650,847.0,2026-02-18 00:08:06.650
1771391286704,847.0,2026-02-18 00:08:06.704
1771391286753,847.0,2026-02-18 00:08:06.753
1771391286802,847.0,2026-02-18 00:08:06.802
1771391286851,847.0,2026-02-18 00:08:06.851
1771391286904,847.0,2026-02-18 00:08:06.904
1771391286954,847.0,2026-02-18 00:08:06.954
1771391287003,847.0,2026-02-18 00:08:07.003
1771391287056,847.0,2026-02-18 00:08:07.056
1771391287105,847.0,2026-02-18 00:08:07.105
1771391287154,847.0,2026-02-18 00:08:07.154
1771391287203,847.0,2026-02-18 00:08:07.203
1771391287257,847.0,2026-02-18 00:08:07.257
1771391287306,848.0,2026-02-18 00:08:07.306
1771391287355,848.0,2026-02-18 00:08:07.355
1771391287404,848.0,2026-02-18 00:08:07.404
1771391287457,849.0,2026-02-18 00:08:07.457
1771391287507,849.0,2026-02-18 00:08:07.507
1771391287556,849.0,2026-02-18 00:08:07.556
1771391287609,849.0,2026-02-18 00:08:07.609
1771391287658,850.0,2026-02-18 00:08:07.658
1771391287707,850.0,2026-02-18 00:08:07.707
1771391287756,850.0,2026-02-18 00:08:07.756
1771391287809,850.0,2026-02-18 00:08:07.809
1771391287859,850.0,2026-02-18 00:08:07.859
1771391287908,850.0,2026-02-18 00:08:07.908
1771391287961,849.0,2026-02-18 00:08:07.961
1771391288010,849.0,2026-02-18 00:08:08.010
1771391288062,849.0,2026-02-18 00:08:08.062
1771391288109,849.0,2026-02-18 00:08:08.109
1771391288162,849.0,2026-02-18 00:08:08.162
1771391288211,848.0,2026-02-18 00:08:08.211
1771391288260,848.0,2026-02-18 00:08:08.260
1771391288313,847.0,2026-02-18 00:08:08.313
1771391288362,847.0,2026-02-18 00:08:08.362
1771391288412,846.0,2026-02-18 00:08:08.412
1771391288461,846.0,2026-02-18 00:08:08.461
1771391288514,845.0,2026-02-18 00:08:08.514
1771391288563,845.0,2026-02-18 00:08:08.563
1771391288612,844.0,2026-02-18 00:08:08.612
1771391288661,844.0,2026-02-18 00:08:08.661
1771391288715,844.0,2026-02-18 00:08:08.715
1771391288764,844.0,2026-02-18 00:08:08.764
1771391288813,844.0,2026-02-18 00:08:08.813
1771391288866,844.0,2026-02-18 00:08:08.866
1771391288915,844.0,2026-02-18 00:08:08.915
1771391288965,844.0,2026-02-18 00:08:08.965
1771391289014,844.0,2026-02-18 00:08:09.014
1771391289067,844.0,2026-02-18 00:08:09.067
1771391289116,844.0,2026-02-18 00:08:09.116
1771391289165,844.0,2026-02-18 00:08:09.165
1771391289218,845.0,2026-02-18 00:08:09.218
1771391289268,845.0,2026-02-18 00:08:09.268
1771391289317,845.0,2026-02-18 00:08:09.317
1771391289366,845.0,2026-02-18 00:08:09.366
1771391289419,845.0,2026-02-18 00:08:09.419
1771391289468,846.0,2026-02-18 00:08:09.468
1771391289518,846.0,2026-02-18 00:08:09.518
1771391289571,846.0,2026-02-18 00:08:09.571
1771391289620,846.0,2026-02-18 00:08:09.620
1771391289669,846.0,2026-02-18 00:08:09.669
1771391289718,847.0,2026-02-18 00:08:09.718
1771391289771,847.0,2026-02-18 00:08:09.771
1771391289821,847.0,2026-02-18 00:08:09.821
1771391289870,847.0,2026-02-18 00:08:09.870
1771391289919,848.0,2026-02-18 00:08:09.919
1771391289972,848.0,2026-02-18 00:08:09.972
1771391290021,848.0,2026-02-18 00:08:10.021
1771391290070,849.0,2026-02-18 00:08:10.070
1771391290124,849.0,2026-02-18 00:08:10.124
1771391290173,850.0,2026-02-18 00:08:10.173
1771391290222,850.0,2026-02-18 00:08:10.222
1771391290271,850.0,2026-02-18 00:08:10.271
1771391290324,851.0,2026-02-18 00:08:10.324
1771391290374,851.0,2026-02-18 00:08:10.374
1771391290423,851.0,2026-02-18 00:08:10.423
1771391290476,851.0,2026-02-18 00:08:10.476
1771391290525,851.0,2026-02-18 00:08:10.525
1771391290574,851.0,2026-02-18 00:08:10.574
1771391290623,851.0,2026-02-18 00:08:10.623
1771391290677,851.0,2026-02-18 00:08:10.677
1771391290726,851.0,2026-02-18 00:08:10.726
1771391290775,850.0,2026-02-18 00:08:10.775
1771391290828,850.0,2026-02-18 00:08:10.828
1771391290877,849.0,2026-02-18 00:08:10.877
1771391290927,849.0,2026-02-18 00:08:10.927
1771391290976,849.0,2026-02-18 00:08:10.976
1771391291029,848.0,2026-02-18 00:08:11.029
1771391291078,848.0,2026-02-18 00:08:11.078
1771391291127,847.0,2026-02-18 00:08:11.127
1771391291176,847.0,2026-02-18 00:08:11.176
1771391291230,846.0,2026-02-18 00:08:11.230
1771391291279,846.0,2026-02-18 00:08:11.279
1771391291328,845.0,2026-02-18 00:08:11.328
1771391291381,845.0,2026-02-18 00:08:11.381
1771391291430,845.0,2026-02-18 00:08:11.430
1771391291479,845.0,2026-02-18 00:08:11.479
1771391291529,845.0,2026-02-18 00:08:11.529
1771391291582,845.0,2026-02-18 00:08:11.582
1771391291631,845.0,2026-02-18 00:08:11.631
1771391291680,845.0,2026-02-18 00:08:11.680
1771391291734,845.0,2026-02-18 00:08:11.734
1771391291783,845.0,2026-02-18 00:08:11.783
1771391291832,845.0,2026-02-18 00:08:11.832
1771391291881,845.0,2026-02-18 00:08:11.881
1771391291935,845.0,2026-02-18 00:08:11.935
1771391291983,845.0,2026-02-18 00:08:11.983
1771391292033,845.0,2026-02-18 00:08:12.033
1771391292085,846.0,2026-02-18 00:08:12.085
1771391292135,845.0,2026-02-18 00:08:12.135
1771391292184,846.0,2026-02-18 00:08:12.184
1771391292233,846.0,2026-02-18 00:08:12.233
1771391292286,846.0,2026-02-18 00:08:12.286
1771391292336,846.0,2026-02-18 00:08:12.336
1771391292385,846.0,2026-02-18 00:08:12.385
1771391292438,846.0,2026-02-18 00:08:12.438
1771391292487,846.0,2026-02-18 00:08:12.487
1771391292536,846.0,2026-02-18 00:08:12.536
1771391292585,847.0,2026-02-18 00:08:12.585
1771391292639,847.0,2026-02-18 00:08:12.639
1771391292688,848.0,2026-02-18 00:08:12.688
1771391292737,848.0,2026-02-18 00:08:12.737
1771391292786,849.0,2026-02-18 00:08:12.786
1771391292839,849.0,2026-02-18 00:08:12.839
1771391292888,849.0,2026-02-18 00:08:12.888
1771391292938,850.0,2026-02-18 00:08:12.938
1771391292991,850.0,2026-02-18 00:08:12.991
1771391293040,850.0,2026-02-18 00:08:13.040
1771391293089,850.0,2026-02-18 00:08:13.089
1771391293139,850.0,2026-02-18 00:08:13.139
1771391293192,850.0,2026-02-18 00:08:13.192
1771391293241,850.0,2026-02-18 00:08:13.241
1771391293290,850.0,2026-02-18 00:08:13.290
1771391293343,850.0,2026-02-18 00:08:13.343
1771391293392,850.0,2026-02-18 00:08:13.392
1771391293441,849.0,2026-02-18 00:08:13.441
1771391293491,849.0,2026-02-18 00:08:13.491
1771391293544,848.0,2026-02-18 00:08:13.544
1771391293593,848.0,2026-02-18 00:08:13.593
1771391293642,848.0,2026-02-18 00:08:13.642
1771391293695,847.0,2026-02-18 00:08:13.695
1771391293745,847.0,2026-02-18 00:08:13.745
1771391293794,846.0,2026-02-18 00:08:13.794
1771391293843,846.0,2026-02-18 00:08:13.843
1771391293896,845.0,2026-02-18 00:08:13.896
1771391293945,845.0,2026-02-18 00:08:13.945
1771391293994,845.0,2026-02-18 00:08:13.994
1771391294043,845.0,2026-02-18 00:08:14.043
1771391294097,844.0,2026-02-18 00:08:14.097
1771391294146,845.0,2026-02-18 00:08:14.146
1771391294195,845.0,2026-02-18 00:08:14.195
1771391294248,845.0,2026-02-18 00:08:14.248
1771391294297,845.0,2026-02-18 00:08:14.297
1771391294346,844.0,2026-02-18 00:08:14.346
1771391294396,844.0,2026-02-18 00:08:14.396
1771391294449,844.0,2026-02-18 00:08:14.449
1771391294498,844.0,2026-02-18 00:08:14.498
1771391294547,844.0,2026-02-18 00:08:14.547
1771391294600,844.0,2026-02-18 00:08:14.600
1771391294650,844.0,2026-02-18 00:08:14.650
1771391294699,844.0,2026-02-18 00:08:14.699
1771391294748,844.0,2026-02-18 00:08:14.748
1771391294801,844.0,2026-02-18 00:08:14.801
1771391294850,845.0,2026-02-18 00:08:14.850
1771391294899,845.0,2026-02-18 00:08:14.899
1771391294953,845.0,2026-02-18 00:08:14.953
1771391295002,845.0,2026-02-18 00:08:15.002
1771391295051,845.0,2026-02-18 00:08:15.051
1771391295100,845.0,2026-02-18 00:08:15.100
1771391295153,845.0,2026-02-18 00:08:15.153
1771391295203,845.0,2026-02-18 00:08:15.203
1771391295252,845.0,2026-02-18 00:08:15.252
1771391295301,845.0,2026-02-18 00:08:15.301
1771391295354,846.0,2026-02-18 00:08:15.354
1771391295403,846.0,2026-02-18 00:08:15.403
1771391295452,847.0,2026-02-18 00:08:15.452
1771391295506,847.0,2026-02-18 00:08:15.506
1771391295555,847.0,2026-02-18 00:08:15.555
1771391295604,847.0,2026-02-18 00:08:15.604
1771391295653,848.0,2026-02-18 00:08:15.653
1771391295707,848.0,2026-02-18 00:08:15.707
1771391295756,848.0,2026-02-18 00:08:15.756
1771391295805,848.0,2026-02-18 00:08:15.805
1771391295858,848.0,2026-02-18 00:08:15.858
1771391295907,848.0,2026-02-18 00:08:15.907
1771391295956,848.0,2026-02-18 00:08:15.956
1771391296005,847.0,2026-02-18 00:08:16.005
1771391296059,847.0,2026-02-18 00:08:16.059
1771391296108,847.0,2026-02-18 00:08:16.108
1771391296157,847.0,2026-02-18 00:08:16.157
1771391296210,846.0,2026-02-18 00:08:16.210
1771391296259,846.0,2026-02-18 00:08:16.259
1771391296309,846.0,2026-02-18 00:08:16.309
1771391296358,845.0,2026-02-18 00:08:16.358
1771391296411,845.0,2026-02-18 00:08:16.411
1771391296460,844.0,2026-02-18 00:08:16.460
1771391296509,844.0,2026-02-18 00:08:16.509
1771391296558,843.0,2026-02-18 00:08:16.558
1771391296612,843.0,2026-02-18 00:08:16.612
1771391296661,842.0,2026-02-18 00:08:16.661
1771391296710,842.0,2026-02-18 00:08:16.710
1771391296763,842.0,2026-02-18 00:08:16.763
1771391296812,842.0,2026-02-18 00:08:16.812
1771391296861,842.0,2026-02-18 00:08:16.861
1771391296911,842.0,2026-02-18 00:08:16.911
1771391296964,842.0,2026-02-18 00:08:16.964
1771391297013,842.0,2026-02-18 00:08:17.013
1771391297062,842.0,2026-02-18 00:08:17.062
1771391297115,842.0,2026-02-18 00:08:17.115
1771391297164,842.0,2026-02-18 00:08:17.164
1771391297214,842.0,2026-02-18 00:08:17.214
1771391297263,842.0,2026-02-18 00:08:17.263
1771391297316,843.0,2026-02-18 00:08:17.316
1771391297365,842.0,2026-02-18 00:08:17.365
1771391297414,843.0,2026-02-18 00:08:17.414
1771391297468,843.0,2026-02-18 00:08:17.468
1771391297517,843.0,2026-02-18 00:08:17.517
1771391297566,843.0,2026-02-18 00:08:17.566
1771391297615,843.0,2026-02-18 00:08:17.615
1771391297668,843.0,2026-02-18 00:08:17.668
1771391297717,843.0,2026-02-18 00:08:17.717
1771391297766,843.0,2026-02-18 00:08:17.766
1771391297816,843.0,2026-02-18 00:08:17.816
1771391297869,843.0,2026-02-18 00:08:17.869
1771391297918,844.0,2026-02-18 00:08:17.918
1771391297967,844.0,2026-02-18 00:08:17.967
1771391298021,844.0,2026-02-18 00:08:18.021
1771391298070,845.0,2026-02-18 00:08:18.070
1771391298119,845.0,2026-02-18 00:08:18.119
1771391298168,846.0,2026-02-18 00:08:18.168
1771391298221,846.0,2026-02-18 00:08:18.221
1771391298270,846.0,2026-02-18 00:08:18.270
1771391298320,847.0,2026-02-18 00:08:18.320
1771391298373,847.0,2026-02-18 00:08:18.373
1771391298422,847.0,2026-02-18 00:08:18.422
1771391298471,847.0,2026-02-18 00:08:18.471
1771391298520,847.0,2026-02-18 00:08:18.520
1771391298574,847.0,2026-02-18 00:08:18.574
1771391298623,847.0,2026-02-18 00:08:18.623
1771391298672,847.0,2026-02-18 00:08:18.672
1771391298725,847.0,2026-02-18 00:08:18.725
1771391298774,847.0,2026-02-18 00:08:18.774
1771391298823,847.0,2026-02-18 00:08:18.823
1771391298873,847.0,2026-02-18 00:08:18.873
1771391298926,846.0,2026-02-18 00:08:18.926
1771391298975,846.0,2026-02-18 00:08:18.975
1771391299024,846.0,2026-02-18 00:08:19.024
1771391299077,846.0,2026-02-18 00:08:19.077
1771391299127,846.0,2026-02-18 00:08:19.127
1771391299176,846.0,2026-02-18 00:08:19.176
1771391299225,845.0,2026-02-18 00:08:19.225
1771391299278,845.0,2026-02-18 00:08:19.278
1771391299327,845.0,2026-02-18 00:08:19.327
1771391299377,845.0,2026-02-18 00:08:19.377
1771391299425,846.0,2026-02-18 00:08:19.425
1771391299479,846.0,2026-02-18 00:08:19.479
1771391299528,847.0,2026-02-18 00:08:19.528
1771391299577,847.0,2026-02-18 00:08:19.577
1771391299630,847.0,2026-02-18 00:08:19.630
1771391299679,847.0,2026-02-18 00:08:19.679
1771391299728,848.0,2026-02-18 00:08:19.728
1771391299778,848.0,2026-02-18 00:08:19.778
1771391299831,848.0,2026-02-18 00:08:19.831
1771391299880,848.0,2026-02-18 00:08:19.880
1771391299929,849.0,2026-02-18 00:08:19.929
1771391299982,849.0,2026-02-18 00:08:19.982
1771391300032,850.0,2026-02-18 00:08:20.032
1771391300081,850.0,2026-02-18 00:08:20.081
1771391300130,850.0,2026-02-18 00:08:20.130
1771391300183,850.0,2026-02-18 00:08:20.183
1771391300233,851.0,2026-02-18 00:08:20.233
1771391300281,851.0,2026-02-18 00:08:20.281
1771391300335,851.0,2026-02-18 00:08:20.335
1771391300384,852.0,2026-02-18 00:08:20.384
1771391300433,852.0,2026-02-18 00:08:20.433
1771391300482,852.0,2026-02-18 00:08:20.482
1771391300535,852.0,2026-02-18 00:08:20.535
1771391300584,852.0,2026-02-18 00:08:20.584
1771391300634,853.0,2026-02-18 00:08:20.634
1771391300683,853.0,2026-02-18 00:08:20.683
1771391300737,854.0,2026-02-18 00:08:20.737
1771391300785,854.0,2026-02-18 00:08:20.785
1771391300834,855.0,2026-02-18 00:08:20.834
1771391300888,855.0,2026-02-18 00:08:20.888
1771391300937,855.0,2026-02-18 00:08:20.937
1771391300986,856.0,2026-02-18 00:08:20.986
1771391301035,856.0,2026-02-18 00:08:21.035
1771391301088,856.0,2026-02-18 00:08:21.088
1771391301137,856.0,2026-02-18 00:08:21.137
1771391301187,856.0,2026-02-18 00:08:21.187
1771391301240,856.0,2026-02-18 00:08:21.240
1771391301289,856.0,2026-02-18 00:08:21.289
1771391301338,856.0,2026-02-18 00:08:21.338
1771391301387,855.0,2026-02-18 00:08:21.387
1771391301441,855.0,2026-02-18 00:08:21.441
1771391301490,855.0,2026-02-18 00:08:21.490
1771391301539,854.0,2026-02-18 00:08:21.539
1771391301592,854.0,2026-02-18 00:08:21.592
1771391301641,854.0,2026-02-18 00:08:21.641
1771391301690,853.0,2026-02-18 00:08:21.690
1771391301740,853.0,2026-02-18 00:08:21.740
1771391301793,852.0,2026-02-18 00:08:21.793
1771391301842,852.0,2026-02-18 00:08:21.842
1771391301891,851.0,2026-02-18 00:08:21.891
1771391301940,850.0,2026-02-18 00:08:21.940
1771391301993,850.0,2026-02-18 00:08:21.993
1771391302043,850.0,2026-02-18 00:08:22.043
1771391302092,850.0,2026-02-18 00:08:22.092
1771391302145,850.0,2026-02-18 00:08:22.145
1771391302194,849.0,2026-02-18 00:08:22.194
1771391302243,849.0,2026-02-18 00:08:22.243
1771391302293,850.0,2026-02-18 00:08:22.293
1771391302346,849.0,2026-02-18 00:08:22.346
1771391302395,849.0,2026-02-18 00:08:22.395
1771391302444,849.0,2026-02-18 00:08:22.444
1771391302497,849.0,2026-02-18 00:08:22.497
1771391302547,849.0,2026-02-18 00:08:22.547
1771391302595,849.0,2026-02-18 00:08:22.595
1771391302645,849.0,2026-02-18 00:08:22.645
1771391302698,849.0,2026-02-18 00:08:22.698
1771391302747,849.0,2026-02-18 00:08:22.747
1771391302796,849.0,2026-02-18 00:08:22.796
1771391302849,849.0,2026-02-18 00:08:22.849
1771391302899,849.0,2026-02-18 00:08:22.899
1771391302948,849.0,2026-02-18 00:08:22.948
1771391302997,849.0,2026-02-18 00:08:22.997
1771391303050,849.0,2026-02-18 00:08:23.050
1771391303099,849.0,2026-02-18 00:08:23.099
1771391303149,849.0,2026-02-18 00:08:23.149
1771391303198,849.0,2026-02-18 00:08:23.198
1771391303251,849.0,2026-02-18 00:08:23.251
1771391303300,849.0,2026-02-18 00:08:23.300
1771391303349,850.0,2026-02-18 00:08:23.349
1771391303402,850.0,2026-02-18 00:08:23.402
1771391303452,850.0,2026-02-18 00:08:23.452
1771391303501,851.0,2026-02-18 00:08:23.501
1771391303550,851.0,2026-02-18 00:08:23.550
1771391303603,851.0,2026-02-18 00:08:23.603
1771391303653,852.0,2026-02-18 00:08:23.653
1771391303701,852.0,2026-02-18 00:08:23.701
1771391303755,852.0,2026-02-18 00:08:23.755
1771391303804,852.0,2026-02-18 00:08:23.804
1771391303853,852.0,2026-02-18 00:08:23.853
1771391303902,852.0,2026-02-18 00:08:23.902
1771391303956,852.0,2026-02-18 00:08:23.956
1771391304005,852.0,2026-02-18 00:08:24.005
1771391304054,852.0,2026-02-18 00:08:24.054
1771391304113,851.0,2026-02-18 00:08:24.113
1771391304156,851.0,2026-02-18 00:08:24.156
1771391304205,851.0,2026-02-18 00:08:24.205
1771391304255,850.0,2026-02-18 00:08:24.255
1771391304308,850.0,2026-02-18 00:08:24.308
1771391304357,849.0,2026-02-18 00:08:24.357
1771391304406,849.0,2026-02-18 00:08:24.406
1771391304459,849.0,2026-02-18 00:08:24.459
1771391304508,848.0,2026-02-18 00:08:24.508
1771391304558,848.0,2026-02-18 00:08:24.558
1771391304607,847.0,2026-02-18 00:08:24.607
1771391304660,847.0,2026-02-18 00:08:24.660
1771391304709,847.0,2026-02-18 00:08:24.709
1771391304758,846.0,2026-02-18 00:08:24.758
1771391304807,846.0,2026-02-18 00:08:24.807
1771391304861,846.0,2026-02-18 00:08:24.861
1771391304910,846.0,2026-02-18 00:08:24.910
1771391304959,846.0,2026-02-18 00:08:24.959
1771391305012,846.0,2026-02-18 00:08:25.012
1771391305061,846.0,2026-02-18 00:08:25.061
1771391305110,846.0,2026-02-18 00:08:25.110
1771391305160,846.0,2026-02-18 00:08:25.160
1771391305213,846.0,2026-02-18 00:08:25.213
1771391305262,846.0,2026-02-18 00:08:25.262
1771391305311,846.0,2026-02-18 00:08:25.311
1771391305364,846.0,2026-02-18 00:08:25.364
1771391305413,846.0,2026-02-18 00:08:25.413
1771391305463,847.0,2026-02-18 00:08:25.463
1771391305512,846.0,2026-02-18 00:08:25.512
1771391305565,846.0,2026-02-18 00:08:25.565
1771391305614,846.0,2026-02-18 00:08:25.614
1771391305663,847.0,2026-02-18 00:08:25.663
1771391305717,847.0,2026-02-18 00:08:25.717
1771391305766,847.0,2026-02-18 00:08:25.766
1771391305815,847.0,2026-02-18 00:08:25.815
1771391305864,847.0,2026-02-18 00:08:25.864
1771391305917,847.0,2026-02-18 00:08:25.917
1771391305966,847.0,2026-02-18 00:08:25.966
1771391306016,847.0,2026-02-18 00:08:26.016
1771391306065,848.0,2026-02-18 00:08:26.065
1771391306118,848.0,2026-02-18 00:08:26.118
1771391306167,848.0,2026-02-18 00:08:26.167
1771391306216,849.0,2026-02-18 00:08:26.216
1771391306269,849.0,2026-02-18 00:08:26.269
1771391306319,849.0,2026-02-18 00:08:26.319
1771391306368,850.0,2026-02-18 00:08:26.368
1771391306417,850.0,2026-02-18 00:08:26.417
1771391306470,850.0,2026-02-18 00:08:26.470
1771391306519,850.0,2026-02-18 00:08:26.519
1771391306569,850.0,2026-02-18 00:08:26.569
1771391306623,850.0,2026-02-18 00:08:26.623
1771391306671,850.0,2026-02-18 00:08:26.671
1771391306720,850.0,2026-02-18 00:08:26.720
1771391306769,850.0,2026-02-18 00:08:26.769
1771391306823,849.0,2026-02-18 00:08:26.823
1771391306872,849.0,2026-02-18 00:08:26.872
1771391306921,848.0,2026-02-18 00:08:26.921
1771391306974,848.0,2026-02-18 00:08:26.974
1771391307024,848.0,2026-02-18 00:08:27.024
1771391307072,847.0,2026-02-18 00:08:27.072
1771391307122,847.0,2026-02-18 00:08:27.122
1771391307175,847.0,2026-02-18 00:08:27.175
1771391307224,846.0,2026-02-18 00:08:27.224
1771391307273,845.0,2026-02-18 00:08:27.273
1771391307322,845.0,2026-02-18 00:08:27.322
1771391307376,845.0,2026-02-18 00:08:27.376
1771391307425,845.0,2026-02-18 00:08:27.425
1771391307474,845.0,2026-02-18 00:08:27.474
1771391307527,845.0,2026-02-18 00:08:27.527
1771391307576,845.0,2026-02-18 00:08:27.576
1771391307626,845.0,2026-02-18 00:08:27.626
1771391307674,845.0,2026-02-18 00:08:27.674
1771391307728,845.0,2026-02-18 00:08:27.728
1771391307777,845.0,2026-02-18 00:08:27.777
1771391307826,845.0,2026-02-18 00:08:27.826
1771391307879,845.0,2026-02-18 00:08:27.879
1771391307928,845.0,2026-02-18 00:08:27.928
1771391307978,845.0,2026-02-18 00:08:27.978
1771391308027,845.0,2026-02-18 00:08:28.027
1771391308080,845.0,2026-02-18 00:08:28.080
1771391308129,845.0,2026-02-18 00:08:28.129
1771391308178,845.0,2026-02-18 00:08:28.178
1771391308231,845.0,2026-02-18 00:08:28.231
1771391308281,845.0,2026-02-18 00:08:28.281
1771391308330,845.0,2026-02-18 00:08:28.330
1771391308379,845.0,2026-02-18 00:08:28.379
1771391308432,845.0,2026-02-18 00:08:28.432
1771391308481,845.0,2026-02-18 00:08:28.481
1771391308530,845.0,2026-02-18 00:08:28.530
1771391308580,845.0,2026-02-18 00:08:28.580
1771391308633,846.0,2026-02-18 00:08:28.633
1771391308682,846.0,2026-02-18 00:08:28.682
1771391308732,846.0,2026-02-18 00:08:28.732
1771391308784,847.0,2026-02-18 00:08:28.784
1771391308833,847.0,2026-02-18 00:08:28.833
1771391308883,848.0,2026-02-18 00:08:28.883
1771391308932,848.0,2026-02-18 00:08:28.932
1771391308985,848.0,2026-02-18 00:08:28.985
1771391309034,848.0,2026-02-18 00:08:29.034
1771391309083,848.0,2026-02-18 00:08:29.083
1771391309137,848.0,2026-02-18 00:08:29.137
1771391309186,848.0,2026-02-18 00:08:29.186
1771391309235,848.0,2026-02-18 00:08:29.235
1771391309284,848.0,2026-02-18 00:08:29.284
1771391309337,848.0,2026-02-18 00:08:29.337
1771391309386,848.0,2026-02-18 00:08:29.386
1771391309436,848.0,2026-02-18 00:08:29.436
1771391309489,847.0,2026-02-18 00:08:29.489
1771391309538,847.0,2026-02-18 00:08:29.538
1771391309587,847.0,2026-02-18 00:08:29.587
1771391309636,846.0,2026-02-18 00:08:29.636
1771391309690,846.0,2026-02-18 00:08:29.690
1771391309739,846.0,2026-02-18 00:08:29.739
1771391309788,845.0,2026-02-18 00:08:29.788
1771391309841,844.0,2026-02-18 00:08:29.841
1771391309890,844.0,2026-02-18 00:08:29.890
1771391309940,843.0,2026-02-18 00:08:29.940
1771391309989,843.0,2026-02-18 00:08:29.989
1771391310042,843.0,2026-02-18 00:08:30.042
1771391310091,842.0,2026-02-18 00:08:30.091
1771391310140,842.0,2026-02-18 00:08:30.140
1771391310189,843.0,2026-02-18 00:08:30.189
1771391310242,843.0,2026-02-18 00:08:30.242
1771391310292,843.0,2026-02-18 00:08:30.292
1771391310341,842.0,2026-02-18 00:08:30.341
1771391310394,842.0,2026-02-18 00:08:30.394
1771391310443,842.0,2026-02-18 00:08:30.443
1771391310492,842.0,2026-02-18 00:08:30.492
1771391310542,843.0,2026-02-18 00:08:30.542
1771391310595,843.0,2026-02-18 00:08:30.595
1771391310644,843.0,2026-02-18 00:08:30.644
1771391310693,843.0,2026-02-18 00:08:30.693
1771391310746,843.0,2026-02-18 00:08:30.746
1771391310795,843.0,2026-02-18 00:08:30.795
1771391310845,843.0,2026-02-18 00:08:30.845
1771391310894,843.0,2026-02-18 00:08:30.894
1771391310947,843.0,2026-02-18 00:08:30.947
1771391310996,843.0,2026-02-18 00:08:30.996
1771391311045,843.0,2026-02-18 00:08:31.045
1771391311098,843.0,2026-02-18 00:08:31.098
1771391311148,843.0,2026-02-18 00:08:31.148
1771391311197,843.0,2026-02-18 00:08:31.197
1771391311246,844.0,2026-02-18 00:08:31.246
1771391311299,844.0,2026-02-18 00:08:31.299
1771391311348,844.0,2026-02-18 00:08:31.348
1771391311398,845.0,2026-02-18 00:08:31.398
1771391311447,845.0,2026-02-18 00:08:31.447
1771391311500,846.0,2026-02-18 00:08:31.500
1771391311549,847.0,2026-02-18 00:08:31.549
1771391311598,847.0,2026-02-18 00:08:31.598
1771391311651,847.0,2026-02-18 00:08:31.651
1771391311701,848.0,2026-02-18 00:08:31.701
1771391311750,848.0,2026-02-18 00:08:31.750
1771391311799,848.0,2026-02-18 00:08:31.799
1771391311852,848.0,2026-02-18 00:08:31.852
1771391311901,848.0,2026-02-18 00:08:31.901
1771391311950,849.0,2026-02-18 00:08:31.950
1771391312004,849.0,2026-02-18 00:08:32.004
1771391312053,848.0,2026-02-18 00:08:32.053
1771391312102,849.0,2026-02-18 00:08:32.102
1771391312151,848.0,2026-02-18 00:08:32.151
1771391312204,847.0,2026-02-18 00:08:32.204
1771391312265,847.0,2026-02-18 00:08:32.265
1771391312303,845.0,2026-02-18 00:08:32.303
1771391312356,843.0,2026-02-18 00:08:32.356
1771391312405,842.0,2026-02-18 00:08:32.405
1771391312454,842.0,2026-02-18 00:08:32.454
1771391312503,841.0,2026-02-18 00:08:32.503
1771391312557,841.0,2026-02-18 00:08:32.557
1771391312606,841.0,2026-02-18 00:08:32.606
1771391312655,841.0,2026-02-18 00:08:32.655
1771391312704,841.0,2026-02-18 00:08:32.704
1771391312757,841.0,2026-02-18 00:08:32.757
1771391312807,841.0,2026-02-18 00:08:32.807
1771391312856,841.0,2026-02-18 00:08:32.856
1771391312909,842.0,2026-02-18 00:08:32.909
1771391312958,842.0,2026-02-18 00:08:32.958
1771391313007,842.0,2026-02-18 00:08:33.007
1771391313057,843.0,2026-02-18 00:08:33.057
1771391313110,843.0,2026-02-18 00:08:33.110
1771391313159,843.0,2026-02-18 00:08:33.159
1771391313208,843.0,2026-02-18 00:08:33.208
1771391313261,844.0,2026-02-18 00:08:33.261
1771391313310,844.0,2026-02-18 00:08:33.310
1771391313359,845.0,2026-02-18 00:08:33.359
1771391313409,845.0,2026-02-18 00:08:33.409
1771391313462,846.0,2026-02-18 00:08:33.462
1771391313511,846.0,2026-02-18 00:08:33.511
1771391313560,846.0,2026-02-18 00:08:33.560
1771391313613,847.0,2026-02-18 00:08:33.613
1771391313662,847.0,2026-02-18 00:08:33.662
1771391313712,847.0,2026-02-18 00:08:33.712
1771391313761,848.0,2026-02-18 00:08:33.761
1771391313814,848.0,2026-02-18 00:08:33.814
1771391313863,849.0,2026-02-18 00:08:33.863
1771391313912,849.0,2026-02-18 00:08:33.912
1771391313962,850.0,2026-02-18 00:08:33.962
1771391314015,851.0,2026-02-18 00:08:34.015
1771391314064,852.0,2026-02-18 00:08:34.064
1771391314113,852.0,2026-02-18 00:08:34.113
1771391314166,853.0,2026-02-18 00:08:34.166
1771391314215,854.0,2026-02-18 00:08:34.215
1771391314265,854.0,2026-02-18 00:08:34.265
1771391314314,854.0,2026-02-18 00:08:34.314
1771391314367,855.0,2026-02-18 00:08:34.367
1771391314417,855.0,2026-02-18 00:08:34.417
1771391314465,856.0,2026-02-18 00:08:34.465
1771391314518,856.0,2026-02-18 00:08:34.518
1771391314568,856.0,2026-02-18 00:08:34.568
1771391314617,856.0,2026-02-18 00:08:34.617
1771391314666,856.0,2026-02-18 00:08:34.666
1771391314719,856.0,2026-02-18 00:08:34.719
1771391314768,855.0,2026-02-18 00:08:34.768
1771391314818,855.0,2026-02-18 00:08:34.818
1771391314871,855.0,2026-02-18 00:08:34.871
1771391314920,855.0,2026-02-18 00:08:34.920
1771391314969,854.0,2026-02-18 00:08:34.969
1771391315018,854.0,2026-02-18 00:08:35.018
1771391315071,853.0,2026-02-18 00:08:35.071
1771391315121,853.0,2026-02-18 00:08:35.121
1771391315170,852.0,2026-02-18 00:08:35.170
1771391315219,852.0,2026-02-18 00:08:35.219
1771391315273,851.0,2026-02-18 00:08:35.273
1771391315321,851.0,2026-02-18 00:08:35.321
1771391315370,851.0,2026-02-18 00:08:35.370
1771391315424,850.0,2026-02-18 00:08:35.424
1771391315473,850.0,2026-02-18 00:08:35.473
1771391315522,850.0,2026-02-18 00:08:35.522
1771391315571,850.0,2026-02-18 00:08:35.571
1771391315624,850.0,2026-02-18 00:08:35.624
1771391315674,850.0,2026-02-18 00:08:35.674
1771391315723,850.0,2026-02-18 00:08:35.723
1771391315776,850.0,2026-02-18 00:08:35.776
1771391315836,850.0,2026-02-18 00:08:35.836
1771391315874,850.0,2026-02-18 00:08:35.874
1771391315924,850.0,2026-02-18 00:08:35.924
1771391315977,850.0,2026-02-18 00:08:35.977
1771391316026,850.0,2026-02-18 00:08:36.026
1771391316075,850.0,2026-02-18 00:08:36.075
1771391316128,850.0,2026-02-18 00:08:36.128
1771391316177,850.0,2026-02-18 00:08:36.177
1771391316227,850.0,2026-02-18 00:08:36.227
1771391316276,850.0,2026-02-18 00:08:36.276
1771391316329,850.0,2026-02-18 00:08:36.329
1771391316378,850.0,2026-02-18 00:08:36.378
1771391316427,850.0,2026-02-18 00:08:36.427
1771391316480,850.0,2026-02-18 00:08:36.480
1771391316530,850.0,2026-02-18 00:08:36.530
1771391316579,850.0,2026-02-18 00:08:36.579
1771391316628,850.0,2026-02-18 00:08:36.628
1771391316681,850.0,2026-02-18 00:08:36.681
1771391316730,851.0,2026-02-18 00:08:36.730
1771391316779,851.0,2026-02-18 00:08:36.779
1771391316829,852.0,2026-02-18 00:08:36.829
1771391316882,852.0,2026-02-18 00:08:36.882
1771391316931,852.0,2026-02-18 00:08:36.931
1771391316980,852.0,2026-02-18 00:08:36.980
1771391317033,853.0,2026-02-18 00:08:37.033
1771391317083,853.0,2026-02-18 00:08:37.083
1771391317132,853.0,2026-02-18 00:08:37.132
1771391317181,853.0,2026-02-18 00:08:37.181
1771391317234,853.0,2026-02-18 00:08:37.234
1771391317283,853.0,2026-02-18 00:08:37.283
1771391317332,852.0,2026-02-18 00:08:37.332
1771391317386,852.0,2026-02-18 00:08:37.386
1771391317435,852.0,2026-02-18 00:08:37.435
1771391317484,852.0,2026-02-18 00:08:37.484
1771391317533,851.0,2026-02-18 00:08:37.533
1771391317586,851.0,2026-02-18 00:08:37.586
1771391317635,851.0,2026-02-18 00:08:37.635
1771391317685,850.0,2026-02-18 00:08:37.685
1771391317738,850.0,2026-02-18 00:08:37.738
1771391317787,849.0,2026-02-18 00:08:37.787
1771391317836,849.0,2026-02-18 00:08:37.836
1771391317885,848.0,2026-02-18 00:08:37.885
1771391317939,847.0,2026-02-18 00:08:37.939
1771391317988,847.0,2026-02-18 00:08:37.988
1771391318037,847.0,2026-02-18 00:08:38.037
1771391318086,847.0,2026-02-18 00:08:38.086
1771391318139,847.0,2026-02-18 00:08:38.139
1771391318188,847.0,2026-02-18 00:08:38.188
1771391318238,847.0,2026-02-18 00:08:38.238
1771391318291,847.0,2026-02-18 00:08:38.291
1771391318340,847.0,2026-02-18 00:08:38.340
1771391318389,847.0,2026-02-18 00:08:38.389
1771391318438,847.0,2026-02-18 00:08:38.438
1771391318492,848.0,2026-02-18 00:08:38.492
1771391318541,848.0,2026-02-18 00:08:38.541
1771391318590,848.0,2026-02-18 00:08:38.590
1771391318643,849.0,2026-02-18 00:08:38.643
1771391318692,849.0,2026-02-18 00:08:38.692
1771391318741,849.0,2026-02-18 00:08:38.741
1771391318791,850.0,2026-02-18 00:08:38.791
1771391318844,850.0,2026-02-18 00:08:38.844
1771391318893,851.0,2026-02-18 00:08:38.893
1771391318942,851.0,2026-02-18 00:08:38.942
1771391318995,852.0,2026-02-18 00:08:38.995
1771391319044,852.0,2026-02-18 00:08:39.044
1771391319094,852.0,2026-02-18 00:08:39.094
1771391319143,853.0,2026-02-18 00:08:39.143
1771391319196,854.0,2026-02-18 00:08:39.196
1771391319245,854.0,2026-02-18 00:08:39.245
1771391319294,855.0,2026-02-18 00:08:39.294
1771391319344,855.0,2026-02-18 00:08:39.344
1771391319397,856.0,2026-02-18 00:08:39.397
1771391319446,857.0,2026-02-18 00:08:39.446
1771391319495,857.0,2026-02-18 00:08:39.495
1771391319548,858.0,2026-02-18 00:08:39.548
1771391319597,858.0,2026-02-18 00:08:39.597
1771391319647,859.0,2026-02-18 00:08:39.647
1771391319696,859.0,2026-02-18 00:08:39.696
1771391319749,860.0,2026-02-18 00:08:39.749
1771391319798,860.0,2026-02-18 00:08:39.798
1771391319847,860.0,2026-02-18 00:08:39.847
1771391319900,860.0,2026-02-18 00:08:39.900
1771391319950,860.0,2026-02-18 00:08:39.950
1771391319999,860.0,2026-02-18 00:08:39.999
1771391320048,860.0,2026-02-18 00:08:40.048
1771391320101,860.0,2026-02-18 00:08:40.101
1771391320150,859.0,2026-02-18 00:08:40.150
1771391320200,859.0,2026-02-18 00:08:40.200
1771391320253,859.0,2026-02-18 00:08:40.253
1771391320302,858.0,2026-02-18 00:08:40.302
1771391320351,858.0,2026-02-18 00:08:40.351
1771391320400,857.0,2026-02-18 00:08:40.400
1771391320454,857.0,2026-02-18 00:08:40.454
1771391320503,856.0,2026-02-18 00:08:40.503
1771391320552,856.0,2026-02-18 00:08:40.552
1771391320601,856.0,2026-02-18 00:08:40.601
1771391320654,855.0,2026-02-18 00:08:40.654
1771391320703,855.0,2026-02-18 00:08:40.703
1771391320752,855.0,2026-02-18 00:08:40.752
1771391320806,855.0,2026-02-18 00:08:40.806
1771391320855,855.0,2026-02-18 00:08:40.855
1771391320904,855.0,2026-02-18 00:08:40.904
1771391320953,855.0,2026-02-18 00:08:40.953
1771391321006,855.0,2026-02-18 00:08:41.006
1771391321056,855.0,2026-02-18 00:08:41.056
1771391321105,855.0,2026-02-18 00:08:41.105
1771391321158,855.0,2026-02-18 00:08:41.158
1771391321207,855.0,2026-02-18 00:08:41.207
1771391321256,855.0,2026-02-18 00:08:41.256
1771391321306,855.0,2026-02-18 00:08:41.306
1771391321359,855.0,2026-02-18 00:08:41.359
1771391321408,855.0,2026-02-18 00:08:41.408
1771391321458,855.0,2026-02-18 00:08:41.458
1771391321510,856.0,2026-02-18 00:08:41.510
1771391321559,856.0,2026-02-18 00:08:41.559
1771391321609,856.0,2026-02-18 00:08:41.609
1771391321658,856.0,2026-02-18 00:08:41.658
1771391321711,856.0,2026-02-18 00:08:41.711
1771391321760,856.0,2026-02-18 00:08:41.760
1771391321810,856.0,2026-02-18 00:08:41.810
1771391321859,856.0,2026-02-18 00:08:41.859
1771391321912,856.0,2026-02-18 00:08:41.912
1771391321961,856.0,2026-02-18 00:08:41.961
1771391322010,857.0,2026-02-18 00:08:42.010
1771391322063,857.0,2026-02-18 00:08:42.063
1771391322112,857.0,2026-02-18 00:08:42.112
1771391322161,857.0,2026-02-18 00:08:42.161
1771391322211,858.0,2026-02-18 00:08:42.211
1771391322264,858.0,2026-02-18 00:08:42.264
1771391322314,858.0,2026-02-18 00:08:42.314
1771391322362,858.0,2026-02-18 00:08:42.362
1771391322415,858.0,2026-02-18 00:08:42.415
1771391322464,858.0,2026-02-18 00:08:42.464
1771391322514,858.0,2026-02-18 00:08:42.514
1771391322563,857.0,2026-02-18 00:08:42.563
1771391322616,857.0,2026-02-18 00:08:42.616
1771391322665,857.0,2026-02-18 00:08:42.665
1771391322714,857.0,2026-02-18 00:08:42.714
1771391322768,857.0,2026-02-18 00:08:42.768
1771391322817,856.0,2026-02-18 00:08:42.817
1771391322866,856.0,2026-02-18 00:08:42.866
1771391322915,855.0,2026-02-18 00:08:42.915
1771391322968,855.0,2026-02-18 00:08:42.968
1771391323017,854.0,2026-02-18 00:08:43.017
1771391323067,854.0,2026-02-18 00:08:43.067
1771391323116,853.0,2026-02-18 00:08:43.116
1771391323169,853.0,2026-02-18 00:08:43.169
1771391323218,852.0,2026-02-18 00:08:43.218
1771391323267,851.0,2026-02-18 00:08:43.267
1771391323321,851.0,2026-02-18 00:08:43.321
1771391323370,851.0,2026-02-18 00:08:43.370
1771391323420,851.0,2026-02-18 00:08:43.420
1771391323468,851.0,2026-02-18 00:08:43.468
1771391323521,850.0,2026-02-18 00:08:43.521
1771391323571,851.0,2026-02-18 00:08:43.571
1771391323620,851.0,2026-02-18 00:08:43.620
1771391323673,851.0,2026-02-18 00:08:43.673
1771391323722,850.0,2026-02-18 00:08:43.722
1771391323771,850.0,2026-02-18 00:08:43.771
1771391323821,850.0,2026-02-18 00:08:43.821
1771391323874,850.0,2026-02-18 00:08:43.874
1771391323923,851.0,2026-02-18 00:08:43.923
1771391323972,851.0,2026-02-18 00:08:43.972
1771391324025,851.0,2026-02-18 00:08:44.025
1771391324074,851.0,2026-02-18 00:08:44.074
1771391324123,851.0,2026-02-18 00:08:44.123
1771391324172,851.0,2026-02-18 00:08:44.172
1771391324226,851.0,2026-02-18 00:08:44.226
1771391324275,851.0,2026-02-18 00:08:44.275
1771391324324,852.0,2026-02-18 00:08:44.324
1771391324377,852.0,2026-02-18 00:08:44.377
1771391324426,852.0,2026-02-18 00:08:44.426
1771391324476,852.0,2026-02-18 00:08:44.476
1771391324525,852.0,2026-02-18 00:08:44.525
1771391324578,853.0,2026-02-18 00:08:44.578
1771391324627,853.0,2026-02-18 00:08:44.627
1771391324676,854.0,2026-02-18 00:08:44.676
1771391324726,854.0,2026-02-18 00:08:44.726
1771391324779,854.0,2026-02-18 00:08:44.779
1771391324828,855.0,2026-02-18 00:08:44.828
1771391324877,855.0,2026-02-18 00:08:44.877
1771391324930,856.0,2026-02-18 00:08:44.930
1771391324979,856.0,2026-02-18 00:08:44.979
1771391325028,856.0,2026-02-18 00:08:45.028
1771391325078,856.0,2026-02-18 00:08:45.078
1771391325131,856.0,2026-02-18 00:08:45.131
1771391325180,856.0,2026-02-18 00:08:45.180
1771391325229,856.0,2026-02-18 00:08:45.229
1771391325282,856.0,2026-02-18 00:08:45.282
1771391325332,856.0,2026-02-18 00:08:45.332
1771391325381,855.0,2026-02-18 00:08:45.381
1771391325430,855.0,2026-02-18 00:08:45.430
1771391325483,855.0,2026-02-18 00:08:45.483
1771391325532,854.0,2026-02-18 00:08:45.532
1771391325581,854.0,2026-02-18 00:08:45.581
1771391325635,853.0,2026-02-18 00:08:45.635
1771391325684,853.0,2026-02-18 00:08:45.684
1771391325733,853.0,2026-02-18 00:08:45.733
1771391325782,852.0,2026-02-18 00:08:45.782
1771391325835,851.0,2026-02-18 00:08:45.835
1771391325884,851.0,2026-02-18 00:08:45.884
1771391325934,850.0,2026-02-18 00:08:45.934
1771391325983,850.0,2026-02-18 00:08:45.983
1771391326036,850.0,2026-02-18 00:08:46.036
1771391326085,850.0,2026-02-18 00:08:46.085
1771391326134,850.0,2026-02-18 00:08:46.134
1771391326188,850.0,2026-02-18 00:08:46.188
1771391326237,850.0,2026-02-18 00:08:46.237
1771391326286,850.0,2026-02-18 00:08:46.286
1771391326335,850.0,2026-02-18 00:08:46.335
1771391326388,850.0,2026-02-18 00:08:46.388
1771391326438,850.0,2026-02-18 00:08:46.438
1771391326487,850.0,2026-02-18 00:08:46.487
1771391326540,850.0,2026-02-18 00:08:46.540
1771391326589,850.0,2026-02-18 00:08:46.589
1771391326638,850.0,2026-02-18 00:08:46.638
1771391326687,850.0,2026-02-18 00:08:46.687
1771391326741,850.0,2026-02-18 00:08:46.741
1771391326790,850.0,2026-02-18 00:08:46.790
1771391326839,850.0,2026-02-18 00:08:46.839
1771391326892,850.0,2026-02-18 00:08:46.892
1771391326941,850.0,2026-02-18 00:08:46.941
1771391326990,850.0,2026-02-18 00:08:46.990
1771391327040,850.0,2026-02-18 00:08:47.040
1771391327093,850.0,2026-02-18 00:08:47.093
1771391327142,851.0,2026-02-18 00:08:47.142
1771391327191,850.0,2026-02-18 00:08:47.191
1771391327240,851.0,2026-02-18 00:08:47.240
1771391327293,851.0,2026-02-18 00:08:47.293
1771391327343,852.0,2026-02-18 00:08:47.343
1771391327392,852.0,2026-02-18 00:08:47.392
1771391327445,852.0,2026-02-18 00:08:47.445
1771391327494,853.0,2026-02-18 00:08:47.494
1771391327543,853.0,2026-02-18 00:08:47.543
1771391327593,853.0,2026-02-18 00:08:47.593
1771391327646,854.0,2026-02-18 00:08:47.646
1771391327695,854.0,2026-02-18 00:08:47.695
1771391327744,854.0,2026-02-18 00:08:47.744
1771391327797,853.0,2026-02-18 00:08:47.797
1771391327846,853.0,2026-02-18 00:08:47.846
1771391327896,853.0,2026-02-18 00:08:47.896
1771391327945,853.0,2026-02-18 00:08:47.945
1771391327998,853.0,2026-02-18 00:08:47.998
1771391328047,853.0,2026-02-18 00:08:48.047
1771391328096,852.0,2026-02-18 00:08:48.096
1771391328149,852.0,2026-02-18 00:08:48.149
1771391328199,852.0,2026-02-18 00:08:48.199
1771391328248,851.0,2026-02-18 00:08:48.248
1771391328297,851.0,2026-02-18 00:08:48.297
1771391328350,850.0,2026-02-18 00:08:48.350
1771391328399,850.0,2026-02-18 00:08:48.399
1771391328449,849.0,2026-02-18 00:08:48.449
1771391328498,849.0,2026-02-18 00:08:48.498
1771391328551,848.0,2026-02-18 00:08:48.551
1771391328600,848.0,2026-02-18 00:08:48.600
1771391328649,848.0,2026-02-18 00:08:48.649
1771391328702,848.0,2026-02-18 00:08:48.702
1771391328752,847.0,2026-02-18 00:08:48.752
1771391328801,847.0,2026-02-18 00:08:48.801
1771391328850,848.0,2026-02-18 00:08:48.850
1771391328903,848.0,2026-02-18 00:08:48.903
1771391328952,848.0,2026-02-18 00:08:48.952
1771391329002,848.0,2026-02-18 00:08:49.002
1771391329055,847.0,2026-02-18 00:08:49.055
1771391329104,847.0,2026-02-18 00:08:49.104
1771391329153,848.0,2026-02-18 00:08:49.153
1771391329202,847.0,2026-02-18 00:08:49.202
1771391329255,847.0,2026-02-18 00:08:49.255
1771391329305,847.0,2026-02-18 00:08:49.305
1771391329354,848.0,2026-02-18 00:08:49.354
1771391329407,848.0,2026-02-18 00:08:49.407
1771391329456,848.0,2026-02-18 00:08:49.456
1771391329505,848.0,2026-02-18 00:08:49.505
1771391329554,848.0,2026-02-18 00:08:49.554
1771391329608,848.0,2026-02-18 00:08:49.608
1771391329657,848.0,2026-02-18 00:08:49.657
1771391329706,848.0,2026-02-18 00:08:49.706
1771391329759,848.0,2026-02-18 00:08:49.759
1771391329808,848.0,2026-02-18 00:08:49.808
1771391329858,848.0,2026-02-18 00:08:49.858
1771391329907,849.0,2026-02-18 00:08:49.907
1771391329970,849.0,2026-02-18 00:08:49.970
1771391330009,849.0,2026-02-18 00:08:50.009
1771391330058,850.0,2026-02-18 00:08:50.058
1771391330108,850.0,2026-02-18 00:08:50.108
1771391330161,850.0,2026-02-18 00:08:50.161
1771391330210,851.0,2026-02-18 00:08:50.210
1771391330259,851.0,2026-02-18 00:08:50.259
1771391330312,851.0,2026-02-18 00:08:50.312
1771391330361,851.0,2026-02-18 00:08:50.361
1771391330410,851.0,2026-02-18 00:08:50.410
1771391330460,851.0,2026-02-18 00:08:50.460
1771391330513,851.0,2026-02-18 00:08:50.513
1771391330562,851.0,2026-02-18 00:08:50.562
1771391330611,851.0,2026-02-18 00:08:50.611
1771391330664,851.0,2026-02-18 00:08:50.664
1771391330714,851.0,2026-02-18 00:08:50.714
1771391330763,850.0,2026-02-18 00:08:50.763
1771391330812,850.0,2026-02-18 00:08:50.812
1771391330865,850.0,2026-02-18 00:08:50.865
1771391330914,850.0,2026-02-18 00:08:50.914
1771391330963,849.0,2026-02-18 00:08:50.963
1771391331017,849.0,2026-02-18 00:08:51.017
1771391331066,848.0,2026-02-18 00:08:51.066
1771391331115,848.0,2026-02-18 00:08:51.115
1771391331164,848.0,2026-02-18 00:08:51.164
1771391331217,847.0,2026-02-18 00:08:51.217
1771391331266,847.0,2026-02-18 00:08:51.266
1771391331316,847.0,2026-02-18 00:08:51.316
1771391331365,848.0,2026-02-18 00:08:51.365
1771391331419,848.0,2026-02-18 00:08:51.419
1771391331468,848.0,2026-02-18 00:08:51.468
1771391331516,848.0,2026-02-18 00:08:51.516
1771391331570,848.0,2026-02-18 00:08:51.570
1771391331619,849.0,2026-02-18 00:08:51.619
1771391331668,849.0,2026-02-18 00:08:51.668
1771391331717,849.0,2026-02-18 00:08:51.717
1771391331770,849.0,2026-02-18 00:08:51.770
1771391331819,849.0,2026-02-18 00:08:51.819
1771391331869,849.0,2026-02-18 00:08:51.869
1771391331922,850.0,2026-02-18 00:08:51.922
1771391331971,850.0,2026-02-18 00:08:51.971
1771391332020,850.0,2026-02-18 00:08:52.020
1771391332069,850.0,2026-02-18 00:08:52.069
1771391332122,851.0,2026-02-18 00:08:52.122
1771391332172,851.0,2026-02-18 00:08:52.172
1771391332221,851.0,2026-02-18 00:08:52.221
1771391332274,851.0,2026-02-18 00:08:52.274
1771391332323,851.0,2026-02-18 00:08:52.323
1771391332372,852.0,2026-02-18 00:08:52.372
1771391332422,852.0,2026-02-18 00:08:52.422
1771391332475,852.0,2026-02-18 00:08:52.475
1771391332524,852.0,2026-02-18 00:08:52.524
1771391332573,853.0,2026-02-18 00:08:52.573
1771391332622,853.0,2026-02-18 00:08:52.622
1771391332675,854.0,2026-02-18 00:08:52.675
1771391332725,854.0,2026-02-18 00:08:52.725
1771391332774,855.0,2026-02-18 00:08:52.774
1771391332827,855.0,2026-02-18 00:08:52.827
1771391332876,855.0,2026-02-18 00:08:52.876
1771391332925,856.0,2026-02-18 00:08:52.925
1771391332975,856.0,2026-02-18 00:08:52.975
1771391333028,856.0,2026-02-18 00:08:53.028
1771391333077,856.0,2026-02-18 00:08:53.077
1771391333126,856.0,2026-02-18 00:08:53.126
1771391333179,856.0,2026-02-18 00:08:53.179
1771391333229,856.0,2026-02-18 00:08:53.229
1771391333278,856.0,2026-02-18 00:08:53.278
1771391333327,856.0,2026-02-18 00:08:53.327
1771391333380,856.0,2026-02-18 00:08:53.380
1771391333429,856.0,2026-02-18 00:08:53.429
1771391333478,856.0,2026-02-18 00:08:53.478
1771391333531,856.0,2026-02-18 00:08:53.531
1771391333581,856.0,2026-02-18 00:08:53.581
1771391333630,856.0,2026-02-18 00:08:53.630
1771391333679,856.0,2026-02-18 00:08:53.679
1771391333732,856.0,2026-02-18 00:08:53.732
1771391333781,855.0,2026-02-18 00:08:53.781
1771391333831,855.0,2026-02-18 00:08:53.831
1771391333880,855.0,2026-02-18 00:08:53.880
1771391333933,855.0,2026-02-18 00:08:53.933
1771391333982,856.0,2026-02-18 00:08:53.982
1771391334031,856.0,2026-02-18 00:08:54.031
1771391334084,856.0,2026-02-18 00:08:54.084
1771391334134,857.0,2026-02-18 00:08:54.134
1771391334183,857.0,2026-02-18 00:08:54.183
1771391334232,857.0,2026-02-18 00:08:54.232
1771391334285,858.0,2026-02-18 00:08:54.285
1771391334334,858.0,2026-02-18 00:08:54.334
1771391334383,858.0,2026-02-18 00:08:54.383
1771391334437,859.0,2026-02-18 00:08:54.437
1771391334486,859.0,2026-02-18 00:08:54.486
1771391334535,859.0,2026-02-18 00:08:54.535
1771391334584,860.0,2026-02-18 00:08:54.584
1771391334637,860.0,2026-02-18 00:08:54.637
1771391334687,861.0,2026-02-18 00:08:54.687
1771391334736,861.0,2026-02-18 00:08:54.736
1771391334789,861.0,2026-02-18 00:08:54.789
1771391334838,861.0,2026-02-18 00:08:54.838
1771391334887,861.0,2026-02-18 00:08:54.887
1771391334936,862.0,2026-02-18 00:08:54.936
1771391334990,862.0,2026-02-18 00:08:54.990
1771391335039,862.0,2026-02-18 00:08:55.039
1771391335088,863.0,2026-02-18 00:08:55.088
1771391335137,863.0,2026-02-18 00:08:55.137
1771391335190,864.0,2026-02-18 00:08:55.190
1771391335240,865.0,2026-02-18 00:08:55.240
1771391335289,866.0,2026-02-18 00:08:55.289
1771391335342,866.0,2026-02-18 00:08:55.342
1771391335391,867.0,2026-02-18 00:08:55.391
1771391335440,868.0,2026-02-18 00:08:55.440
1771391335489,868.0,2026-02-18 00:08:55.489
1771391335543,869.0,2026-02-18 00:08:55.543
1771391335592,869.0,2026-02-18 00:08:55.592
1771391335641,869.0,2026-02-18 00:08:55.641
1771391335694,870.0,2026-02-18 00:08:55.694
1771391335743,870.0,2026-02-18 00:08:55.743
1771391335792,870.0,2026-02-18 00:08:55.792
1771391335842,870.0,2026-02-18 00:08:55.842
1771391335895,870.0,2026-02-18 00:08:55.895
1771391335944,870.0,2026-02-18 00:08:55.944
1771391335993,870.0,2026-02-18 00:08:55.993
1771391336047,870.0,2026-02-18 00:08:56.047
1771391336095,869.0,2026-02-18 00:08:56.095
1771391336145,869.0,2026-02-18 00:08:56.145
1771391336194,869.0,2026-02-18 00:08:56.194
1771391336247,868.0,2026-02-18 00:08:56.247
1771391336296,867.0,2026-02-18 00:08:56.296
1771391336345,867.0,2026-02-18 00:08:56.345
1771391336399,866.0,2026-02-18 00:08:56.399
1771391336450,866.0,2026-02-18 00:08:56.450
1771391336497,865.0,2026-02-18 00:08:56.497
1771391336546,865.0,2026-02-18 00:08:56.546
1771391336599,865.0,2026-02-18 00:08:56.599
1771391336648,865.0,2026-02-18 00:08:56.648
1771391336698,865.0,2026-02-18 00:08:56.698
1771391336747,865.0,2026-02-18 00:08:56.747
1771391336800,865.0,2026-02-18 00:08:56.800
1771391336849,865.0,2026-02-18 00:08:56.849
1771391336898,865.0,2026-02-18 00:08:56.898
1771391336951,865.0,2026-02-18 00:08:56.951
1771391337001,865.0,2026-02-18 00:08:57.001
1771391337050,865.0,2026-02-18 00:08:57.050
1771391337099,865.0,2026-02-18 00:08:57.099
1771391337152,865.0,2026-02-18 00:08:57.152
1771391337201,865.0,2026-02-18 00:08:57.201
1771391337251,865.0,2026-02-18 00:08:57.251
1771391337304,865.0,2026-02-18 00:08:57.304
1771391337353,865.0,2026-02-18 00:08:57.353
1771391337402,865.0,2026-02-18 00:08:57.402
1771391337451,865.0,2026-02-18 00:08:57.451
1771391337505,865.0,2026-02-18 00:08:57.505
1771391337554,865.0,2026-02-18 00:08:57.554
1771391337603,865.0,2026-02-18 00:08:57.603
1771391337656,866.0,2026-02-18 00:08:57.656
1771391337705,865.0,2026-02-18 00:08:57.705
1771391337754,865.0,2026-02-18 00:08:57.754
1771391337804,866.0,2026-02-18 00:08:57.804
1771391337858,866.0,2026-02-18 00:08:57.858
1771391337909,866.0,2026-02-18 00:08:57.909
1771391337955,867.0,2026-02-18 00:08:57.955
1771391338005,867.0,2026-02-18 00:08:58.005
1771391338058,868.0,2026-02-18 00:08:58.058
1771391338108,868.0,2026-02-18 00:08:58.108
1771391338156,868.0,2026-02-18 00:08:58.156
1771391338209,868.0,2026-02-18 00:08:58.209
1771391338258,868.0,2026-02-18 00:08:58.258
1771391338308,868.0,2026-02-18 00:08:58.308
1771391338356,868.0,2026-02-18 00:08:58.356
1771391338410,868.0,2026-02-18 00:08:58.410
1771391338459,868.0,2026-02-18 00:08:58.459
1771391338508,868.0,2026-02-18 00:08:58.508
1771391338561,868.0,2026-02-18 00:08:58.561
1771391338610,867.0,2026-02-18 00:08:58.610
1771391338660,867.0,2026-02-18 00:08:58.660
1771391338709,867.0,2026-02-18 00:08:58.709
1771391338762,866.0,2026-02-18 00:08:58.762
1771391338811,866.0,2026-02-18 00:08:58.811
1771391338860,865.0,2026-02-18 00:08:58.860
1771391338913,865.0,2026-02-18 00:08:58.913
1771391338963,864.0,2026-02-18 00:08:58.963
1771391339012,863.0,2026-02-18 00:08:59.012
1771391339061,863.0,2026-02-18 00:08:59.061
1771391339114,863.0,2026-02-18 00:08:59.114
1771391339163,862.0,2026-02-18 00:08:59.163
1771391339212,862.0,2026-02-18 00:08:59.212
1771391339262,862.0,2026-02-18 00:08:59.262
1771391339315,862.0,2026-02-18 00:08:59.315
1771391339364,862.0,2026-02-18 00:08:59.364
1771391339413,862.0,2026-02-18 00:08:59.413
1771391339466,862.0,2026-02-18 00:08:59.466
1771391339516,862.0,2026-02-18 00:08:59.516
1771391339565,863.0,2026-02-18 00:08:59.565
1771391339614,862.0,2026-02-18 00:08:59.614
1771391339667,862.0,2026-02-18 00:08:59.667
1771391339716,862.0,2026-02-18 00:08:59.716
1771391339765,863.0,2026-02-18 00:08:59.765
1771391339819,863.0,2026-02-18 00:08:59.819
1771391339868,863.0,2026-02-18 00:08:59.868
1771391339917,863.0,2026-02-18 00:08:59.917
1771391339966,863.0,2026-02-18 00:08:59.966
1771391340020,863.0,2026-02-18 00:09:00.020
1771391340068,863.0,2026-02-18 00:09:00.068
1771391340118,863.0,2026-02-18 00:09:00.118
1771391340171,863.0,2026-02-18 00:09:00.171
1771391340220,863.0,2026-02-18 00:09:00.220
1771391340269,863.0,2026-02-18 00:09:00.269
1771391340318,863.0,2026-02-18 00:09:00.318
1771391340372,863.0,2026-02-18 00:09:00.372
1771391340421,863.0,2026-02-18 00:09:00.421
1771391340470,864.0,2026-02-18 00:09:00.470
1771391340519,864.0,2026-02-18 00:09:00.519
1771391340572,865.0,2026-02-18 00:09:00.572
1771391340621,866.0,2026-02-18 00:09:00.621
1771391340671,866.0,2026-02-18 00:09:00.671
1771391340724,867.0,2026-02-18 00:09:00.724
1771391340773,867.0,2026-02-18 00:09:00.773
1771391340823,868.0,2026-02-18 00:09:00.823
1771391340871,869.0,2026-02-18 00:09:00.871
1771391340924,869.0,2026-02-18 00:09:00.924
1771391340974,869.0,2026-02-18 00:09:00.974
1771391341023,870.0,2026-02-18 00:09:01.023
1771391341076,870.0,2026-02-18 00:09:01.076
1771391341125,871.0,2026-02-18 00:09:01.125
1771391341174,871.0,2026-02-18 00:09:01.174
1771391341224,871.0,2026-02-18 00:09:01.224
1771391341277,872.0,2026-02-18 00:09:01.277
1771391341326,872.0,2026-02-18 00:09:01.326
1771391341375,872.0,2026-02-18 00:09:01.375
1771391341428,872.0,2026-02-18 00:09:01.428
1771391341477,872.0,2026-02-18 00:09:01.477
1771391341527,872.0,2026-02-18 00:09:01.527
1771391341576,872.0,2026-02-18 00:09:01.576
1771391341629,872.0,2026-02-18 00:09:01.629
1771391341678,871.0,2026-02-18 00:09:01.678
1771391341727,871.0,2026-02-18 00:09:01.727
1771391341777,871.0,2026-02-18 00:09:01.777
1771391341830,871.0,2026-02-18 00:09:01.830
1771391341879,871.0,2026-02-18 00:09:01.879
1771391341928,871.0,2026-02-18 00:09:01.928
1771391341981,871.0,2026-02-18 00:09:01.981
1771391342030,871.0,2026-02-18 00:09:02.030
1771391342080,871.0,2026-02-18 00:09:02.080
1771391342129,872.0,2026-02-18 00:09:02.129
1771391342182,872.0,2026-02-18 00:09:02.182
1771391342231,872.0,2026-02-18 00:09:02.231
1771391342280,872.0,2026-02-18 00:09:02.280
1771391342333,872.0,2026-02-18 00:09:02.333
1771391342383,872.0,2026-02-18 00:09:02.383
1771391342432,872.0,2026-02-18 00:09:02.432
1771391342481,872.0,2026-02-18 00:09:02.481
1771391342534,872.0,2026-02-18 00:09:02.534
1771391342583,872.0,2026-02-18 00:09:02.583
1771391342632,872.0,2026-02-18 00:09:02.632
1771391342686,871.0,2026-02-18 00:09:02.686
1771391342735,871.0,2026-02-18 00:09:02.735
1771391342784,872.0,2026-02-18 00:09:02.784
1771391342833,871.0,2026-02-18 00:09:02.833
1771391342886,871.0,2026-02-18 00:09:02.886
1771391342936,871.0,2026-02-18 00:09:02.936
1771391342985,871.0,2026-02-18 00:09:02.985
1771391343038,871.0,2026-02-18 00:09:03.038
1771391343087,871.0,2026-02-18 00:09:03.087
1771391343136,872.0,2026-02-18 00:09:03.136
1771391343185,872.0,2026-02-18 00:09:03.185
1771391343239,872.0,2026-02-18 00:09:03.239
1771391343288,872.0,2026-02-18 00:09:03.288
1771391343337,873.0,2026-02-18 00:09:03.337
1771391343386,873.0,2026-02-18 00:09:03.386
1771391343439,873.0,2026-02-18 00:09:03.439
1771391343489,873.0,2026-02-18 00:09:03.489
1771391343538,873.0,2026-02-18 00:09:03.538
1771391343591,873.0,2026-02-18 00:09:03.591
1771391343640,873.0,2026-02-18 00:09:03.640
1771391343689,873.0,2026-02-18 00:09:03.689
1771391343738,873.0,2026-02-18 00:09:03.738
1771391343792,872.0,2026-02-18 00:09:03.792
1771391343841,872.0,2026-02-18 00:09:03.841
1771391343890,872.0,2026-02-18 00:09:03.890
1771391343943,871.0,2026-02-18 00:09:03.943
1771391343992,871.0,2026-02-18 00:09:03.992
1771391344041,870.0,2026-02-18 00:09:04.041
1771391344091,870.0,2026-02-18 00:09:04.091
1771391344144,869.0,2026-02-18 00:09:04.144
1771391344193,869.0,2026-02-18 00:09:04.193
1771391344242,868.0,2026-02-18 00:09:04.242
1771391344295,867.0,2026-02-18 00:09:04.295
1771391344345,867.0,2026-02-18 00:09:04.345
1771391344394,866.0,2026-02-18 00:09:04.394
1771391344443,866.0,2026-02-18 00:09:04.443
1771391344496,865.0,2026-02-18 00:09:04.496
1771391344545,865.0,2026-02-18 00:09:04.545
1771391344594,865.0,2026-02-18 00:09:04.594
1771391344644,865.0,2026-02-18 00:09:04.644
1771391344697,865.0,2026-02-18 00:09:04.697
1771391344746,865.0,2026-02-18 00:09:04.746
1771391344795,865.0,2026-02-18 00:09:04.795
1771391344848,864.0,2026-02-18 00:09:04.848
1771391344898,864.0,2026-02-18 00:09:04.898
1771391344947,864.0,2026-02-18 00:09:04.947
1771391344996,864.0,2026-02-18 00:09:04.996
1771391345049,864.0,2026-02-18 00:09:05.049
1771391345101,864.0,2026-02-18 00:09:05.101
1771391345147,864.0,2026-02-18 00:09:05.147
1771391345201,864.0,2026-02-18 00:09:05.201
1771391345250,864.0,2026-02-18 00:09:05.250
1771391345299,864.0,2026-02-18 00:09:05.299
1771391345348,864.0,2026-02-18 00:09:05.348
1771391345401,863.0,2026-02-18 00:09:05.401
1771391345450,864.0,2026-02-18 00:09:05.450
1771391345500,864.0,2026-02-18 00:09:05.500
1771391345553,863.0,2026-02-18 00:09:05.553
1771391345602,863.0,2026-02-18 00:09:05.602
1771391345651,863.0,2026-02-18 00:09:05.651
1771391345700,863.0,2026-02-18 00:09:05.700
1771391345753,864.0,2026-02-18 00:09:05.753
1771391345803,864.0,2026-02-18 00:09:05.803
1771391345852,864.0,2026-02-18 00:09:05.852
1771391345901,864.0,2026-02-18 00:09:05.901
1771391345954,865.0,2026-02-18 00:09:05.954
1771391346004,865.0,2026-02-18 00:09:06.004
1771391346053,865.0,2026-02-18 00:09:06.053
1771391346106,865.0,2026-02-18 00:09:06.106
1771391346155,865.0,2026-02-18 00:09:06.155
1771391346204,865.0,2026-02-18 00:09:06.204
1771391346253,865.0,2026-02-18 00:09:06.253
1771391346307,865.0,2026-02-18 00:09:06.307
1771391346356,865.0,2026-02-18 00:09:06.356
1771391346405,865.0,2026-02-18 00:09:06.405
1771391346458,864.0,2026-02-18 00:09:06.458
1771391346507,864.0,2026-02-18 00:09:06.507
1771391346556,864.0,2026-02-18 00:09:06.556
1771391346606,863.0,2026-02-18 00:09:06.606
1771391346659,863.0,2026-02-18 00:09:06.659
1771391346708,863.0,2026-02-18 00:09:06.708
1771391346757,862.0,2026-02-18 00:09:06.757
1771391346810,862.0,2026-02-18 00:09:06.810
1771391346859,861.0,2026-02-18 00:09:06.859
1771391346909,860.0,2026-02-18 00:09:06.909
1771391346958,860.0,2026-02-18 00:09:06.958
1771391347011,859.0,2026-02-18 00:09:07.011
1771391347060,859.0,2026-02-18 00:09:07.060
1771391347109,859.0,2026-02-18 00:09:07.109
1771391347158,858.0,2026-02-18 00:09:07.158
1771391347212,858.0,2026-02-18 00:09:07.212
1771391347261,858.0,2026-02-18 00:09:07.261
1771391347310,858.0,2026-02-18 00:09:07.310
1771391347363,858.0,2026-02-18 00:09:07.363
1771391347412,858.0,2026-02-18 00:09:07.412
1771391347461,858.0,2026-02-18 00:09:07.461
1771391347511,858.0,2026-02-18 00:09:07.511
1771391347564,858.0,2026-02-18 00:09:07.564
1771391347613,858.0,2026-02-18 00:09:07.613
1771391347662,858.0,2026-02-18 00:09:07.662
1771391347715,858.0,2026-02-18 00:09:07.715
1771391347765,858.0,2026-02-18 00:09:07.765
1771391347814,858.0,2026-02-18 00:09:07.814
1771391347863,858.0,2026-02-18 00:09:07.863
1771391347916,858.0,2026-02-18 00:09:07.916
1771391347965,858.0,2026-02-18 00:09:07.965
1771391348014,858.0,2026-02-18 00:09:08.014
1771391348068,858.0,2026-02-18 00:09:08.068
1771391348117,858.0,2026-02-18 00:09:08.117
1771391348166,858.0,2026-02-18 00:09:08.166
1771391348215,858.0,2026-02-18 00:09:08.215
1771391348268,858.0,2026-02-18 00:09:08.268
1771391348317,858.0,2026-02-18 00:09:08.317
1771391348367,858.0,2026-02-18 00:09:08.367
1771391348416,859.0,2026-02-18 00:09:08.416
1771391348469,859.0,2026-02-18 00:09:08.469
1771391348518,860.0,2026-02-18 00:09:08.518
1771391348567,860.0,2026-02-18 00:09:08.567
1771391348621,860.0,2026-02-18 00:09:08.621
1771391348670,861.0,2026-02-18 00:09:08.670
1771391348719,861.0,2026-02-18 00:09:08.719
1771391348768,861.0,2026-02-18 00:09:08.768
1771391348821,861.0,2026-02-18 00:09:08.821
1771391348871,861.0,2026-02-18 00:09:08.871
1771391348920,861.0,2026-02-18 00:09:08.920
1771391348973,861.0,2026-02-18 00:09:08.973
1771391349022,861.0,2026-02-18 00:09:09.022
1771391349071,860.0,2026-02-18 00:09:09.071
1771391349120,860.0,2026-02-18 00:09:09.120
1771391349174,860.0,2026-02-18 00:09:09.174
1771391349223,860.0,2026-02-18 00:09:09.223
1771391349272,859.0,2026-02-18 00:09:09.272
1771391349325,859.0,2026-02-18 00:09:09.325
1771391349374,858.0,2026-02-18 00:09:09.374
1771391349424,858.0,2026-02-18 00:09:09.424
1771391349473,858.0,2026-02-18 00:09:09.473
1771391349526,857.0,2026-02-18 00:09:09.526
1771391349575,857.0,2026-02-18 00:09:09.575
1771391349624,857.0,2026-02-18 00:09:09.624
1771391349677,856.0,2026-02-18 00:09:09.677
1771391349726,856.0,2026-02-18 00:09:09.726
1771391349776,856.0,2026-02-18 00:09:09.776
1771391349825,856.0,2026-02-18 00:09:09.825
1771391349878,856.0,2026-02-18 00:09:09.878
1771391349927,856.0,2026-02-18 00:09:09.927
1771391349976,857.0,2026-02-18 00:09:09.976
1771391350025,857.0,2026-02-18 00:09:10.025
1771391350079,857.0,2026-02-18 00:09:10.079
1771391350128,857.0,2026-02-18 00:09:10.128
1771391350177,857.0,2026-02-18 00:09:10.177
1771391350230,857.0,2026-02-18 00:09:10.230
1771391350279,857.0,2026-02-18 00:09:10.279
1771391350328,857.0,2026-02-18 00:09:10.328
1771391350378,857.0,2026-02-18 00:09:10.378
1771391350431,857.0,2026-02-18 00:09:10.431
1771391350480,857.0,2026-02-18 00:09:10.480
1771391350529,857.0,2026-02-18 00:09:10.529
1771391350582,857.0,2026-02-18 00:09:10.582
1771391350632,857.0,2026-02-18 00:09:10.632
1771391350681,857.0,2026-02-18 00:09:10.681
1771391350730,858.0,2026-02-18 00:09:10.730
1771391350783,858.0,2026-02-18 00:09:10.783
1771391350832,858.0,2026-02-18 00:09:10.832
1771391350882,858.0,2026-02-18 00:09:10.882
1771391350935,858.0,2026-02-18 00:09:10.935
1771391350984,858.0,2026-02-18 00:09:10.984
1771391351033,858.0,2026-02-18 00:09:11.033
1771391351082,859.0,2026-02-18 00:09:11.082
1771391351135,859.0,2026-02-18 00:09:11.135
1771391351185,860.0,2026-02-18 00:09:11.185
1771391351234,860.0,2026-02-18 00:09:11.234
1771391351283,860.0,2026-02-18 00:09:11.283
1771391351336,861.0,2026-02-18 00:09:11.336
1771391351385,861.0,2026-02-18 00:09:11.385
1771391351434,860.0,2026-02-18 00:09:11.434
1771391351488,860.0,2026-02-18 00:09:11.488
1771391351537,860.0,2026-02-18 00:09:11.537
1771391351586,860.0,2026-02-18 00:09:11.586
1771391351635,860.0,2026-02-18 00:09:11.635
1771391351689,860.0,2026-02-18 00:09:11.689
1771391351738,860.0,2026-02-18 00:09:11.738
1771391351787,859.0,2026-02-18 00:09:11.787
1771391351840,859.0,2026-02-18 00:09:11.840
1771391351891,858.0,2026-02-18 00:09:11.891
1771391351940,858.0,2026-02-18 00:09:11.940
1771391351988,858.0,2026-02-18 00:09:11.988
1771391352041,857.0,2026-02-18 00:09:12.041
1771391352090,857.0,2026-02-18 00:09:12.090
1771391352139,856.0,2026-02-18 00:09:12.139
1771391352193,856.0,2026-02-18 00:09:12.193
1771391352241,855.0,2026-02-18 00:09:12.241
1771391352291,855.0,2026-02-18 00:09:12.291
1771391352344,855.0,2026-02-18 00:09:12.344
1771391352393,854.0,2026-02-18 00:09:12.393
1771391352442,854.0,2026-02-18 00:09:12.442
1771391352492,854.0,2026-02-18 00:09:12.492
1771391352540,854.0,2026-02-18 00:09:12.540
1771391352594,854.0,2026-02-18 00:09:12.594
1771391352643,854.0,2026-02-18 00:09:12.643
1771391352692,854.0,2026-02-18 00:09:12.692
1771391352745,854.0,2026-02-18 00:09:12.745
1771391352794,854.0,2026-02-18 00:09:12.794
1771391352843,854.0,2026-02-18 00:09:12.843
1771391352893,854.0,2026-02-18 00:09:12.893
1771391352946,854.0,2026-02-18 00:09:12.946
1771391352995,854.0,2026-02-18 00:09:12.995
1771391353044,854.0,2026-02-18 00:09:13.044
1771391353097,854.0,2026-02-18 00:09:13.097
1771391353147,854.0,2026-02-18 00:09:13.147
1771391353196,854.0,2026-02-18 00:09:13.196
1771391353245,854.0,2026-02-18 00:09:13.245
1771391353298,854.0,2026-02-18 00:09:13.298
1771391353347,854.0,2026-02-18 00:09:13.347
1771391353396,854.0,2026-02-18 00:09:13.396
1771391353450,854.0,2026-02-18 00:09:13.450
1771391353499,854.0,2026-02-18 00:09:13.499
1771391353548,855.0,2026-02-18 00:09:13.548
1771391353597,855.0,2026-02-18 00:09:13.597
1771391353652,855.0,2026-02-18 00:09:13.652
1771391353699,856.0,2026-02-18 00:09:13.699
1771391353748,856.0,2026-02-18 00:09:13.748
1771391353798,857.0,2026-02-18 00:09:13.798
1771391353851,857.0,2026-02-18 00:09:13.851
1771391353900,857.0,2026-02-18 00:09:13.900
1771391353949,857.0,2026-02-18 00:09:13.949
1771391354002,857.0,2026-02-18 00:09:14.002
1771391354052,857.0,2026-02-18 00:09:14.052
1771391354101,857.0,2026-02-18 00:09:14.101
1771391354150,857.0,2026-02-18 00:09:14.150
1771391354203,857.0,2026-02-18 00:09:14.203
1771391354252,857.0,2026-02-18 00:09:14.252
1771391354301,857.0,2026-02-18 00:09:14.301
1771391354355,857.0,2026-02-18 00:09:14.355
1771391354404,856.0,2026-02-18 00:09:14.404
1771391354453,856.0,2026-02-18 00:09:14.453
1771391354502,856.0,2026-02-18 00:09:14.502
1771391354555,855.0,2026-02-18 00:09:14.555
1771391354605,855.0,2026-02-18 00:09:14.605
1771391354654,854.0,2026-02-18 00:09:14.654
1771391354707,854.0,2026-02-18 00:09:14.707
1771391354756,854.0,2026-02-18 00:09:14.756
1771391354805,853.0,2026-02-18 00:09:14.805
1771391354855,852.0,2026-02-18 00:09:14.855
1771391354908,852.0,2026-02-18 00:09:14.908
1771391354957,852.0,2026-02-18 00:09:14.957
1771391355006,852.0,2026-02-18 00:09:15.006
1771391355055,852.0,2026-02-18 00:09:15.055
1771391355108,852.0,2026-02-18 00:09:15.108
1771391355158,852.0,2026-02-18 00:09:15.158
1771391355207,852.0,2026-02-18 00:09:15.207
1771391355260,852.0,2026-02-18 00:09:15.260
1771391355309,852.0,2026-02-18 00:09:15.309
1771391355358,852.0,2026-02-18 00:09:15.358
1771391355407,852.0,2026-02-18 00:09:15.407
1771391355461,852.0,2026-02-18 00:09:15.461
1771391355510,852.0,2026-02-18 00:09:15.510
1771391355559,852.0,2026-02-18 00:09:15.559
1771391355612,852.0,2026-02-18 00:09:15.612
1771391355661,852.0,2026-02-18 00:09:15.661
1771391355711,852.0,2026-02-18 00:09:15.711
1771391355760,853.0,2026-02-18 00:09:15.760
1771391355813,853.0,2026-02-18 00:09:15.813
1771391355862,853.0,2026-02-18 00:09:15.862
1771391355911,853.0,2026-02-18 00:09:15.911
1771391355964,853.0,2026-02-18 00:09:15.964
1771391356014,853.0,2026-02-18 00:09:16.014
1771391356063,853.0,2026-02-18 00:09:16.063
1771391356112,853.0,2026-02-18 00:09:16.112
1771391356165,854.0,2026-02-18 00:09:16.165
1771391356214,854.0,2026-02-18 00:09:16.214
1771391356263,854.0,2026-02-18 00:09:16.263
1771391356313,855.0,2026-02-18 00:09:16.313
1771391356366,855.0,2026-02-18 00:09:16.366
1771391356415,856.0,2026-02-18 00:09:16.415
1771391356464,856.0,2026-02-18 00:09:16.464
1771391356517,857.0,2026-02-18 00:09:16.517
1771391356567,857.0,2026-02-18 00:09:16.567
1771391356616,857.0,2026-02-18 00:09:16.616
1771391356665,857.0,2026-02-18 00:09:16.665
1771391356718,857.0,2026-02-18 00:09:16.718
1771391356767,857.0,2026-02-18 00:09:16.767
1771391356816,857.0,2026-02-18 00:09:16.816
1771391356870,857.0,2026-02-18 00:09:16.870
1771391356919,857.0,2026-02-18 00:09:16.919
1771391356968,858.0,2026-02-18 00:09:16.968
1771391357017,857.0,2026-02-18 00:09:17.017
1771391357071,857.0,2026-02-18 00:09:17.071
1771391357119,857.0,2026-02-18 00:09:17.119
1771391357169,857.0,2026-02-18 00:09:17.169
1771391357222,857.0,2026-02-18 00:09:17.222
1771391357271,856.0,2026-02-18 00:09:17.271
1771391357320,856.0,2026-02-18 00:09:17.320
1771391357369,856.0,2026-02-18 00:09:17.369
1771391357422,856.0,2026-02-18 00:09:17.422
1771391357472,855.0,2026-02-18 00:09:17.472
1771391357521,855.0,2026-02-18 00:09:17.521
1771391357574,855.0,2026-02-18 00:09:17.574
1771391357623,855.0,2026-02-18 00:09:17.623
1771391357672,855.0,2026-02-18 00:09:17.672
1771391357722,855.0,2026-02-18 00:09:17.722
1771391357775,856.0,2026-02-18 00:09:17.775
1771391357824,856.0,2026-02-18 00:09:17.824
1771391357873,856.0,2026-02-18 00:09:17.873
1771391357922,856.0,2026-02-18 00:09:17.922
1771391357976,856.0,2026-02-18 00:09:17.976
1771391358025,856.0,2026-02-18 00:09:18.025
1771391358074,856.0,2026-02-18 00:09:18.074
1771391358127,856.0,2026-02-18 00:09:18.127
1771391358176,857.0,2026-02-18 00:09:18.176
1771391358226,857.0,2026-02-18 00:09:18.226
1771391358275,857.0,2026-02-18 00:09:18.275
1771391358328,857.0,2026-02-18 00:09:18.328
1771391358377,857.0,2026-02-18 00:09:18.377
1771391358430,857.0,2026-02-18 00:09:18.430
1771391358479,857.0,2026-02-18 00:09:18.479
1771391358528,857.0,2026-02-18 00:09:18.528
1771391358577,857.0,2026-02-18 00:09:18.577
1771391358627,858.0,2026-02-18 00:09:18.627
1771391358680,858.0,2026-02-18 00:09:18.680
1771391358729,858.0,2026-02-18 00:09:18.729
1771391358778,858.0,2026-02-18 00:09:18.778
1771391358832,859.0,2026-02-18 00:09:18.832
1771391358881,859.0,2026-02-18 00:09:18.881
1771391358930,859.0,2026-02-18 00:09:18.930
1771391358979,860.0,2026-02-18 00:09:18.979
1771391359032,860.0,2026-02-18 00:09:19.032
1771391359081,861.0,2026-02-18 00:09:19.081
1771391359130,861.0,2026-02-18 00:09:19.130
1771391359180,861.0,2026-02-18 00:09:19.180
1771391359233,861.0,2026-02-18 00:09:19.233
1771391359282,861.0,2026-02-18 00:09:19.282
1771391359331,862.0,2026-02-18 00:09:19.331
1771391359384,861.0,2026-02-18 00:09:19.384
1771391359434,861.0,2026-02-18 00:09:19.434
1771391359483,861.0,2026-02-18 00:09:19.483
1771391359532,861.0,2026-02-18 00:09:19.532
1771391359585,861.0,2026-02-18 00:09:19.585
1771391359634,861.0,2026-02-18 00:09:19.634
1771391359684,860.0,2026-02-18 00:09:19.684
1771391359737,860.0,2026-02-18 00:09:19.737
1771391359786,860.0,2026-02-18 00:09:19.786
1771391359835,860.0,2026-02-18 00:09:19.835
1771391359884,859.0,2026-02-18 00:09:19.884
1771391359937,859.0,2026-02-18 00:09:19.937
1771391359987,858.0,2026-02-18 00:09:19.987
1771391360036,858.0,2026-02-18 00:09:20.036
1771391360089,858.0,2026-02-18 00:09:20.089
1771391360138,858.0,2026-02-18 00:09:20.138
1771391360187,858.0,2026-02-18 00:09:20.187
1771391360236,858.0,2026-02-18 00:09:20.236
1771391360290,859.0,2026-02-18 00:09:20.290
1771391360339,859.0,2026-02-18 00:09:20.339
1771391360388,859.0,2026-02-18 00:09:20.388
1771391360437,860.0,2026-02-18 00:09:20.437
1771391360490,860.0,2026-02-18 00:09:20.490
1771391360540,861.0,2026-02-18 00:09:20.540
1771391360589,861.0,2026-02-18 00:09:20.589
1771391360642,861.0,2026-02-18 00:09:20.642
1771391360691,862.0,2026-02-18 00:09:20.691
1771391360740,862.0,2026-02-18 00:09:20.740
1771391360789,863.0,2026-02-18 00:09:20.789
1771391360842,863.0,2026-02-18 00:09:20.842
1771391360892,864.0,2026-02-18 00:09:20.892
1771391360941,864.0,2026-02-18 00:09:20.941
1771391360994,864.0,2026-02-18 00:09:20.994
1771391361043,865.0,2026-02-18 00:09:21.043
1771391361092,865.0,2026-02-18 00:09:21.092
1771391361142,865.0,2026-02-18 00:09:21.142
1771391361195,866.0,2026-02-18 00:09:21.195
1771391361244,866.0,2026-02-18 00:09:21.244
1771391361293,866.0,2026-02-18 00:09:21.293
1771391361350,867.0,2026-02-18 00:09:21.350
1771391361395,867.0,2026-02-18 00:09:21.395
1771391361445,868.0,2026-02-18 00:09:21.445
1771391361494,868.0,2026-02-18 00:09:21.494
1771391361547,869.0,2026-02-18 00:09:21.547
1771391361596,870.0,2026-02-18 00:09:21.596
1771391361645,870.0,2026-02-18 00:09:21.645
1771391361694,871.0,2026-02-18 00:09:21.694
1771391361748,871.0,2026-02-18 00:09:21.748
1771391361797,872.0,2026-02-18 00:09:21.797
1771391361846,872.0,2026-02-18 00:09:21.846
1771391361899,872.0,2026-02-18 00:09:21.899
1771391361948,873.0,2026-02-18 00:09:21.948
1771391361998,873.0,2026-02-18 00:09:21.998
1771391362047,873.0,2026-02-18 00:09:22.047
1771391362100,873.0,2026-02-18 00:09:22.100
1771391362149,874.0,2026-02-18 00:09:22.149
1771391362198,874.0,2026-02-18 00:09:22.198
1771391362252,874.0,2026-02-18 00:09:22.252
1771391362301,873.0,2026-02-18 00:09:22.301
1771391362350,873.0,2026-02-18 00:09:22.350
1771391362399,873.0,2026-02-18 00:09:22.399
1771391362452,873.0,2026-02-18 00:09:22.452
1771391362501,873.0,2026-02-18 00:09:22.501
1771391362551,873.0,2026-02-18 00:09:22.551
1771391362604,872.0,2026-02-18 00:09:22.604
1771391362653,872.0,2026-02-18 00:09:22.653
1771391362702,872.0,2026-02-18 00:09:22.702
1771391362751,872.0,2026-02-18 00:09:22.751
1771391362805,872.0,2026-02-18 00:09:22.805
1771391362854,872.0,2026-02-18 00:09:22.854
1771391362903,872.0,2026-02-18 00:09:22.903
1771391362952,872.0,2026-02-18 00:09:22.952
1771391363006,872.0,2026-02-18 00:09:23.006
1771391363054,872.0,2026-02-18 00:09:23.054
1771391363104,872.0,2026-02-18 00:09:23.104
1771391363157,872.0,2026-02-18 00:09:23.157
1771391363206,872.0,2026-02-18 00:09:23.206
1771391363255,872.0,2026-02-18 00:09:23.255
1771391363305,872.0,2026-02-18 00:09:23.305
1771391363357,872.0,2026-02-18 00:09:23.357
1771391363407,872.0,2026-02-18 00:09:23.407
1771391363456,872.0,2026-02-18 00:09:23.456
1771391363509,872.0,2026-02-18 00:09:23.509
1771391363558,872.0,2026-02-18 00:09:23.558
1771391363607,872.0,2026-02-18 00:09:23.607
1771391363657,872.0,2026-02-18 00:09:23.657
1771391363710,872.0,2026-02-18 00:09:23.710
1771391363759,872.0,2026-02-18 00:09:23.759
1771391363808,872.0,2026-02-18 00:09:23.808
1771391363861,872.0,2026-02-18 00:09:23.861
1771391363910,872.0,2026-02-18 00:09:23.910
1771391363960,872.0,2026-02-18 00:09:23.960
1771391364009,872.0,2026-02-18 00:09:24.009
1771391364062,872.0,2026-02-18 00:09:24.062
1771391364111,872.0,2026-02-18 00:09:24.111
1771391364160,873.0,2026-02-18 00:09:24.160
1771391364209,873.0,2026-02-18 00:09:24.209
1771391364263,873.0,2026-02-18 00:09:24.263
1771391364312,873.0,2026-02-18 00:09:24.312
1771391364361,873.0,2026-02-18 00:09:24.361
1771391364414,873.0,2026-02-18 00:09:24.414
1771391364463,873.0,2026-02-18 00:09:24.463
1771391364512,872.0,2026-02-18 00:09:24.512
1771391364562,872.0,2026-02-18 00:09:24.562
1771391364615,872.0,2026-02-18 00:09:24.615
1771391364664,871.0,2026-02-18 00:09:24.664
1771391364713,871.0,2026-02-18 00:09:24.713
1771391364766,871.0,2026-02-18 00:09:24.766
1771391364816,870.0,2026-02-18 00:09:24.816
1771391364865,869.0,2026-02-18 00:09:24.865
1771391364914,869.0,2026-02-18 00:09:24.914
1771391364967,868.0,2026-02-18 00:09:24.967
1771391365016,868.0,2026-02-18 00:09:25.016
1771391365065,867.0,2026-02-18 00:09:25.065
1771391365119,866.0,2026-02-18 00:09:25.119
1771391365168,865.0,2026-02-18 00:09:25.168
1771391365217,865.0,2026-02-18 00:09:25.217
1771391365266,864.0,2026-02-18 00:09:25.266
1771391365319,864.0,2026-02-18 00:09:25.319
1771391365369,864.0,2026-02-18 00:09:25.369
1771391365418,864.0,2026-02-18 00:09:25.418
1771391365471,863.0,2026-02-18 00:09:25.471
1771391365520,863.0,2026-02-18 00:09:25.520
1771391365569,863.0,2026-02-18 00:09:25.569
1771391365618,863.0,2026-02-18 00:09:25.618
1771391365672,863.0,2026-02-18 00:09:25.672
1771391365721,863.0,2026-02-18 00:09:25.721
1771391365770,862.0,2026-02-18 00:09:25.770
1771391365819,862.0,2026-02-18 00:09:25.819
1771391365873,862.0,2026-02-18 00:09:25.873
1771391365922,862.0,2026-02-18 00:09:25.922
1771391365971,862.0,2026-02-18 00:09:25.971
1771391366024,862.0,2026-02-18 00:09:26.024
1771391366073,862.0,2026-02-18 00:09:26.073
1771391366122,862.0,2026-02-18 00:09:26.122
1771391366172,862.0,2026-02-18 00:09:26.172
1771391366225,862.0,2026-02-18 00:09:26.225
1771391366274,862.0,2026-02-18 00:09:26.274
1771391366323,862.0,2026-02-18 00:09:26.323
1771391366376,862.0,2026-02-18 00:09:26.376
1771391366425,862.0,2026-02-18 00:09:26.425
1771391366474,862.0,2026-02-18 00:09:26.474
1771391366524,862.0,2026-02-18 00:09:26.524
1771391366577,862.0,2026-02-18 00:09:26.577
1771391366626,863.0,2026-02-18 00:09:26.626
1771391366675,863.0,2026-02-18 00:09:26.675
1771391366728,863.0,2026-02-18 00:09:26.728
1771391366778,864.0,2026-02-18 00:09:26.778
1771391366827,864.0,2026-02-18 00:09:26.827
1771391366876,864.0,2026-02-18 00:09:26.876
1771391366929,864.0,2026-02-18 00:09:26.929
1771391366978,864.0,2026-02-18 00:09:26.978
1771391367027,865.0,2026-02-18 00:09:27.027
1771391367077,864.0,2026-02-18 00:09:27.077
1771391367130,865.0,2026-02-18 00:09:27.130
1771391367179,865.0,2026-02-18 00:09:27.179
1771391367228,865.0,2026-02-18 00:09:27.228
1771391367281,865.0,2026-02-18 00:09:27.281
1771391367330,865.0,2026-02-18 00:09:27.330
1771391367380,865.0,2026-02-18 00:09:27.380
1771391367429,865.0,2026-02-18 00:09:27.429
1771391367482,865.0,2026-02-18 00:09:27.482
1771391367531,865.0,2026-02-18 00:09:27.531
1771391367580,865.0,2026-02-18 00:09:27.580
1771391367634,865.0,2026-02-18 00:09:27.634
1771391367683,865.0,2026-02-18 00:09:27.683
1771391367732,865.0,2026-02-18 00:09:27.732
1771391367781,864.0,2026-02-18 00:09:27.781
1771391367834,864.0,2026-02-18 00:09:27.834
1771391367883,864.0,2026-02-18 00:09:27.883
1771391367933,865.0,2026-02-18 00:09:27.933
1771391367986,865.0,2026-02-18 00:09:27.986
1771391368035,866.0,2026-02-18 00:09:28.035
